image_id,image_path,filename,class_name,class_id,width,height,channels,file_format,file_size
Image_1025,test/Image_1025.jpg,Image_1025.jpg,UNKNOWN_TEST,-1,224,224,3,JPEG,30599
Image_994,test/Image_994.jpg,Image_994.jpg,UNKNOWN_TEST,-1,224,224,3,JPEG,29480
Image_142,test/Image_142.jpg,Image_142.jpg,UNKNOWN_TEST,-1,224,224,3,JPEG,25196
Image_1374,test/Image_1374.jpg,Image_1374.jpg,UNKNOWN_TEST,-1,224,224,3,JPEG,29725
Image_2481,test/Image_2481.jpg,Image_2481.jpg,UNKNOWN_TEST,-1,224,224,3,JPEG,21941
Image_1316,test/Image_1316.jpg,Image_1316.jpg,UNKNOWN_TEST,-1,224,224,3,JPEG,34656
Image_161,test/Image_161.jpg,Image_161.jpg,UNKNOWN_TEST,-1,224,224,3,JPEG,25751
Image_1282,test/Image_1282.jpg,Image_1282.jpg,UNKNOWN_TEST,-1,224,224,3,JPEG,23664
Image_424,test/Image_424.jpg,Image_424.jpg,UNKNOWN_TEST,-1,224,224,3,JPEG,27191
Image_1555,test/Image_1555.jpg,Image_1555.jpg,UNKNOWN_TEST,-1,224,224,3,JPEG,18774
Image_2438,test/Image_2438.jpg,Image_2438.jpg,UNKNOWN_TEST,-1,224,224,3,JPEG,32606
Image_2531,test/Image_2531.jpg,Image_2531.jpg,UNKNOWN_TEST,-1,224,224,3,JPEG,21108
Image_722,test/Image_722.jpg,Image_722.jpg,UNKNOWN_TEST,-1,224,224,3,JPEG,33108
Image_668,test/Image_668.jpg,Image_668.jpg,UNKNOWN_TEST,-1,224,224,3,JPEG,28803
Image_2339,test/Image_2339.jpg,Image_2339.jpg,UNKNOWN_TEST,-1,224,224,3,JPEG,23768
Image_306,test/Image_306.jpg,Image_306.jpg,UNKNOWN_TEST,-1,224,224,3,JPEG,26493
Image_354,test/Image_354.jpg,Image_354.jpg,UNKNOWN_TEST,-1,224,224,3,JPEG,28813
Image_1357,test/Image_1357.jpg,Image_1357.jpg,UNKNOWN_TEST,-1,224,224,3,JPEG,17075
Image_1897,test/Image_1897.jpg,Image_1897.jpg,UNKNOWN_TEST,-1,224,224,3,JPEG,25905
Image_1284,test/Image_1284.jpg,Image_1284.jpg,UNKNOWN_TEST,-1,224,224,3,JPEG,12403
Image_1042,test/Image_1042.jpg,Image_1042.jpg,UNKNOWN_TEST,-1,224,224,3,JPEG,13456
Image_1208,test/Image_1208.jpg,Image_1208.jpg,UNKNOWN_TEST,-1,224,224,3,JPEG,19636
Image_866,test/Image_866.jpg,Image_866.jpg,UNKNOWN_TEST,-1,224,224,3,JPEG,21948
Image_2757,test/Image_2757.jpg,Image_2757.jpg,UNKNOWN_TEST,-1,224,224,3,JPEG,19761
Image_1002,test/Image_1002.jpg,Image_1002.jpg,UNKNOWN_TEST,-1,224,224,3,JPEG,23948
Image_169,test/Image_169.jpg,Image_169.jpg,UNKNOWN_TEST,-1,224,224,3,JPEG,21895
Image_856,test/Image_856.jpg,Image_856.jpg,UNKNOWN_TEST,-1,224,224,3,JPEG,29983
Image_795,test/Image_795.jpg,Image_795.jpg,UNKNOWN_TEST,-1,224,224,3,JPEG,20835
Image_2624,test/Image_2624.jpg,Image_2624.jpg,UNKNOWN_TEST,-1,224,224,3,JPEG,19525
Image_2619,test/Image_2619.jpg,Image_2619.jpg,UNKNOWN_TEST,-1,224,224,3,JPEG,32822
Image_2419,test/Image_2419.jpg,Image_2419.jpg,UNKNOWN_TEST,-1,224,224,3,JPEG,29848
Image_1061,test/Image_1061.jpg,Image_1061.jpg,UNKNOWN_TEST,-1,224,224,3,JPEG,31081
Image_1765,test/Image_1765.jpg,Image_1765.jpg,UNKNOWN_TEST,-1,224,224,3,JPEG,29018
Image_1837,test/Image_1837.jpg,Image_1837.jpg,UNKNOWN_TEST,-1,224,224,3,JPEG,19296
Image_958,test/Image_958.jpg,Image_958.jpg,UNKNOWN_TEST,-1,224,224,3,JPEG,29729
Image_2496,test/Image_2496.jpg,Image_2496.jpg,UNKNOWN_TEST,-1,224,224,3,JPEG,24988
Image_2197,test/Image_2197.jpg,Image_2197.jpg,UNKNOWN_TEST,-1,224,224,3,JPEG,28847
Image_1138,test/Image_1138.jpg,Image_1138.jpg,UNKNOWN_TEST,-1,224,224,3,JPEG,32023
Image_1510,test/Image_1510.jpg,Image_1510.jpg,UNKNOWN_TEST,-1,224,224,3,JPEG,32533
Image_1186,test/Image_1186.jpg,Image_1186.jpg,UNKNOWN_TEST,-1,224,224,3,JPEG,23854
Image_2378,test/Image_2378.jpg,Image_2378.jpg,UNKNOWN_TEST,-1,224,224,3,JPEG,18551
Image_821,test/Image_821.jpg,Image_821.jpg,UNKNOWN_TEST,-1,224,224,3,JPEG,18829
Image_1854,test/Image_1854.jpg,Image_1854.jpg,UNKNOWN_TEST,-1,224,224,3,JPEG,29395
Image_2391,test/Image_2391.jpg,Image_2391.jpg,UNKNOWN_TEST,-1,224,224,3,JPEG,27139
Image_1499,test/Image_1499.jpg,Image_1499.jpg,UNKNOWN_TEST,-1,224,224,3,JPEG,20380
Image_312,test/Image_312.jpg,Image_312.jpg,UNKNOWN_TEST,-1,224,224,3,JPEG,24286
Image_1467,test/Image_1467.jpg,Image_1467.jpg,UNKNOWN_TEST,-1,224,224,3,JPEG,20444
Image_985,test/Image_985.jpg,Image_985.jpg,UNKNOWN_TEST,-1,224,224,3,JPEG,28835
Image_1536,test/Image_1536.jpg,Image_1536.jpg,UNKNOWN_TEST,-1,224,224,3,JPEG,23849
Image_322,test/Image_322.jpg,Image_322.jpg,UNKNOWN_TEST,-1,224,224,3,JPEG,19496
Image_2043,test/Image_2043.jpg,Image_2043.jpg,UNKNOWN_TEST,-1,224,224,3,JPEG,36843
Image_776,test/Image_776.jpg,Image_776.jpg,UNKNOWN_TEST,-1,224,224,3,JPEG,27158
Image_417,test/Image_417.jpg,Image_417.jpg,UNKNOWN_TEST,-1,224,224,3,JPEG,21314
Image_2404,test/Image_2404.jpg,Image_2404.jpg,UNKNOWN_TEST,-1,224,224,3,JPEG,26408
Image_1639,test/Image_1639.jpg,Image_1639.jpg,UNKNOWN_TEST,-1,224,224,3,JPEG,16571
Image_2063,test/Image_2063.jpg,Image_2063.jpg,UNKNOWN_TEST,-1,224,224,3,JPEG,32319
Image_1635,test/Image_1635.jpg,Image_1635.jpg,UNKNOWN_TEST,-1,224,224,3,JPEG,36455
Image_136,test/Image_136.jpg,Image_136.jpg,UNKNOWN_TEST,-1,224,224,3,JPEG,26644
Image_1302,test/Image_1302.jpg,Image_1302.jpg,UNKNOWN_TEST,-1,224,224,3,JPEG,27577
Image_2558,test/Image_2558.jpg,Image_2558.jpg,UNKNOWN_TEST,-1,224,224,3,JPEG,16420
Image_2726,test/Image_2726.jpg,Image_2726.jpg,UNKNOWN_TEST,-1,224,224,3,JPEG,21465
Image_2307,test/Image_2307.jpg,Image_2307.jpg,UNKNOWN_TEST,-1,224,224,3,JPEG,27290
Image_508,test/Image_508.jpg,Image_508.jpg,UNKNOWN_TEST,-1,224,224,3,JPEG,28833
Image_505,test/Image_505.jpg,Image_505.jpg,UNKNOWN_TEST,-1,224,224,3,JPEG,18576
Image_324,test/Image_324.jpg,Image_324.jpg,UNKNOWN_TEST,-1,224,224,3,JPEG,22061
Image_2263,test/Image_2263.jpg,Image_2263.jpg,UNKNOWN_TEST,-1,224,224,3,JPEG,28197
Image_2705,test/Image_2705.jpg,Image_2705.jpg,UNKNOWN_TEST,-1,224,224,3,JPEG,19635
Image_1534,test/Image_1534.jpg,Image_1534.jpg,UNKNOWN_TEST,-1,224,224,3,JPEG,17637
Image_861,test/Image_861.jpg,Image_861.jpg,UNKNOWN_TEST,-1,224,224,3,JPEG,30362
Image_336,test/Image_336.jpg,Image_336.jpg,UNKNOWN_TEST,-1,224,224,3,JPEG,28430
Image_2429,test/Image_2429.jpg,Image_2429.jpg,UNKNOWN_TEST,-1,224,224,3,JPEG,31535
Image_2780,test/Image_2780.jpg,Image_2780.jpg,UNKNOWN_TEST,-1,224,224,3,JPEG,24109
Image_2703,test/Image_2703.jpg,Image_2703.jpg,UNKNOWN_TEST,-1,224,224,3,JPEG,25447
Image_1431,test/Image_1431.jpg,Image_1431.jpg,UNKNOWN_TEST,-1,224,224,3,JPEG,30970
Image_1479,test/Image_1479.jpg,Image_1479.jpg,UNKNOWN_TEST,-1,224,224,3,JPEG,17845
Image_1285,test/Image_1285.jpg,Image_1285.jpg,UNKNOWN_TEST,-1,224,224,3,JPEG,22386
Image_158,test/Image_158.jpg,Image_158.jpg,UNKNOWN_TEST,-1,224,224,3,JPEG,20114
Image_251,test/Image_251.jpg,Image_251.jpg,UNKNOWN_TEST,-1,224,224,3,JPEG,33085
Image_1822,test/Image_1822.jpg,Image_1822.jpg,UNKNOWN_TEST,-1,224,224,3,JPEG,30138
Image_2752,test/Image_2752.jpg,Image_2752.jpg,UNKNOWN_TEST,-1,224,224,3,JPEG,30938
Image_944,test/Image_944.jpg,Image_944.jpg,UNKNOWN_TEST,-1,224,224,3,JPEG,25327
Image_1772,test/Image_1772.jpg,Image_1772.jpg,UNKNOWN_TEST,-1,224,224,3,JPEG,24597
Image_2673,test/Image_2673.jpg,Image_2673.jpg,UNKNOWN_TEST,-1,224,224,3,JPEG,41160
Image_663,test/Image_663.jpg,Image_663.jpg,UNKNOWN_TEST,-1,224,224,3,JPEG,22568
Image_335,test/Image_335.jpg,Image_335.jpg,UNKNOWN_TEST,-1,224,224,3,JPEG,21093
Image_1386,test/Image_1386.jpg,Image_1386.jpg,UNKNOWN_TEST,-1,224,224,3,JPEG,25735
Image_91,test/Image_91.jpg,Image_91.jpg,UNKNOWN_TEST,-1,224,224,3,JPEG,17291
Image_216,test/Image_216.jpg,Image_216.jpg,UNKNOWN_TEST,-1,224,224,3,JPEG,32889
Image_2120,test/Image_2120.jpg,Image_2120.jpg,UNKNOWN_TEST,-1,224,224,3,JPEG,25695
Image_280,test/Image_280.jpg,Image_280.jpg,UNKNOWN_TEST,-1,224,224,3,JPEG,25093
Image_2432,test/Image_2432.jpg,Image_2432.jpg,UNKNOWN_TEST,-1,224,224,3,JPEG,18927
Image_1986,test/Image_1986.jpg,Image_1986.jpg,UNKNOWN_TEST,-1,224,224,3,JPEG,28581
Image_138,test/Image_138.jpg,Image_138.jpg,UNKNOWN_TEST,-1,224,224,3,JPEG,30975
Image_2568,test/Image_2568.jpg,Image_2568.jpg,UNKNOWN_TEST,-1,224,224,3,JPEG,37731
Image_828,test/Image_828.jpg,Image_828.jpg,UNKNOWN_TEST,-1,224,224,3,JPEG,33319
Image_2450,test/Image_2450.jpg,Image_2450.jpg,UNKNOWN_TEST,-1,224,224,3,JPEG,25964
Image_1179,test/Image_1179.jpg,Image_1179.jpg,UNKNOWN_TEST,-1,224,224,3,JPEG,20075
Image_853,test/Image_853.jpg,Image_853.jpg,UNKNOWN_TEST,-1,224,224,3,JPEG,22117
Image_260,test/Image_260.jpg,Image_260.jpg,UNKNOWN_TEST,-1,224,224,3,JPEG,17664
Image_1232,test/Image_1232.jpg,Image_1232.jpg,UNKNOWN_TEST,-1,224,224,3,JPEG,24570
Image_2540,test/Image_2540.jpg,Image_2540.jpg,UNKNOWN_TEST,-1,224,224,3,JPEG,18754
Image_77,test/Image_77.jpg,Image_77.jpg,UNKNOWN_TEST,-1,224,224,3,JPEG,36297
Image_2507,test/Image_2507.jpg,Image_2507.jpg,UNKNOWN_TEST,-1,224,224,3,JPEG,20990
Image_1229,test/Image_1229.jpg,Image_1229.jpg,UNKNOWN_TEST,-1,224,224,3,JPEG,26438
Image_635,test/Image_635.jpg,Image_635.jpg,UNKNOWN_TEST,-1,224,224,3,JPEG,17363
Image_1755,test/Image_1755.jpg,Image_1755.jpg,UNKNOWN_TEST,-1,224,224,3,JPEG,25999
Image_924,test/Image_924.jpg,Image_924.jpg,UNKNOWN_TEST,-1,224,224,3,JPEG,23633
Image_709,test/Image_709.jpg,Image_709.jpg,UNKNOWN_TEST,-1,224,224,3,JPEG,23651
Image_573,test/Image_573.jpg,Image_573.jpg,UNKNOWN_TEST,-1,224,224,3,JPEG,23657
Image_2054,test/Image_2054.jpg,Image_2054.jpg,UNKNOWN_TEST,-1,224,224,3,JPEG,24616
Image_1668,test/Image_1668.jpg,Image_1668.jpg,UNKNOWN_TEST,-1,224,224,3,JPEG,23785
Image_1119,test/Image_1119.jpg,Image_1119.jpg,UNKNOWN_TEST,-1,224,224,3,JPEG,26038
Image_1931,test/Image_1931.jpg,Image_1931.jpg,UNKNOWN_TEST,-1,224,224,3,JPEG,27955
Image_1738,test/Image_1738.jpg,Image_1738.jpg,UNKNOWN_TEST,-1,224,224,3,JPEG,25516
Image_1739,test/Image_1739.jpg,Image_1739.jpg,UNKNOWN_TEST,-1,224,224,3,JPEG,20993
Image_2098,test/Image_2098.jpg,Image_2098.jpg,UNKNOWN_TEST,-1,224,224,3,JPEG,20268
Image_1810,test/Image_1810.jpg,Image_1810.jpg,UNKNOWN_TEST,-1,224,224,3,JPEG,25917
Image_526,test/Image_526.jpg,Image_526.jpg,UNKNOWN_TEST,-1,224,224,3,JPEG,31549
Image_904,test/Image_904.jpg,Image_904.jpg,UNKNOWN_TEST,-1,224,224,3,JPEG,30110
Image_2763,test/Image_2763.jpg,Image_2763.jpg,UNKNOWN_TEST,-1,224,224,3,JPEG,36509
Image_881,test/Image_881.jpg,Image_881.jpg,UNKNOWN_TEST,-1,224,224,3,JPEG,19820
Image_174,test/Image_174.jpg,Image_174.jpg,UNKNOWN_TEST,-1,224,224,3,JPEG,22904
Image_2521,test/Image_2521.jpg,Image_2521.jpg,UNKNOWN_TEST,-1,224,224,3,JPEG,18922
Image_2643,test/Image_2643.jpg,Image_2643.jpg,UNKNOWN_TEST,-1,224,224,3,JPEG,27712
Image_15,test/Image_15.jpg,Image_15.jpg,UNKNOWN_TEST,-1,224,224,3,JPEG,20405
Image_2389,test/Image_2389.jpg,Image_2389.jpg,UNKNOWN_TEST,-1,224,224,3,JPEG,28415
Image_2376,test/Image_2376.jpg,Image_2376.jpg,UNKNOWN_TEST,-1,224,224,3,JPEG,18590
Image_2693,test/Image_2693.jpg,Image_2693.jpg,UNKNOWN_TEST,-1,224,224,3,JPEG,19777
Image_2395,test/Image_2395.jpg,Image_2395.jpg,UNKNOWN_TEST,-1,224,224,3,JPEG,26585
Image_1890,test/Image_1890.jpg,Image_1890.jpg,UNKNOWN_TEST,-1,224,224,3,JPEG,24313
Image_52,test/Image_52.jpg,Image_52.jpg,UNKNOWN_TEST,-1,224,224,3,JPEG,21138
Image_1456,test/Image_1456.jpg,Image_1456.jpg,UNKNOWN_TEST,-1,224,224,3,JPEG,27927
Image_236,test/Image_236.jpg,Image_236.jpg,UNKNOWN_TEST,-1,224,224,3,JPEG,32155
Image_269,test/Image_269.jpg,Image_269.jpg,UNKNOWN_TEST,-1,224,224,3,JPEG,19175
Image_1612,test/Image_1612.jpg,Image_1612.jpg,UNKNOWN_TEST,-1,224,224,3,JPEG,28422
Image_900,test/Image_900.jpg,Image_900.jpg,UNKNOWN_TEST,-1,224,224,3,JPEG,32368
Image_1686,test/Image_1686.jpg,Image_1686.jpg,UNKNOWN_TEST,-1,224,224,3,JPEG,26308
Image_506,test/Image_506.jpg,Image_506.jpg,UNKNOWN_TEST,-1,224,224,3,JPEG,32936
Image_254,test/Image_254.jpg,Image_254.jpg,UNKNOWN_TEST,-1,224,224,3,JPEG,31953
Image_1141,test/Image_1141.jpg,Image_1141.jpg,UNKNOWN_TEST,-1,224,224,3,JPEG,31325
Image_2604,test/Image_2604.jpg,Image_2604.jpg,UNKNOWN_TEST,-1,224,224,3,JPEG,29882
Image_1092,test/Image_1092.jpg,Image_1092.jpg,UNKNOWN_TEST,-1,224,224,3,JPEG,20166
Image_2394,test/Image_2394.jpg,Image_2394.jpg,UNKNOWN_TEST,-1,224,224,3,JPEG,33586
Image_2676,test/Image_2676.jpg,Image_2676.jpg,UNKNOWN_TEST,-1,224,224,3,JPEG,20726
Image_1723,test/Image_1723.jpg,Image_1723.jpg,UNKNOWN_TEST,-1,224,224,3,JPEG,29421
Image_1580,test/Image_1580.jpg,Image_1580.jpg,UNKNOWN_TEST,-1,224,224,3,JPEG,27231
Image_2292,test/Image_2292.jpg,Image_2292.jpg,UNKNOWN_TEST,-1,224,224,3,JPEG,30940
Image_135,test/Image_135.jpg,Image_135.jpg,UNKNOWN_TEST,-1,224,224,3,JPEG,23603
Image_1829,test/Image_1829.jpg,Image_1829.jpg,UNKNOWN_TEST,-1,224,224,3,JPEG,22350
Image_1754,test/Image_1754.jpg,Image_1754.jpg,UNKNOWN_TEST,-1,224,224,3,JPEG,14969
Image_1681,test/Image_1681.jpg,Image_1681.jpg,UNKNOWN_TEST,-1,224,224,3,JPEG,32737
Image_1397,test/Image_1397.jpg,Image_1397.jpg,UNKNOWN_TEST,-1,224,224,3,JPEG,24211
Image_2053,test/Image_2053.jpg,Image_2053.jpg,UNKNOWN_TEST,-1,224,224,3,JPEG,19691
Image_1417,test/Image_1417.jpg,Image_1417.jpg,UNKNOWN_TEST,-1,224,224,3,JPEG,23251
Image_1670,test/Image_1670.jpg,Image_1670.jpg,UNKNOWN_TEST,-1,224,224,3,JPEG,15453
Image_1788,test/Image_1788.jpg,Image_1788.jpg,UNKNOWN_TEST,-1,224,224,3,JPEG,21122
Image_42,test/Image_42.jpg,Image_42.jpg,UNKNOWN_TEST,-1,224,224,3,JPEG,21752
Image_2182,test/Image_2182.jpg,Image_2182.jpg,UNKNOWN_TEST,-1,224,224,3,JPEG,23379
Image_2603,test/Image_2603.jpg,Image_2603.jpg,UNKNOWN_TEST,-1,224,224,3,JPEG,29633
Image_2166,test/Image_2166.jpg,Image_2166.jpg,UNKNOWN_TEST,-1,224,224,3,JPEG,25234
Image_1015,test/Image_1015.jpg,Image_1015.jpg,UNKNOWN_TEST,-1,224,224,3,JPEG,27893
Image_2702,test/Image_2702.jpg,Image_2702.jpg,UNKNOWN_TEST,-1,224,224,3,JPEG,26760
Image_726,test/Image_726.jpg,Image_726.jpg,UNKNOWN_TEST,-1,224,224,3,JPEG,23343
Image_1415,test/Image_1415.jpg,Image_1415.jpg,UNKNOWN_TEST,-1,224,224,3,JPEG,29141
Image_2755,test/Image_2755.jpg,Image_2755.jpg,UNKNOWN_TEST,-1,224,224,3,JPEG,30815
Image_1998,test/Image_1998.jpg,Image_1998.jpg,UNKNOWN_TEST,-1,224,224,3,JPEG,23763
Image_1252,test/Image_1252.jpg,Image_1252.jpg,UNKNOWN_TEST,-1,224,224,3,JPEG,33535
Image_1257,test/Image_1257.jpg,Image_1257.jpg,UNKNOWN_TEST,-1,224,224,3,JPEG,22606
Image_1118,test/Image_1118.jpg,Image_1118.jpg,UNKNOWN_TEST,-1,224,224,3,JPEG,35276
Image_2392,test/Image_2392.jpg,Image_2392.jpg,UNKNOWN_TEST,-1,224,224,3,JPEG,26512
Image_1672,test/Image_1672.jpg,Image_1672.jpg,UNKNOWN_TEST,-1,224,224,3,JPEG,34898
Image_1392,test/Image_1392.jpg,Image_1392.jpg,UNKNOWN_TEST,-1,224,224,3,JPEG,23550
Image_2571,test/Image_2571.jpg,Image_2571.jpg,UNKNOWN_TEST,-1,224,224,3,JPEG,13906
Image_1133,test/Image_1133.jpg,Image_1133.jpg,UNKNOWN_TEST,-1,224,224,3,JPEG,28192
Image_1839,test/Image_1839.jpg,Image_1839.jpg,UNKNOWN_TEST,-1,224,224,3,JPEG,28344
Image_620,test/Image_620.jpg,Image_620.jpg,UNKNOWN_TEST,-1,224,224,3,JPEG,34216
Image_1622,test/Image_1622.jpg,Image_1622.jpg,UNKNOWN_TEST,-1,224,224,3,JPEG,25560
Image_672,test/Image_672.jpg,Image_672.jpg,UNKNOWN_TEST,-1,224,224,3,JPEG,26112
Image_2494,test/Image_2494.jpg,Image_2494.jpg,UNKNOWN_TEST,-1,224,224,3,JPEG,26636
Image_2476,test/Image_2476.jpg,Image_2476.jpg,UNKNOWN_TEST,-1,224,224,3,JPEG,22037
Image_2373,test/Image_2373.jpg,Image_2373.jpg,UNKNOWN_TEST,-1,224,224,3,JPEG,23064
Image_596,test/Image_596.jpg,Image_596.jpg,UNKNOWN_TEST,-1,224,224,3,JPEG,30903
Image_678,test/Image_678.jpg,Image_678.jpg,UNKNOWN_TEST,-1,224,224,3,JPEG,22700
Image_1203,test/Image_1203.jpg,Image_1203.jpg,UNKNOWN_TEST,-1,224,224,3,JPEG,25709
Image_1164,test/Image_1164.jpg,Image_1164.jpg,UNKNOWN_TEST,-1,224,224,3,JPEG,26136
Image_916,test/Image_916.jpg,Image_916.jpg,UNKNOWN_TEST,-1,224,224,3,JPEG,20534
Image_1853,test/Image_1853.jpg,Image_1853.jpg,UNKNOWN_TEST,-1,224,224,3,JPEG,16994
Image_1313,test/Image_1313.jpg,Image_1313.jpg,UNKNOWN_TEST,-1,224,224,3,JPEG,24627
Image_1876,test/Image_1876.jpg,Image_1876.jpg,UNKNOWN_TEST,-1,224,224,3,JPEG,22701
Image_886,test/Image_886.jpg,Image_886.jpg,UNKNOWN_TEST,-1,224,224,3,JPEG,26797
Image_2699,test/Image_2699.jpg,Image_2699.jpg,UNKNOWN_TEST,-1,224,224,3,JPEG,24477
Image_1826,test/Image_1826.jpg,Image_1826.jpg,UNKNOWN_TEST,-1,224,224,3,JPEG,29072
Image_479,test/Image_479.jpg,Image_479.jpg,UNKNOWN_TEST,-1,224,224,3,JPEG,17367
Image_133,test/Image_133.jpg,Image_133.jpg,UNKNOWN_TEST,-1,224,224,3,JPEG,32601
Image_1222,test/Image_1222.jpg,Image_1222.jpg,UNKNOWN_TEST,-1,224,224,3,JPEG,30716
Image_2018,test/Image_2018.jpg,Image_2018.jpg,UNKNOWN_TEST,-1,224,224,3,JPEG,33774
Image_2155,test/Image_2155.jpg,Image_2155.jpg,UNKNOWN_TEST,-1,224,224,3,JPEG,25403
Image_1174,test/Image_1174.jpg,Image_1174.jpg,UNKNOWN_TEST,-1,224,224,3,JPEG,22658
Image_739,test/Image_739.jpg,Image_739.jpg,UNKNOWN_TEST,-1,224,224,3,JPEG,30280
Image_2784,test/Image_2784.jpg,Image_2784.jpg,UNKNOWN_TEST,-1,224,224,3,JPEG,19751
Image_361,test/Image_361.jpg,Image_361.jpg,UNKNOWN_TEST,-1,224,224,3,JPEG,23234
Image_2524,test/Image_2524.jpg,Image_2524.jpg,UNKNOWN_TEST,-1,224,224,3,JPEG,22940
Image_1815,test/Image_1815.jpg,Image_1815.jpg,UNKNOWN_TEST,-1,224,224,3,JPEG,25374
Image_1251,test/Image_1251.jpg,Image_1251.jpg,UNKNOWN_TEST,-1,224,224,3,JPEG,19375
Image_555,test/Image_555.jpg,Image_555.jpg,UNKNOWN_TEST,-1,224,224,3,JPEG,21362
Image_625,test/Image_625.jpg,Image_625.jpg,UNKNOWN_TEST,-1,224,224,3,JPEG,29049
Image_2775,test/Image_2775.jpg,Image_2775.jpg,UNKNOWN_TEST,-1,224,224,3,JPEG,27819
Image_1241,test/Image_1241.jpg,Image_1241.jpg,UNKNOWN_TEST,-1,224,224,3,JPEG,16877
Image_2223,test/Image_2223.jpg,Image_2223.jpg,UNKNOWN_TEST,-1,224,224,3,JPEG,27414
Image_540,test/Image_540.jpg,Image_540.jpg,UNKNOWN_TEST,-1,224,224,3,JPEG,25608
Image_615,test/Image_615.jpg,Image_615.jpg,UNKNOWN_TEST,-1,224,224,3,JPEG,17175
Image_344,test/Image_344.jpg,Image_344.jpg,UNKNOWN_TEST,-1,224,224,3,JPEG,21854
Image_421,test/Image_421.jpg,Image_421.jpg,UNKNOWN_TEST,-1,224,224,3,JPEG,30465
Image_2025,test/Image_2025.jpg,Image_2025.jpg,UNKNOWN_TEST,-1,224,224,3,JPEG,25790
Image_1380,test/Image_1380.jpg,Image_1380.jpg,UNKNOWN_TEST,-1,224,224,3,JPEG,28196
Image_1190,test/Image_1190.jpg,Image_1190.jpg,UNKNOWN_TEST,-1,224,224,3,JPEG,28963
Image_2515,test/Image_2515.jpg,Image_2515.jpg,UNKNOWN_TEST,-1,224,224,3,JPEG,25995
Image_2418,test/Image_2418.jpg,Image_2418.jpg,UNKNOWN_TEST,-1,224,224,3,JPEG,22291
Image_4,test/Image_4.jpg,Image_4.jpg,UNKNOWN_TEST,-1,224,224,3,JPEG,20622
Image_1764,test/Image_1764.jpg,Image_1764.jpg,UNKNOWN_TEST,-1,224,224,3,JPEG,31114
Image_389,test/Image_389.jpg,Image_389.jpg,UNKNOWN_TEST,-1,224,224,3,JPEG,27688
Image_2696,test/Image_2696.jpg,Image_2696.jpg,UNKNOWN_TEST,-1,224,224,3,JPEG,24350
Image_698,test/Image_698.jpg,Image_698.jpg,UNKNOWN_TEST,-1,224,224,3,JPEG,26370
Image_741,test/Image_741.jpg,Image_741.jpg,UNKNOWN_TEST,-1,224,224,3,JPEG,33343
Image_1845,test/Image_1845.jpg,Image_1845.jpg,UNKNOWN_TEST,-1,224,224,3,JPEG,28997
Image_453,test/Image_453.jpg,Image_453.jpg,UNKNOWN_TEST,-1,224,224,3,JPEG,25956
Image_2519,test/Image_2519.jpg,Image_2519.jpg,UNKNOWN_TEST,-1,224,224,3,JPEG,32808
Image_1977,test/Image_1977.jpg,Image_1977.jpg,UNKNOWN_TEST,-1,224,224,3,JPEG,23708
Image_37,test/Image_37.jpg,Image_37.jpg,UNKNOWN_TEST,-1,224,224,3,JPEG,31404
Image_738,test/Image_738.jpg,Image_738.jpg,UNKNOWN_TEST,-1,224,224,3,JPEG,25303
Image_587,test/Image_587.jpg,Image_587.jpg,UNKNOWN_TEST,-1,224,224,3,JPEG,28572
Image_275,test/Image_275.jpg,Image_275.jpg,UNKNOWN_TEST,-1,224,224,3,JPEG,26613
Image_2501,test/Image_2501.jpg,Image_2501.jpg,UNKNOWN_TEST,-1,224,224,3,JPEG,31735
Image_31,test/Image_31.jpg,Image_31.jpg,UNKNOWN_TEST,-1,224,224,3,JPEG,24634
Image_1278,test/Image_1278.jpg,Image_1278.jpg,UNKNOWN_TEST,-1,224,224,3,JPEG,18916
Image_1863,test/Image_1863.jpg,Image_1863.jpg,UNKNOWN_TEST,-1,224,224,3,JPEG,26256
Image_2596,test/Image_2596.jpg,Image_2596.jpg,UNKNOWN_TEST,-1,224,224,3,JPEG,19533
Image_2354,test/Image_2354.jpg,Image_2354.jpg,UNKNOWN_TEST,-1,224,224,3,JPEG,24440
Image_228,test/Image_228.jpg,Image_228.jpg,UNKNOWN_TEST,-1,224,224,3,JPEG,20186
Image_2700,test/Image_2700.jpg,Image_2700.jpg,UNKNOWN_TEST,-1,224,224,3,JPEG,30449
Image_1669,test/Image_1669.jpg,Image_1669.jpg,UNKNOWN_TEST,-1,224,224,3,JPEG,29395
Image_2230,test/Image_2230.jpg,Image_2230.jpg,UNKNOWN_TEST,-1,224,224,3,JPEG,33954
Image_556,test/Image_556.jpg,Image_556.jpg,UNKNOWN_TEST,-1,224,224,3,JPEG,23103
Image_2250,test/Image_2250.jpg,Image_2250.jpg,UNKNOWN_TEST,-1,224,224,3,JPEG,22755
Image_1751,test/Image_1751.jpg,Image_1751.jpg,UNKNOWN_TEST,-1,224,224,3,JPEG,18486
Image_471,test/Image_471.jpg,Image_471.jpg,UNKNOWN_TEST,-1,224,224,3,JPEG,26468
Image_884,test/Image_884.jpg,Image_884.jpg,UNKNOWN_TEST,-1,224,224,3,JPEG,31395
Image_2626,test/Image_2626.jpg,Image_2626.jpg,UNKNOWN_TEST,-1,224,224,3,JPEG,27119
Image_47,test/Image_47.jpg,Image_47.jpg,UNKNOWN_TEST,-1,224,224,3,JPEG,21409
Image_598,test/Image_598.jpg,Image_598.jpg,UNKNOWN_TEST,-1,224,224,3,JPEG,28076
Image_1184,test/Image_1184.jpg,Image_1184.jpg,UNKNOWN_TEST,-1,224,224,3,JPEG,23668
Image_2296,test/Image_2296.jpg,Image_2296.jpg,UNKNOWN_TEST,-1,224,224,3,JPEG,27082
Image_2633,test/Image_2633.jpg,Image_2633.jpg,UNKNOWN_TEST,-1,224,224,3,JPEG,16788
Image_1666,test/Image_1666.jpg,Image_1666.jpg,UNKNOWN_TEST,-1,224,224,3,JPEG,24388
Image_1741,test/Image_1741.jpg,Image_1741.jpg,UNKNOWN_TEST,-1,224,224,3,JPEG,22528
Image_294,test/Image_294.jpg,Image_294.jpg,UNKNOWN_TEST,-1,224,224,3,JPEG,29519
Image_385,test/Image_385.jpg,Image_385.jpg,UNKNOWN_TEST,-1,224,224,3,JPEG,24738
Image_2137,test/Image_2137.jpg,Image_2137.jpg,UNKNOWN_TEST,-1,224,224,3,JPEG,24093
Image_554,test/Image_554.jpg,Image_554.jpg,UNKNOWN_TEST,-1,224,224,3,JPEG,32865
Image_701,test/Image_701.jpg,Image_701.jpg,UNKNOWN_TEST,-1,224,224,3,JPEG,21232
Image_319,test/Image_319.jpg,Image_319.jpg,UNKNOWN_TEST,-1,224,224,3,JPEG,18110
Image_112,test/Image_112.jpg,Image_112.jpg,UNKNOWN_TEST,-1,224,224,3,JPEG,26807
Image_1377,test/Image_1377.jpg,Image_1377.jpg,UNKNOWN_TEST,-1,224,224,3,JPEG,34538
Image_1895,test/Image_1895.jpg,Image_1895.jpg,UNKNOWN_TEST,-1,224,224,3,JPEG,29171
Image_9,test/Image_9.jpg,Image_9.jpg,UNKNOWN_TEST,-1,224,224,3,JPEG,36922
Image_746,test/Image_746.jpg,Image_746.jpg,UNKNOWN_TEST,-1,224,224,3,JPEG,16040
Image_2350,test/Image_2350.jpg,Image_2350.jpg,UNKNOWN_TEST,-1,224,224,3,JPEG,25637
Image_2388,test/Image_2388.jpg,Image_2388.jpg,UNKNOWN_TEST,-1,224,224,3,JPEG,20137
Image_2536,test/Image_2536.jpg,Image_2536.jpg,UNKNOWN_TEST,-1,224,224,3,JPEG,31155
Image_2396,test/Image_2396.jpg,Image_2396.jpg,UNKNOWN_TEST,-1,224,224,3,JPEG,26112
Image_664,test/Image_664.jpg,Image_664.jpg,UNKNOWN_TEST,-1,224,224,3,JPEG,22161
Image_2414,test/Image_2414.jpg,Image_2414.jpg,UNKNOWN_TEST,-1,224,224,3,JPEG,35215
Image_1045,test/Image_1045.jpg,Image_1045.jpg,UNKNOWN_TEST,-1,224,224,3,JPEG,24245
Image_1638,test/Image_1638.jpg,Image_1638.jpg,UNKNOWN_TEST,-1,224,224,3,JPEG,23977
Image_2498,test/Image_2498.jpg,Image_2498.jpg,UNKNOWN_TEST,-1,224,224,3,JPEG,27718
Image_2549,test/Image_2549.jpg,Image_2549.jpg,UNKNOWN_TEST,-1,224,224,3,JPEG,27322
Image_2660,test/Image_2660.jpg,Image_2660.jpg,UNKNOWN_TEST,-1,224,224,3,JPEG,21665
Image_2621,test/Image_2621.jpg,Image_2621.jpg,UNKNOWN_TEST,-1,224,224,3,JPEG,24361
Image_39,test/Image_39.jpg,Image_39.jpg,UNKNOWN_TEST,-1,224,224,3,JPEG,30923
Image_1297,test/Image_1297.jpg,Image_1297.jpg,UNKNOWN_TEST,-1,224,224,3,JPEG,25474
Image_362,test/Image_362.jpg,Image_362.jpg,UNKNOWN_TEST,-1,224,224,3,JPEG,22068
Image_1549,test/Image_1549.jpg,Image_1549.jpg,UNKNOWN_TEST,-1,224,224,3,JPEG,43722
Image_988,test/Image_988.jpg,Image_988.jpg,UNKNOWN_TEST,-1,224,224,3,JPEG,25721
Image_239,test/Image_239.jpg,Image_239.jpg,UNKNOWN_TEST,-1,224,224,3,JPEG,21368
Image_2756,test/Image_2756.jpg,Image_2756.jpg,UNKNOWN_TEST,-1,224,224,3,JPEG,19240
Image_2088,test/Image_2088.jpg,Image_2088.jpg,UNKNOWN_TEST,-1,224,224,3,JPEG,26682
Image_2170,test/Image_2170.jpg,Image_2170.jpg,UNKNOWN_TEST,-1,224,224,3,JPEG,23596
Image_1043,test/Image_1043.jpg,Image_1043.jpg,UNKNOWN_TEST,-1,224,224,3,JPEG,34384
Image_2050,test/Image_2050.jpg,Image_2050.jpg,UNKNOWN_TEST,-1,224,224,3,JPEG,31174
Image_1618,test/Image_1618.jpg,Image_1618.jpg,UNKNOWN_TEST,-1,224,224,3,JPEG,20538
Image_420,test/Image_420.jpg,Image_420.jpg,UNKNOWN_TEST,-1,224,224,3,JPEG,30886
Image_928,test/Image_928.jpg,Image_928.jpg,UNKNOWN_TEST,-1,224,224,3,JPEG,20907
Image_857,test/Image_857.jpg,Image_857.jpg,UNKNOWN_TEST,-1,224,224,3,JPEG,26953
Image_2300,test/Image_2300.jpg,Image_2300.jpg,UNKNOWN_TEST,-1,224,224,3,JPEG,27492
Image_1813,test/Image_1813.jpg,Image_1813.jpg,UNKNOWN_TEST,-1,224,224,3,JPEG,24796
Image_1742,test/Image_1742.jpg,Image_1742.jpg,UNKNOWN_TEST,-1,224,224,3,JPEG,27028
Image_454,test/Image_454.jpg,Image_454.jpg,UNKNOWN_TEST,-1,224,224,3,JPEG,21439
Image_2234,test/Image_2234.jpg,Image_2234.jpg,UNKNOWN_TEST,-1,224,224,3,JPEG,17694
Image_1051,test/Image_1051.jpg,Image_1051.jpg,UNKNOWN_TEST,-1,224,224,3,JPEG,16727
Image_1204,test/Image_1204.jpg,Image_1204.jpg,UNKNOWN_TEST,-1,224,224,3,JPEG,23830
Image_1426,test/Image_1426.jpg,Image_1426.jpg,UNKNOWN_TEST,-1,224,224,3,JPEG,29835
Image_2779,test/Image_2779.jpg,Image_2779.jpg,UNKNOWN_TEST,-1,224,224,3,JPEG,26361
Image_914,test/Image_914.jpg,Image_914.jpg,UNKNOWN_TEST,-1,224,224,3,JPEG,22686
Image_2198,test/Image_2198.jpg,Image_2198.jpg,UNKNOWN_TEST,-1,224,224,3,JPEG,18745
Image_2484,test/Image_2484.jpg,Image_2484.jpg,UNKNOWN_TEST,-1,224,224,3,JPEG,27261
Image_2669,test/Image_2669.jpg,Image_2669.jpg,UNKNOWN_TEST,-1,224,224,3,JPEG,26929
Image_929,test/Image_929.jpg,Image_929.jpg,UNKNOWN_TEST,-1,224,224,3,JPEG,34100
Image_1167,test/Image_1167.jpg,Image_1167.jpg,UNKNOWN_TEST,-1,224,224,3,JPEG,35760
Image_2732,test/Image_2732.jpg,Image_2732.jpg,UNKNOWN_TEST,-1,224,224,3,JPEG,22834
Image_2235,test/Image_2235.jpg,Image_2235.jpg,UNKNOWN_TEST,-1,224,224,3,JPEG,28012
Image_2360,test/Image_2360.jpg,Image_2360.jpg,UNKNOWN_TEST,-1,224,224,3,JPEG,33813
Image_195,test/Image_195.jpg,Image_195.jpg,UNKNOWN_TEST,-1,224,224,3,JPEG,27365
Image_2725,test/Image_2725.jpg,Image_2725.jpg,UNKNOWN_TEST,-1,224,224,3,JPEG,27847
Image_2374,test/Image_2374.jpg,Image_2374.jpg,UNKNOWN_TEST,-1,224,224,3,JPEG,29949
Image_2077,test/Image_2077.jpg,Image_2077.jpg,UNKNOWN_TEST,-1,224,224,3,JPEG,28554
Image_1292,test/Image_1292.jpg,Image_1292.jpg,UNKNOWN_TEST,-1,224,224,3,JPEG,19192
Image_432,test/Image_432.jpg,Image_432.jpg,UNKNOWN_TEST,-1,224,224,3,JPEG,28862
Image_744,test/Image_744.jpg,Image_744.jpg,UNKNOWN_TEST,-1,224,224,3,JPEG,29820
Image_1599,test/Image_1599.jpg,Image_1599.jpg,UNKNOWN_TEST,-1,224,224,3,JPEG,23948
Image_786,test/Image_786.jpg,Image_786.jpg,UNKNOWN_TEST,-1,224,224,3,JPEG,19096
Image_2741,test/Image_2741.jpg,Image_2741.jpg,UNKNOWN_TEST,-1,224,224,3,JPEG,27437
Image_1158,test/Image_1158.jpg,Image_1158.jpg,UNKNOWN_TEST,-1,224,224,3,JPEG,32052
Image_723,test/Image_723.jpg,Image_723.jpg,UNKNOWN_TEST,-1,224,224,3,JPEG,22409
Image_503,test/Image_503.jpg,Image_503.jpg,UNKNOWN_TEST,-1,224,224,3,JPEG,22144
Image_2406,test/Image_2406.jpg,Image_2406.jpg,UNKNOWN_TEST,-1,224,224,3,JPEG,21017
Image_770,test/Image_770.jpg,Image_770.jpg,UNKNOWN_TEST,-1,224,224,3,JPEG,18695
Image_962,test/Image_962.jpg,Image_962.jpg,UNKNOWN_TEST,-1,224,224,3,JPEG,24678
Image_1693,test/Image_1693.jpg,Image_1693.jpg,UNKNOWN_TEST,-1,224,224,3,JPEG,21216
Image_206,test/Image_206.jpg,Image_206.jpg,UNKNOWN_TEST,-1,224,224,3,JPEG,28290
Image_2315,test/Image_2315.jpg,Image_2315.jpg,UNKNOWN_TEST,-1,224,224,3,JPEG,43149
Image_650,test/Image_650.jpg,Image_650.jpg,UNKNOWN_TEST,-1,224,224,3,JPEG,25304
Image_2028,test/Image_2028.jpg,Image_2028.jpg,UNKNOWN_TEST,-1,224,224,3,JPEG,16831
Image_2368,test/Image_2368.jpg,Image_2368.jpg,UNKNOWN_TEST,-1,224,224,3,JPEG,20751
Image_977,test/Image_977.jpg,Image_977.jpg,UNKNOWN_TEST,-1,224,224,3,JPEG,33736
Image_1900,test/Image_1900.jpg,Image_1900.jpg,UNKNOWN_TEST,-1,224,224,3,JPEG,33563
Image_2174,test/Image_2174.jpg,Image_2174.jpg,UNKNOWN_TEST,-1,224,224,3,JPEG,29587
Image_1323,test/Image_1323.jpg,Image_1323.jpg,UNKNOWN_TEST,-1,224,224,3,JPEG,16331
Image_450,test/Image_450.jpg,Image_450.jpg,UNKNOWN_TEST,-1,224,224,3,JPEG,25082
Image_2462,test/Image_2462.jpg,Image_2462.jpg,UNKNOWN_TEST,-1,224,224,3,JPEG,19944
Image_1455,test/Image_1455.jpg,Image_1455.jpg,UNKNOWN_TEST,-1,224,224,3,JPEG,33302
Image_345,test/Image_345.jpg,Image_345.jpg,UNKNOWN_TEST,-1,224,224,3,JPEG,30334
Image_261,test/Image_261.jpg,Image_261.jpg,UNKNOWN_TEST,-1,224,224,3,JPEG,34713
Image_402,test/Image_402.jpg,Image_402.jpg,UNKNOWN_TEST,-1,224,224,3,JPEG,36423
Image_1836,test/Image_1836.jpg,Image_1836.jpg,UNKNOWN_TEST,-1,224,224,3,JPEG,21968
Image_1820,test/Image_1820.jpg,Image_1820.jpg,UNKNOWN_TEST,-1,224,224,3,JPEG,19754
Image_1198,test/Image_1198.jpg,Image_1198.jpg,UNKNOWN_TEST,-1,224,224,3,JPEG,32408
Image_32,test/Image_32.jpg,Image_32.jpg,UNKNOWN_TEST,-1,224,224,3,JPEG,18009
Image_1520,test/Image_1520.jpg,Image_1520.jpg,UNKNOWN_TEST,-1,224,224,3,JPEG,24302
Image_2607,test/Image_2607.jpg,Image_2607.jpg,UNKNOWN_TEST,-1,224,224,3,JPEG,21677
Image_2482,test/Image_2482.jpg,Image_2482.jpg,UNKNOWN_TEST,-1,224,224,3,JPEG,28648
Image_2424,test/Image_2424.jpg,Image_2424.jpg,UNKNOWN_TEST,-1,224,224,3,JPEG,30630
Image_1982,test/Image_1982.jpg,Image_1982.jpg,UNKNOWN_TEST,-1,224,224,3,JPEG,31322
Image_735,test/Image_735.jpg,Image_735.jpg,UNKNOWN_TEST,-1,224,224,3,JPEG,31284
Image_762,test/Image_762.jpg,Image_762.jpg,UNKNOWN_TEST,-1,224,224,3,JPEG,27088
Image_2323,test/Image_2323.jpg,Image_2323.jpg,UNKNOWN_TEST,-1,224,224,3,JPEG,23787
Image_1911,test/Image_1911.jpg,Image_1911.jpg,UNKNOWN_TEST,-1,224,224,3,JPEG,20743
Image_1579,test/Image_1579.jpg,Image_1579.jpg,UNKNOWN_TEST,-1,224,224,3,JPEG,29507
Image_1990,test/Image_1990.jpg,Image_1990.jpg,UNKNOWN_TEST,-1,224,224,3,JPEG,30368
Image_297,test/Image_297.jpg,Image_297.jpg,UNKNOWN_TEST,-1,224,224,3,JPEG,19605
Image_1333,test/Image_1333.jpg,Image_1333.jpg,UNKNOWN_TEST,-1,224,224,3,JPEG,24317
Image_1641,test/Image_1641.jpg,Image_1641.jpg,UNKNOWN_TEST,-1,224,224,3,JPEG,40331
Image_2431,test/Image_2431.jpg,Image_2431.jpg,UNKNOWN_TEST,-1,224,224,3,JPEG,27139
Image_639,test/Image_639.jpg,Image_639.jpg,UNKNOWN_TEST,-1,224,224,3,JPEG,22220
Image_1522,test/Image_1522.jpg,Image_1522.jpg,UNKNOWN_TEST,-1,224,224,3,JPEG,23535
Image_1664,test/Image_1664.jpg,Image_1664.jpg,UNKNOWN_TEST,-1,224,224,3,JPEG,29680
Image_1076,test/Image_1076.jpg,Image_1076.jpg,UNKNOWN_TEST,-1,224,224,3,JPEG,33495
Image_2276,test/Image_2276.jpg,Image_2276.jpg,UNKNOWN_TEST,-1,224,224,3,JPEG,22689
Image_1475,test/Image_1475.jpg,Image_1475.jpg,UNKNOWN_TEST,-1,224,224,3,JPEG,21287
Image_2709,test/Image_2709.jpg,Image_2709.jpg,UNKNOWN_TEST,-1,224,224,3,JPEG,28146
Image_1168,test/Image_1168.jpg,Image_1168.jpg,UNKNOWN_TEST,-1,224,224,3,JPEG,19947
Image_168,test/Image_168.jpg,Image_168.jpg,UNKNOWN_TEST,-1,224,224,3,JPEG,20820
Image_2461,test/Image_2461.jpg,Image_2461.jpg,UNKNOWN_TEST,-1,224,224,3,JPEG,28542
Image_2548,test/Image_2548.jpg,Image_2548.jpg,UNKNOWN_TEST,-1,224,224,3,JPEG,29365
Image_143,test/Image_143.jpg,Image_143.jpg,UNKNOWN_TEST,-1,224,224,3,JPEG,27643
Image_2059,test/Image_2059.jpg,Image_2059.jpg,UNKNOWN_TEST,-1,224,224,3,JPEG,26788
Image_2036,test/Image_2036.jpg,Image_2036.jpg,UNKNOWN_TEST,-1,224,224,3,JPEG,35482
Image_2736,test/Image_2736.jpg,Image_2736.jpg,UNKNOWN_TEST,-1,224,224,3,JPEG,23081
Image_270,test/Image_270.jpg,Image_270.jpg,UNKNOWN_TEST,-1,224,224,3,JPEG,21801
Image_1450,test/Image_1450.jpg,Image_1450.jpg,UNKNOWN_TEST,-1,224,224,3,JPEG,22664
Image_1215,test/Image_1215.jpg,Image_1215.jpg,UNKNOWN_TEST,-1,224,224,3,JPEG,23616
Image_898,test/Image_898.jpg,Image_898.jpg,UNKNOWN_TEST,-1,224,224,3,JPEG,27620
Image_2656,test/Image_2656.jpg,Image_2656.jpg,UNKNOWN_TEST,-1,224,224,3,JPEG,30536
Image_1132,test/Image_1132.jpg,Image_1132.jpg,UNKNOWN_TEST,-1,224,224,3,JPEG,29198
Image_717,test/Image_717.jpg,Image_717.jpg,UNKNOWN_TEST,-1,224,224,3,JPEG,22399
Image_376,test/Image_376.jpg,Image_376.jpg,UNKNOWN_TEST,-1,224,224,3,JPEG,22415
Image_1342,test/Image_1342.jpg,Image_1342.jpg,UNKNOWN_TEST,-1,224,224,3,JPEG,22816
Image_1737,test/Image_1737.jpg,Image_1737.jpg,UNKNOWN_TEST,-1,224,224,3,JPEG,28625
Image_2734,test/Image_2734.jpg,Image_2734.jpg,UNKNOWN_TEST,-1,224,224,3,JPEG,24594
Image_2333,test/Image_2333.jpg,Image_2333.jpg,UNKNOWN_TEST,-1,224,224,3,JPEG,19398
Image_1021,test/Image_1021.jpg,Image_1021.jpg,UNKNOWN_TEST,-1,224,224,3,JPEG,26255
Image_2447,test/Image_2447.jpg,Image_2447.jpg,UNKNOWN_TEST,-1,224,224,3,JPEG,23503
Image_431,test/Image_431.jpg,Image_431.jpg,UNKNOWN_TEST,-1,224,224,3,JPEG,18681
Image_2398,test/Image_2398.jpg,Image_2398.jpg,UNKNOWN_TEST,-1,224,224,3,JPEG,19487
Image_1762,test/Image_1762.jpg,Image_1762.jpg,UNKNOWN_TEST,-1,224,224,3,JPEG,26310
Image_1452,test/Image_1452.jpg,Image_1452.jpg,UNKNOWN_TEST,-1,224,224,3,JPEG,28379
Image_1206,test/Image_1206.jpg,Image_1206.jpg,UNKNOWN_TEST,-1,224,224,3,JPEG,23251
Image_1710,test/Image_1710.jpg,Image_1710.jpg,UNKNOWN_TEST,-1,224,224,3,JPEG,19823
Image_1883,test/Image_1883.jpg,Image_1883.jpg,UNKNOWN_TEST,-1,224,224,3,JPEG,35044
Image_930,test/Image_930.jpg,Image_930.jpg,UNKNOWN_TEST,-1,224,224,3,JPEG,30102
Image_1083,test/Image_1083.jpg,Image_1083.jpg,UNKNOWN_TEST,-1,224,224,3,JPEG,26158
Image_2205,test/Image_2205.jpg,Image_2205.jpg,UNKNOWN_TEST,-1,224,224,3,JPEG,25632
Image_2434,test/Image_2434.jpg,Image_2434.jpg,UNKNOWN_TEST,-1,224,224,3,JPEG,21546
Image_2078,test/Image_2078.jpg,Image_2078.jpg,UNKNOWN_TEST,-1,224,224,3,JPEG,24929
Image_1568,test/Image_1568.jpg,Image_1568.jpg,UNKNOWN_TEST,-1,224,224,3,JPEG,29359
Image_2610,test/Image_2610.jpg,Image_2610.jpg,UNKNOWN_TEST,-1,224,224,3,JPEG,24967
Image_21,test/Image_21.jpg,Image_21.jpg,UNKNOWN_TEST,-1,224,224,3,JPEG,19360
Image_513,test/Image_513.jpg,Image_513.jpg,UNKNOWN_TEST,-1,224,224,3,JPEG,29811
Image_2041,test/Image_2041.jpg,Image_2041.jpg,UNKNOWN_TEST,-1,224,224,3,JPEG,20600
Image_2349,test/Image_2349.jpg,Image_2349.jpg,UNKNOWN_TEST,-1,224,224,3,JPEG,26308
Image_288,test/Image_288.jpg,Image_288.jpg,UNKNOWN_TEST,-1,224,224,3,JPEG,22847
Image_777,test/Image_777.jpg,Image_777.jpg,UNKNOWN_TEST,-1,224,224,3,JPEG,24805
Image_614,test/Image_614.jpg,Image_614.jpg,UNKNOWN_TEST,-1,224,224,3,JPEG,15278
Image_48,test/Image_48.jpg,Image_48.jpg,UNKNOWN_TEST,-1,224,224,3,JPEG,28885
Image_386,test/Image_386.jpg,Image_386.jpg,UNKNOWN_TEST,-1,224,224,3,JPEG,22091
Image_568,test/Image_568.jpg,Image_568.jpg,UNKNOWN_TEST,-1,224,224,3,JPEG,29041
Image_245,test/Image_245.jpg,Image_245.jpg,UNKNOWN_TEST,-1,224,224,3,JPEG,18104
Image_477,test/Image_477.jpg,Image_477.jpg,UNKNOWN_TEST,-1,224,224,3,JPEG,23774
Image_2113,test/Image_2113.jpg,Image_2113.jpg,UNKNOWN_TEST,-1,224,224,3,JPEG,23639
Image_2317,test/Image_2317.jpg,Image_2317.jpg,UNKNOWN_TEST,-1,224,224,3,JPEG,24278
Image_2076,test/Image_2076.jpg,Image_2076.jpg,UNKNOWN_TEST,-1,224,224,3,JPEG,28476
Image_2718,test/Image_2718.jpg,Image_2718.jpg,UNKNOWN_TEST,-1,224,224,3,JPEG,37238
Image_1429,test/Image_1429.jpg,Image_1429.jpg,UNKNOWN_TEST,-1,224,224,3,JPEG,28356
Image_2003,test/Image_2003.jpg,Image_2003.jpg,UNKNOWN_TEST,-1,224,224,3,JPEG,33015
Image_1581,test/Image_1581.jpg,Image_1581.jpg,UNKNOWN_TEST,-1,224,224,3,JPEG,29656
Image_1649,test/Image_1649.jpg,Image_1649.jpg,UNKNOWN_TEST,-1,224,224,3,JPEG,24351
Image_1608,test/Image_1608.jpg,Image_1608.jpg,UNKNOWN_TEST,-1,224,224,3,JPEG,24095
Image_847,test/Image_847.jpg,Image_847.jpg,UNKNOWN_TEST,-1,224,224,3,JPEG,24342
Image_590,test/Image_590.jpg,Image_590.jpg,UNKNOWN_TEST,-1,224,224,3,JPEG,17865
Image_98,test/Image_98.jpg,Image_98.jpg,UNKNOWN_TEST,-1,224,224,3,JPEG,14204
Image_1960,test/Image_1960.jpg,Image_1960.jpg,UNKNOWN_TEST,-1,224,224,3,JPEG,30232
Image_405,test/Image_405.jpg,Image_405.jpg,UNKNOWN_TEST,-1,224,224,3,JPEG,21146
Image_1155,test/Image_1155.jpg,Image_1155.jpg,UNKNOWN_TEST,-1,224,224,3,JPEG,29068
Image_387,test/Image_387.jpg,Image_387.jpg,UNKNOWN_TEST,-1,224,224,3,JPEG,21756
Image_952,test/Image_952.jpg,Image_952.jpg,UNKNOWN_TEST,-1,224,224,3,JPEG,29062
Image_1264,test/Image_1264.jpg,Image_1264.jpg,UNKNOWN_TEST,-1,224,224,3,JPEG,20595
Image_1945,test/Image_1945.jpg,Image_1945.jpg,UNKNOWN_TEST,-1,224,224,3,JPEG,30900
Image_1193,test/Image_1193.jpg,Image_1193.jpg,UNKNOWN_TEST,-1,224,224,3,JPEG,30730
Image_2035,test/Image_2035.jpg,Image_2035.jpg,UNKNOWN_TEST,-1,224,224,3,JPEG,22268
Image_1287,test/Image_1287.jpg,Image_1287.jpg,UNKNOWN_TEST,-1,224,224,3,JPEG,20671
Image_2143,test/Image_2143.jpg,Image_2143.jpg,UNKNOWN_TEST,-1,224,224,3,JPEG,23246
Image_2268,test/Image_2268.jpg,Image_2268.jpg,UNKNOWN_TEST,-1,224,224,3,JPEG,22845
Image_2162,test/Image_2162.jpg,Image_2162.jpg,UNKNOWN_TEST,-1,224,224,3,JPEG,26297
Image_126,test/Image_126.jpg,Image_126.jpg,UNKNOWN_TEST,-1,224,224,3,JPEG,20292
Image_222,test/Image_222.jpg,Image_222.jpg,UNKNOWN_TEST,-1,224,224,3,JPEG,16620
Image_451,test/Image_451.jpg,Image_451.jpg,UNKNOWN_TEST,-1,224,224,3,JPEG,35193
Image_155,test/Image_155.jpg,Image_155.jpg,UNKNOWN_TEST,-1,224,224,3,JPEG,21056
Image_2448,test/Image_2448.jpg,Image_2448.jpg,UNKNOWN_TEST,-1,224,224,3,JPEG,36600
Image_830,test/Image_830.jpg,Image_830.jpg,UNKNOWN_TEST,-1,224,224,3,JPEG,21331
Image_658,test/Image_658.jpg,Image_658.jpg,UNKNOWN_TEST,-1,224,224,3,JPEG,20069
Image_1315,test/Image_1315.jpg,Image_1315.jpg,UNKNOWN_TEST,-1,224,224,3,JPEG,23257
Image_2014,test/Image_2014.jpg,Image_2014.jpg,UNKNOWN_TEST,-1,224,224,3,JPEG,23166
Image_458,test/Image_458.jpg,Image_458.jpg,UNKNOWN_TEST,-1,224,224,3,JPEG,27440
Image_1925,test/Image_1925.jpg,Image_1925.jpg,UNKNOWN_TEST,-1,224,224,3,JPEG,22221
Image_819,test/Image_819.jpg,Image_819.jpg,UNKNOWN_TEST,-1,224,224,3,JPEG,21215
Image_539,test/Image_539.jpg,Image_539.jpg,UNKNOWN_TEST,-1,224,224,3,JPEG,32649
Image_1476,test/Image_1476.jpg,Image_1476.jpg,UNKNOWN_TEST,-1,224,224,3,JPEG,29914
Image_636,test/Image_636.jpg,Image_636.jpg,UNKNOWN_TEST,-1,224,224,3,JPEG,25951
Image_1524,test/Image_1524.jpg,Image_1524.jpg,UNKNOWN_TEST,-1,224,224,3,JPEG,16339
Image_2714,test/Image_2714.jpg,Image_2714.jpg,UNKNOWN_TEST,-1,224,224,3,JPEG,26386
Image_1730,test/Image_1730.jpg,Image_1730.jpg,UNKNOWN_TEST,-1,224,224,3,JPEG,21831
Image_1067,test/Image_1067.jpg,Image_1067.jpg,UNKNOWN_TEST,-1,224,224,3,JPEG,26981
Image_144,test/Image_144.jpg,Image_144.jpg,UNKNOWN_TEST,-1,224,224,3,JPEG,40496
Image_1918,test/Image_1918.jpg,Image_1918.jpg,UNKNOWN_TEST,-1,224,224,3,JPEG,29854
Image_640,test/Image_640.jpg,Image_640.jpg,UNKNOWN_TEST,-1,224,224,3,JPEG,34380
Image_2412,test/Image_2412.jpg,Image_2412.jpg,UNKNOWN_TEST,-1,224,224,3,JPEG,20633
Image_2492,test/Image_2492.jpg,Image_2492.jpg,UNKNOWN_TEST,-1,224,224,3,JPEG,19678
Image_1614,test/Image_1614.jpg,Image_1614.jpg,UNKNOWN_TEST,-1,224,224,3,JPEG,40822
Image_1312,test/Image_1312.jpg,Image_1312.jpg,UNKNOWN_TEST,-1,224,224,3,JPEG,27338
Image_26,test/Image_26.jpg,Image_26.jpg,UNKNOWN_TEST,-1,224,224,3,JPEG,17509
Image_2101,test/Image_2101.jpg,Image_2101.jpg,UNKNOWN_TEST,-1,224,224,3,JPEG,22271
Image_684,test/Image_684.jpg,Image_684.jpg,UNKNOWN_TEST,-1,224,224,3,JPEG,17632
Image_442,test/Image_442.jpg,Image_442.jpg,UNKNOWN_TEST,-1,224,224,3,JPEG,27903
Image_1365,test/Image_1365.jpg,Image_1365.jpg,UNKNOWN_TEST,-1,224,224,3,JPEG,28259
Image_13,test/Image_13.jpg,Image_13.jpg,UNKNOWN_TEST,-1,224,224,3,JPEG,25167
Image_2433,test/Image_2433.jpg,Image_2433.jpg,UNKNOWN_TEST,-1,224,224,3,JPEG,22475
Image_1620,test/Image_1620.jpg,Image_1620.jpg,UNKNOWN_TEST,-1,224,224,3,JPEG,28031
Image_1451,test/Image_1451.jpg,Image_1451.jpg,UNKNOWN_TEST,-1,224,224,3,JPEG,28139
Image_2278,test/Image_2278.jpg,Image_2278.jpg,UNKNOWN_TEST,-1,224,224,3,JPEG,31697
Image_950,test/Image_950.jpg,Image_950.jpg,UNKNOWN_TEST,-1,224,224,3,JPEG,22235
Image_552,test/Image_552.jpg,Image_552.jpg,UNKNOWN_TEST,-1,224,224,3,JPEG,27001
Image_1833,test/Image_1833.jpg,Image_1833.jpg,UNKNOWN_TEST,-1,224,224,3,JPEG,22456
Image_2072,test/Image_2072.jpg,Image_2072.jpg,UNKNOWN_TEST,-1,224,224,3,JPEG,20919
Image_2212,test/Image_2212.jpg,Image_2212.jpg,UNKNOWN_TEST,-1,224,224,3,JPEG,17398
Image_2052,test/Image_2052.jpg,Image_2052.jpg,UNKNOWN_TEST,-1,224,224,3,JPEG,25343
Image_591,test/Image_591.jpg,Image_591.jpg,UNKNOWN_TEST,-1,224,224,3,JPEG,28891
Image_1103,test/Image_1103.jpg,Image_1103.jpg,UNKNOWN_TEST,-1,224,224,3,JPEG,28593
Image_1317,test/Image_1317.jpg,Image_1317.jpg,UNKNOWN_TEST,-1,224,224,3,JPEG,27574
Image_2786,test/Image_2786.jpg,Image_2786.jpg,UNKNOWN_TEST,-1,224,224,3,JPEG,27626
Image_1493,test/Image_1493.jpg,Image_1493.jpg,UNKNOWN_TEST,-1,224,224,3,JPEG,22041
Image_890,test/Image_890.jpg,Image_890.jpg,UNKNOWN_TEST,-1,224,224,3,JPEG,32577
Image_1271,test/Image_1271.jpg,Image_1271.jpg,UNKNOWN_TEST,-1,224,224,3,JPEG,27022
Image_290,test/Image_290.jpg,Image_290.jpg,UNKNOWN_TEST,-1,224,224,3,JPEG,37211
Image_2570,test/Image_2570.jpg,Image_2570.jpg,UNKNOWN_TEST,-1,224,224,3,JPEG,25924
Image_1576,test/Image_1576.jpg,Image_1576.jpg,UNKNOWN_TEST,-1,224,224,3,JPEG,23265
Image_379,test/Image_379.jpg,Image_379.jpg,UNKNOWN_TEST,-1,224,224,3,JPEG,30229
Image_2048,test/Image_2048.jpg,Image_2048.jpg,UNKNOWN_TEST,-1,224,224,3,JPEG,28192
Image_1941,test/Image_1941.jpg,Image_1941.jpg,UNKNOWN_TEST,-1,224,224,3,JPEG,22072
Image_1919,test/Image_1919.jpg,Image_1919.jpg,UNKNOWN_TEST,-1,224,224,3,JPEG,26334
Image_1777,test/Image_1777.jpg,Image_1777.jpg,UNKNOWN_TEST,-1,224,224,3,JPEG,22985
Image_2728,test/Image_2728.jpg,Image_2728.jpg,UNKNOWN_TEST,-1,224,224,3,JPEG,30903
Image_1294,test/Image_1294.jpg,Image_1294.jpg,UNKNOWN_TEST,-1,224,224,3,JPEG,18577
Image_1169,test/Image_1169.jpg,Image_1169.jpg,UNKNOWN_TEST,-1,224,224,3,JPEG,25791
Image_1247,test/Image_1247.jpg,Image_1247.jpg,UNKNOWN_TEST,-1,224,224,3,JPEG,20977
Image_2753,test/Image_2753.jpg,Image_2753.jpg,UNKNOWN_TEST,-1,224,224,3,JPEG,28726
Image_2642,test/Image_2642.jpg,Image_2642.jpg,UNKNOWN_TEST,-1,224,224,3,JPEG,29533
Image_7,test/Image_7.jpg,Image_7.jpg,UNKNOWN_TEST,-1,224,224,3,JPEG,29143
Image_1131,test/Image_1131.jpg,Image_1131.jpg,UNKNOWN_TEST,-1,224,224,3,JPEG,32754
Image_704,test/Image_704.jpg,Image_704.jpg,UNKNOWN_TEST,-1,224,224,3,JPEG,26522
Image_963,test/Image_963.jpg,Image_963.jpg,UNKNOWN_TEST,-1,224,224,3,JPEG,17047
Image_1034,test/Image_1034.jpg,Image_1034.jpg,UNKNOWN_TEST,-1,224,224,3,JPEG,31405
Image_2738,test/Image_2738.jpg,Image_2738.jpg,UNKNOWN_TEST,-1,224,224,3,JPEG,27600
Image_2760,test/Image_2760.jpg,Image_2760.jpg,UNKNOWN_TEST,-1,224,224,3,JPEG,23987
Image_2737,test/Image_2737.jpg,Image_2737.jpg,UNKNOWN_TEST,-1,224,224,3,JPEG,34235
Image_460,test/Image_460.jpg,Image_460.jpg,UNKNOWN_TEST,-1,224,224,3,JPEG,16778
Image_334,test/Image_334.jpg,Image_334.jpg,UNKNOWN_TEST,-1,224,224,3,JPEG,28609
Image_2547,test/Image_2547.jpg,Image_2547.jpg,UNKNOWN_TEST,-1,224,224,3,JPEG,20721
Image_1912,test/Image_1912.jpg,Image_1912.jpg,UNKNOWN_TEST,-1,224,224,3,JPEG,25116
Image_1588,test/Image_1588.jpg,Image_1588.jpg,UNKNOWN_TEST,-1,224,224,3,JPEG,24484
Image_1288,test/Image_1288.jpg,Image_1288.jpg,UNKNOWN_TEST,-1,224,224,3,JPEG,28561
Image_30,test/Image_30.jpg,Image_30.jpg,UNKNOWN_TEST,-1,224,224,3,JPEG,31678
Image_145,test/Image_145.jpg,Image_145.jpg,UNKNOWN_TEST,-1,224,224,3,JPEG,24191
Image_1870,test/Image_1870.jpg,Image_1870.jpg,UNKNOWN_TEST,-1,224,224,3,JPEG,26061
Image_1501,test/Image_1501.jpg,Image_1501.jpg,UNKNOWN_TEST,-1,224,224,3,JPEG,30636
Image_1023,test/Image_1023.jpg,Image_1023.jpg,UNKNOWN_TEST,-1,224,224,3,JPEG,22702
Image_2428,test/Image_2428.jpg,Image_2428.jpg,UNKNOWN_TEST,-1,224,224,3,JPEG,16761
Image_801,test/Image_801.jpg,Image_801.jpg,UNKNOWN_TEST,-1,224,224,3,JPEG,26463
Image_285,test/Image_285.jpg,Image_285.jpg,UNKNOWN_TEST,-1,224,224,3,JPEG,29289
Image_798,test/Image_798.jpg,Image_798.jpg,UNKNOWN_TEST,-1,224,224,3,JPEG,25280
Image_2704,test/Image_2704.jpg,Image_2704.jpg,UNKNOWN_TEST,-1,224,224,3,JPEG,21333
Image_1438,test/Image_1438.jpg,Image_1438.jpg,UNKNOWN_TEST,-1,224,224,3,JPEG,32331
Image_1150,test/Image_1150.jpg,Image_1150.jpg,UNKNOWN_TEST,-1,224,224,3,JPEG,32164
Image_292,test/Image_292.jpg,Image_292.jpg,UNKNOWN_TEST,-1,224,224,3,JPEG,25839
Image_1309,test/Image_1309.jpg,Image_1309.jpg,UNKNOWN_TEST,-1,224,224,3,JPEG,32846
Image_2073,test/Image_2073.jpg,Image_2073.jpg,UNKNOWN_TEST,-1,224,224,3,JPEG,25702
Image_665,test/Image_665.jpg,Image_665.jpg,UNKNOWN_TEST,-1,224,224,3,JPEG,25274
Image_940,test/Image_940.jpg,Image_940.jpg,UNKNOWN_TEST,-1,224,224,3,JPEG,22796
Image_2185,test/Image_2185.jpg,Image_2185.jpg,UNKNOWN_TEST,-1,224,224,3,JPEG,27199
Image_1012,test/Image_1012.jpg,Image_1012.jpg,UNKNOWN_TEST,-1,224,224,3,JPEG,33890
Image_2310,test/Image_2310.jpg,Image_2310.jpg,UNKNOWN_TEST,-1,224,224,3,JPEG,19201
Image_1566,test/Image_1566.jpg,Image_1566.jpg,UNKNOWN_TEST,-1,224,224,3,JPEG,19183
Image_176,test/Image_176.jpg,Image_176.jpg,UNKNOWN_TEST,-1,224,224,3,JPEG,36050
Image_1114,test/Image_1114.jpg,Image_1114.jpg,UNKNOWN_TEST,-1,224,224,3,JPEG,18653
Image_1680,test/Image_1680.jpg,Image_1680.jpg,UNKNOWN_TEST,-1,224,224,3,JPEG,25379
Image_2497,test/Image_2497.jpg,Image_2497.jpg,UNKNOWN_TEST,-1,224,224,3,JPEG,29130
Image_1419,test/Image_1419.jpg,Image_1419.jpg,UNKNOWN_TEST,-1,224,224,3,JPEG,24014
Image_1798,test/Image_1798.jpg,Image_1798.jpg,UNKNOWN_TEST,-1,224,224,3,JPEG,21827
Image_2064,test/Image_2064.jpg,Image_2064.jpg,UNKNOWN_TEST,-1,224,224,3,JPEG,32670
Image_408,test/Image_408.jpg,Image_408.jpg,UNKNOWN_TEST,-1,224,224,3,JPEG,34178
Image_1540,test/Image_1540.jpg,Image_1540.jpg,UNKNOWN_TEST,-1,224,224,3,JPEG,27667
Image_1004,test/Image_1004.jpg,Image_1004.jpg,UNKNOWN_TEST,-1,224,224,3,JPEG,35365
Image_2503,test/Image_2503.jpg,Image_2503.jpg,UNKNOWN_TEST,-1,224,224,3,JPEG,28911
Image_2045,test/Image_2045.jpg,Image_2045.jpg,UNKNOWN_TEST,-1,224,224,3,JPEG,30133
Image_1318,test/Image_1318.jpg,Image_1318.jpg,UNKNOWN_TEST,-1,224,224,3,JPEG,21952
Image_1525,test/Image_1525.jpg,Image_1525.jpg,UNKNOWN_TEST,-1,224,224,3,JPEG,27865
Image_641,test/Image_641.jpg,Image_641.jpg,UNKNOWN_TEST,-1,224,224,3,JPEG,21721
Image_1947,test/Image_1947.jpg,Image_1947.jpg,UNKNOWN_TEST,-1,224,224,3,JPEG,28803
Image_2341,test/Image_2341.jpg,Image_2341.jpg,UNKNOWN_TEST,-1,224,224,3,JPEG,30105
Image_46,test/Image_46.jpg,Image_46.jpg,UNKNOWN_TEST,-1,224,224,3,JPEG,34048
Image_2112,test/Image_2112.jpg,Image_2112.jpg,UNKNOWN_TEST,-1,224,224,3,JPEG,33289
Image_49,test/Image_49.jpg,Image_49.jpg,UNKNOWN_TEST,-1,224,224,3,JPEG,24499
Image_468,test/Image_468.jpg,Image_468.jpg,UNKNOWN_TEST,-1,224,224,3,JPEG,24943
Image_438,test/Image_438.jpg,Image_438.jpg,UNKNOWN_TEST,-1,224,224,3,JPEG,32343
Image_2194,test/Image_2194.jpg,Image_2194.jpg,UNKNOWN_TEST,-1,224,224,3,JPEG,17203
Image_646,test/Image_646.jpg,Image_646.jpg,UNKNOWN_TEST,-1,224,224,3,JPEG,21495
Image_298,test/Image_298.jpg,Image_298.jpg,UNKNOWN_TEST,-1,224,224,3,JPEG,29888
Image_1695,test/Image_1695.jpg,Image_1695.jpg,UNKNOWN_TEST,-1,224,224,3,JPEG,13573
Image_713,test/Image_713.jpg,Image_713.jpg,UNKNOWN_TEST,-1,224,224,3,JPEG,23530
Image_2270,test/Image_2270.jpg,Image_2270.jpg,UNKNOWN_TEST,-1,224,224,3,JPEG,21864
Image_935,test/Image_935.jpg,Image_935.jpg,UNKNOWN_TEST,-1,224,224,3,JPEG,24486
Image_938,test/Image_938.jpg,Image_938.jpg,UNKNOWN_TEST,-1,224,224,3,JPEG,18519
Image_1022,test/Image_1022.jpg,Image_1022.jpg,UNKNOWN_TEST,-1,224,224,3,JPEG,24016
Image_1573,test/Image_1573.jpg,Image_1573.jpg,UNKNOWN_TEST,-1,224,224,3,JPEG,27151
Image_1623,test/Image_1623.jpg,Image_1623.jpg,UNKNOWN_TEST,-1,224,224,3,JPEG,27045
Image_1491,test/Image_1491.jpg,Image_1491.jpg,UNKNOWN_TEST,-1,224,224,3,JPEG,22561
Image_2746,test/Image_2746.jpg,Image_2746.jpg,UNKNOWN_TEST,-1,224,224,3,JPEG,25881
Image_427,test/Image_427.jpg,Image_427.jpg,UNKNOWN_TEST,-1,224,224,3,JPEG,22570
Image_595,test/Image_595.jpg,Image_595.jpg,UNKNOWN_TEST,-1,224,224,3,JPEG,25800
Image_368,test/Image_368.jpg,Image_368.jpg,UNKNOWN_TEST,-1,224,224,3,JPEG,22706
Image_134,test/Image_134.jpg,Image_134.jpg,UNKNOWN_TEST,-1,224,224,3,JPEG,21080
Image_2222,test/Image_2222.jpg,Image_2222.jpg,UNKNOWN_TEST,-1,224,224,3,JPEG,28276
Image_2758,test/Image_2758.jpg,Image_2758.jpg,UNKNOWN_TEST,-1,224,224,3,JPEG,21236
Image_605,test/Image_605.jpg,Image_605.jpg,UNKNOWN_TEST,-1,224,224,3,JPEG,40908
Image_1111,test/Image_1111.jpg,Image_1111.jpg,UNKNOWN_TEST,-1,224,224,3,JPEG,31445
Image_1804,test/Image_1804.jpg,Image_1804.jpg,UNKNOWN_TEST,-1,224,224,3,JPEG,25976
Image_702,test/Image_702.jpg,Image_702.jpg,UNKNOWN_TEST,-1,224,224,3,JPEG,24096
Image_545,test/Image_545.jpg,Image_545.jpg,UNKNOWN_TEST,-1,224,224,3,JPEG,27177
Image_2635,test/Image_2635.jpg,Image_2635.jpg,UNKNOWN_TEST,-1,224,224,3,JPEG,40071
Image_277,test/Image_277.jpg,Image_277.jpg,UNKNOWN_TEST,-1,224,224,3,JPEG,30740
Image_2061,test/Image_2061.jpg,Image_2061.jpg,UNKNOWN_TEST,-1,224,224,3,JPEG,24170
Image_1356,test/Image_1356.jpg,Image_1356.jpg,UNKNOWN_TEST,-1,224,224,3,JPEG,27266
Image_2375,test/Image_2375.jpg,Image_2375.jpg,UNKNOWN_TEST,-1,224,224,3,JPEG,28870
Image_645,test/Image_645.jpg,Image_645.jpg,UNKNOWN_TEST,-1,224,224,3,JPEG,19094
Image_1705,test/Image_1705.jpg,Image_1705.jpg,UNKNOWN_TEST,-1,224,224,3,JPEG,22517
Image_1637,test/Image_1637.jpg,Image_1637.jpg,UNKNOWN_TEST,-1,224,224,3,JPEG,27393
Image_895,test/Image_895.jpg,Image_895.jpg,UNKNOWN_TEST,-1,224,224,3,JPEG,26679
Image_2636,test/Image_2636.jpg,Image_2636.jpg,UNKNOWN_TEST,-1,224,224,3,JPEG,27355
Image_1677,test/Image_1677.jpg,Image_1677.jpg,UNKNOWN_TEST,-1,224,224,3,JPEG,24697
Image_1543,test/Image_1543.jpg,Image_1543.jpg,UNKNOWN_TEST,-1,224,224,3,JPEG,15952
Image_1,test/Image_1.jpg,Image_1.jpg,UNKNOWN_TEST,-1,224,224,3,JPEG,32419
Image_1775,test/Image_1775.jpg,Image_1775.jpg,UNKNOWN_TEST,-1,224,224,3,JPEG,25081
Image_2747,test/Image_2747.jpg,Image_2747.jpg,UNKNOWN_TEST,-1,224,224,3,JPEG,13594
Image_629,test/Image_629.jpg,Image_629.jpg,UNKNOWN_TEST,-1,224,224,3,JPEG,19577
Image_2533,test/Image_2533.jpg,Image_2533.jpg,UNKNOWN_TEST,-1,224,224,3,JPEG,26895
Image_2381,test/Image_2381.jpg,Image_2381.jpg,UNKNOWN_TEST,-1,224,224,3,JPEG,13756
Image_858,test/Image_858.jpg,Image_858.jpg,UNKNOWN_TEST,-1,224,224,3,JPEG,23963
Image_2573,test/Image_2573.jpg,Image_2573.jpg,UNKNOWN_TEST,-1,224,224,3,JPEG,24344
Image_860,test/Image_860.jpg,Image_860.jpg,UNKNOWN_TEST,-1,224,224,3,JPEG,29485
Image_1660,test/Image_1660.jpg,Image_1660.jpg,UNKNOWN_TEST,-1,224,224,3,JPEG,26768
Image_128,test/Image_128.jpg,Image_128.jpg,UNKNOWN_TEST,-1,224,224,3,JPEG,13718
Image_1024,test/Image_1024.jpg,Image_1024.jpg,UNKNOWN_TEST,-1,224,224,3,JPEG,23037
Image_1188,test/Image_1188.jpg,Image_1188.jpg,UNKNOWN_TEST,-1,224,224,3,JPEG,25017
Image_1732,test/Image_1732.jpg,Image_1732.jpg,UNKNOWN_TEST,-1,224,224,3,JPEG,24927
Image_651,test/Image_651.jpg,Image_651.jpg,UNKNOWN_TEST,-1,224,224,3,JPEG,24218
Image_2269,test/Image_2269.jpg,Image_2269.jpg,UNKNOWN_TEST,-1,224,224,3,JPEG,43432
Image_430,test/Image_430.jpg,Image_430.jpg,UNKNOWN_TEST,-1,224,224,3,JPEG,22889
Image_1370,test/Image_1370.jpg,Image_1370.jpg,UNKNOWN_TEST,-1,224,224,3,JPEG,25420
Image_147,test/Image_147.jpg,Image_147.jpg,UNKNOWN_TEST,-1,224,224,3,JPEG,24255
Image_2220,test/Image_2220.jpg,Image_2220.jpg,UNKNOWN_TEST,-1,224,224,3,JPEG,23118
Image_1276,test/Image_1276.jpg,Image_1276.jpg,UNKNOWN_TEST,-1,224,224,3,JPEG,34018
Image_2499,test/Image_2499.jpg,Image_2499.jpg,UNKNOWN_TEST,-1,224,224,3,JPEG,16566
Image_558,test/Image_558.jpg,Image_558.jpg,UNKNOWN_TEST,-1,224,224,3,JPEG,23482
Image_2483,test/Image_2483.jpg,Image_2483.jpg,UNKNOWN_TEST,-1,224,224,3,JPEG,24558
Image_2286,test/Image_2286.jpg,Image_2286.jpg,UNKNOWN_TEST,-1,224,224,3,JPEG,21276
Image_1242,test/Image_1242.jpg,Image_1242.jpg,UNKNOWN_TEST,-1,224,224,3,JPEG,19071
Image_284,test/Image_284.jpg,Image_284.jpg,UNKNOWN_TEST,-1,224,224,3,JPEG,28220
Image_428,test/Image_428.jpg,Image_428.jpg,UNKNOWN_TEST,-1,224,224,3,JPEG,27073
Image_1218,test/Image_1218.jpg,Image_1218.jpg,UNKNOWN_TEST,-1,224,224,3,JPEG,29399
Image_2217,test/Image_2217.jpg,Image_2217.jpg,UNKNOWN_TEST,-1,224,224,3,JPEG,23238
Image_1531,test/Image_1531.jpg,Image_1531.jpg,UNKNOWN_TEST,-1,224,224,3,JPEG,30671
Image_2522,test/Image_2522.jpg,Image_2522.jpg,UNKNOWN_TEST,-1,224,224,3,JPEG,26443
Image_164,test/Image_164.jpg,Image_164.jpg,UNKNOWN_TEST,-1,224,224,3,JPEG,34555
Image_1724,test/Image_1724.jpg,Image_1724.jpg,UNKNOWN_TEST,-1,224,224,3,JPEG,29835
Image_416,test/Image_416.jpg,Image_416.jpg,UNKNOWN_TEST,-1,224,224,3,JPEG,22698
Image_202,test/Image_202.jpg,Image_202.jpg,UNKNOWN_TEST,-1,224,224,3,JPEG,20266
Image_1129,test/Image_1129.jpg,Image_1129.jpg,UNKNOWN_TEST,-1,224,224,3,JPEG,15570
Image_241,test/Image_241.jpg,Image_241.jpg,UNKNOWN_TEST,-1,224,224,3,JPEG,29367
Image_841,test/Image_841.jpg,Image_841.jpg,UNKNOWN_TEST,-1,224,224,3,JPEG,32970
Image_2225,test/Image_2225.jpg,Image_2225.jpg,UNKNOWN_TEST,-1,224,224,3,JPEG,27640
Image_1389,test/Image_1389.jpg,Image_1389.jpg,UNKNOWN_TEST,-1,224,224,3,JPEG,24307
Image_71,test/Image_71.jpg,Image_71.jpg,UNKNOWN_TEST,-1,224,224,3,JPEG,29712
Image_997,test/Image_997.jpg,Image_997.jpg,UNKNOWN_TEST,-1,224,224,3,JPEG,24363
Image_1879,test/Image_1879.jpg,Image_1879.jpg,UNKNOWN_TEST,-1,224,224,3,JPEG,32540
Image_1567,test/Image_1567.jpg,Image_1567.jpg,UNKNOWN_TEST,-1,224,224,3,JPEG,34024
Image_1605,test/Image_1605.jpg,Image_1605.jpg,UNKNOWN_TEST,-1,224,224,3,JPEG,28598
Image_2271,test/Image_2271.jpg,Image_2271.jpg,UNKNOWN_TEST,-1,224,224,3,JPEG,17828
Image_35,test/Image_35.jpg,Image_35.jpg,UNKNOWN_TEST,-1,224,224,3,JPEG,31040
Image_367,test/Image_367.jpg,Image_367.jpg,UNKNOWN_TEST,-1,224,224,3,JPEG,20917
Image_1546,test/Image_1546.jpg,Image_1546.jpg,UNKNOWN_TEST,-1,224,224,3,JPEG,28113
Image_1734,test/Image_1734.jpg,Image_1734.jpg,UNKNOWN_TEST,-1,224,224,3,JPEG,25114
Image_1125,test/Image_1125.jpg,Image_1125.jpg,UNKNOWN_TEST,-1,224,224,3,JPEG,17081
Image_766,test/Image_766.jpg,Image_766.jpg,UNKNOWN_TEST,-1,224,224,3,JPEG,24014
Image_2065,test/Image_2065.jpg,Image_2065.jpg,UNKNOWN_TEST,-1,224,224,3,JPEG,36459
Image_1468,test/Image_1468.jpg,Image_1468.jpg,UNKNOWN_TEST,-1,224,224,3,JPEG,25064
Image_1887,test/Image_1887.jpg,Image_1887.jpg,UNKNOWN_TEST,-1,224,224,3,JPEG,24398
Image_844,test/Image_844.jpg,Image_844.jpg,UNKNOWN_TEST,-1,224,224,3,JPEG,22592
Image_1748,test/Image_1748.jpg,Image_1748.jpg,UNKNOWN_TEST,-1,224,224,3,JPEG,26667
Image_543,test/Image_543.jpg,Image_543.jpg,UNKNOWN_TEST,-1,224,224,3,JPEG,28999
Image_745,test/Image_745.jpg,Image_745.jpg,UNKNOWN_TEST,-1,224,224,3,JPEG,15933
Image_1519,test/Image_1519.jpg,Image_1519.jpg,UNKNOWN_TEST,-1,224,224,3,JPEG,24973
Image_204,test/Image_204.jpg,Image_204.jpg,UNKNOWN_TEST,-1,224,224,3,JPEG,20437
Image_697,test/Image_697.jpg,Image_697.jpg,UNKNOWN_TEST,-1,224,224,3,JPEG,24763
Image_1992,test/Image_1992.jpg,Image_1992.jpg,UNKNOWN_TEST,-1,224,224,3,JPEG,35158
Image_732,test/Image_732.jpg,Image_732.jpg,UNKNOWN_TEST,-1,224,224,3,JPEG,19309
Image_313,test/Image_313.jpg,Image_313.jpg,UNKNOWN_TEST,-1,224,224,3,JPEG,24086
Image_2202,test/Image_2202.jpg,Image_2202.jpg,UNKNOWN_TEST,-1,224,224,3,JPEG,20749
Image_1864,test/Image_1864.jpg,Image_1864.jpg,UNKNOWN_TEST,-1,224,224,3,JPEG,23328
Image_1280,test/Image_1280.jpg,Image_1280.jpg,UNKNOWN_TEST,-1,224,224,3,JPEG,23754
Image_1861,test/Image_1861.jpg,Image_1861.jpg,UNKNOWN_TEST,-1,224,224,3,JPEG,21722
Image_1472,test/Image_1472.jpg,Image_1472.jpg,UNKNOWN_TEST,-1,224,224,3,JPEG,22790
Image_696,test/Image_696.jpg,Image_696.jpg,UNKNOWN_TEST,-1,224,224,3,JPEG,22903
Image_594,test/Image_594.jpg,Image_594.jpg,UNKNOWN_TEST,-1,224,224,3,JPEG,29371
Image_2125,test/Image_2125.jpg,Image_2125.jpg,UNKNOWN_TEST,-1,224,224,3,JPEG,21552
Image_464,test/Image_464.jpg,Image_464.jpg,UNKNOWN_TEST,-1,224,224,3,JPEG,18570
Image_2698,test/Image_2698.jpg,Image_2698.jpg,UNKNOWN_TEST,-1,224,224,3,JPEG,19859
Image_970,test/Image_970.jpg,Image_970.jpg,UNKNOWN_TEST,-1,224,224,3,JPEG,21929
Image_1698,test/Image_1698.jpg,Image_1698.jpg,UNKNOWN_TEST,-1,224,224,3,JPEG,21058
Image_1330,test/Image_1330.jpg,Image_1330.jpg,UNKNOWN_TEST,-1,224,224,3,JPEG,26307
Image_2593,test/Image_2593.jpg,Image_2593.jpg,UNKNOWN_TEST,-1,224,224,3,JPEG,28735
Image_725,test/Image_725.jpg,Image_725.jpg,UNKNOWN_TEST,-1,224,224,3,JPEG,20664
Image_378,test/Image_378.jpg,Image_378.jpg,UNKNOWN_TEST,-1,224,224,3,JPEG,36315
Image_1604,test/Image_1604.jpg,Image_1604.jpg,UNKNOWN_TEST,-1,224,224,3,JPEG,15765
Image_369,test/Image_369.jpg,Image_369.jpg,UNKNOWN_TEST,-1,224,224,3,JPEG,31100
Image_1136,test/Image_1136.jpg,Image_1136.jpg,UNKNOWN_TEST,-1,224,224,3,JPEG,28947
Image_1877,test/Image_1877.jpg,Image_1877.jpg,UNKNOWN_TEST,-1,224,224,3,JPEG,18240
Image_2149,test/Image_2149.jpg,Image_2149.jpg,UNKNOWN_TEST,-1,224,224,3,JPEG,31862
Image_1187,test/Image_1187.jpg,Image_1187.jpg,UNKNOWN_TEST,-1,224,224,3,JPEG,25337
Image_1611,test/Image_1611.jpg,Image_1611.jpg,UNKNOWN_TEST,-1,224,224,3,JPEG,36379
Image_1962,test/Image_1962.jpg,Image_1962.jpg,UNKNOWN_TEST,-1,224,224,3,JPEG,25609
Image_946,test/Image_946.jpg,Image_946.jpg,UNKNOWN_TEST,-1,224,224,3,JPEG,21613
Image_2097,test/Image_2097.jpg,Image_2097.jpg,UNKNOWN_TEST,-1,224,224,3,JPEG,32271
Image_2486,test/Image_2486.jpg,Image_2486.jpg,UNKNOWN_TEST,-1,224,224,3,JPEG,26044
Image_1296,test/Image_1296.jpg,Image_1296.jpg,UNKNOWN_TEST,-1,224,224,3,JPEG,38343
Image_167,test/Image_167.jpg,Image_167.jpg,UNKNOWN_TEST,-1,224,224,3,JPEG,22662
Image_1831,test/Image_1831.jpg,Image_1831.jpg,UNKNOWN_TEST,-1,224,224,3,JPEG,23078
Image_822,test/Image_822.jpg,Image_822.jpg,UNKNOWN_TEST,-1,224,224,3,JPEG,26356
Image_2544,test/Image_2544.jpg,Image_2544.jpg,UNKNOWN_TEST,-1,224,224,3,JPEG,28311
Image_1029,test/Image_1029.jpg,Image_1029.jpg,UNKNOWN_TEST,-1,224,224,3,JPEG,16446
Image_2776,test/Image_2776.jpg,Image_2776.jpg,UNKNOWN_TEST,-1,224,224,3,JPEG,33295
Image_1904,test/Image_1904.jpg,Image_1904.jpg,UNKNOWN_TEST,-1,224,224,3,JPEG,22830
Image_2706,test/Image_2706.jpg,Image_2706.jpg,UNKNOWN_TEST,-1,224,224,3,JPEG,28460
Image_2062,test/Image_2062.jpg,Image_2062.jpg,UNKNOWN_TEST,-1,224,224,3,JPEG,21367
Image_130,test/Image_130.jpg,Image_130.jpg,UNKNOWN_TEST,-1,224,224,3,JPEG,22349
Image_767,test/Image_767.jpg,Image_767.jpg,UNKNOWN_TEST,-1,224,224,3,JPEG,22690
Image_65,test/Image_65.jpg,Image_65.jpg,UNKNOWN_TEST,-1,224,224,3,JPEG,22256
Image_494,test/Image_494.jpg,Image_494.jpg,UNKNOWN_TEST,-1,224,224,3,JPEG,22331
Image_2739,test/Image_2739.jpg,Image_2739.jpg,UNKNOWN_TEST,-1,224,224,3,JPEG,21590
Image_757,test/Image_757.jpg,Image_757.jpg,UNKNOWN_TEST,-1,224,224,3,JPEG,25814
Image_2299,test/Image_2299.jpg,Image_2299.jpg,UNKNOWN_TEST,-1,224,224,3,JPEG,32112
Image_750,test/Image_750.jpg,Image_750.jpg,UNKNOWN_TEST,-1,224,224,3,JPEG,25036
Image_2407,test/Image_2407.jpg,Image_2407.jpg,UNKNOWN_TEST,-1,224,224,3,JPEG,35321
Image_754,test/Image_754.jpg,Image_754.jpg,UNKNOWN_TEST,-1,224,224,3,JPEG,27771
Image_1256,test/Image_1256.jpg,Image_1256.jpg,UNKNOWN_TEST,-1,224,224,3,JPEG,33091
Image_1954,test/Image_1954.jpg,Image_1954.jpg,UNKNOWN_TEST,-1,224,224,3,JPEG,28538
Image_2717,test/Image_2717.jpg,Image_2717.jpg,UNKNOWN_TEST,-1,224,224,3,JPEG,20109
Image_2781,test/Image_2781.jpg,Image_2781.jpg,UNKNOWN_TEST,-1,224,224,3,JPEG,27083
Image_608,test/Image_608.jpg,Image_608.jpg,UNKNOWN_TEST,-1,224,224,3,JPEG,28469
Image_80,test/Image_80.jpg,Image_80.jpg,UNKNOWN_TEST,-1,224,224,3,JPEG,15906
Image_1444,test/Image_1444.jpg,Image_1444.jpg,UNKNOWN_TEST,-1,224,224,3,JPEG,23111
Image_2509,test/Image_2509.jpg,Image_2509.jpg,UNKNOWN_TEST,-1,224,224,3,JPEG,22916
Image_217,test/Image_217.jpg,Image_217.jpg,UNKNOWN_TEST,-1,224,224,3,JPEG,21082
Image_235,test/Image_235.jpg,Image_235.jpg,UNKNOWN_TEST,-1,224,224,3,JPEG,30872
Image_1231,test/Image_1231.jpg,Image_1231.jpg,UNKNOWN_TEST,-1,224,224,3,JPEG,35598
Image_2042,test/Image_2042.jpg,Image_2042.jpg,UNKNOWN_TEST,-1,224,224,3,JPEG,25411
Image_1871,test/Image_1871.jpg,Image_1871.jpg,UNKNOWN_TEST,-1,224,224,3,JPEG,15767
Image_492,test/Image_492.jpg,Image_492.jpg,UNKNOWN_TEST,-1,224,224,3,JPEG,34463
Image_715,test/Image_715.jpg,Image_715.jpg,UNKNOWN_TEST,-1,224,224,3,JPEG,27749
Image_2576,test/Image_2576.jpg,Image_2576.jpg,UNKNOWN_TEST,-1,224,224,3,JPEG,25377
Image_642,test/Image_642.jpg,Image_642.jpg,UNKNOWN_TEST,-1,224,224,3,JPEG,33893
Image_802,test/Image_802.jpg,Image_802.jpg,UNKNOWN_TEST,-1,224,224,3,JPEG,32945
Image_2167,test/Image_2167.jpg,Image_2167.jpg,UNKNOWN_TEST,-1,224,224,3,JPEG,29410
Image_410,test/Image_410.jpg,Image_410.jpg,UNKNOWN_TEST,-1,224,224,3,JPEG,20237
Image_2444,test/Image_2444.jpg,Image_2444.jpg,UNKNOWN_TEST,-1,224,224,3,JPEG,27273
Image_2578,test/Image_2578.jpg,Image_2578.jpg,UNKNOWN_TEST,-1,224,224,3,JPEG,17589
Image_785,test/Image_785.jpg,Image_785.jpg,UNKNOWN_TEST,-1,224,224,3,JPEG,23801
Image_2082,test/Image_2082.jpg,Image_2082.jpg,UNKNOWN_TEST,-1,224,224,3,JPEG,20316
Image_1558,test/Image_1558.jpg,Image_1558.jpg,UNKNOWN_TEST,-1,224,224,3,JPEG,22440
Image_1712,test/Image_1712.jpg,Image_1712.jpg,UNKNOWN_TEST,-1,224,224,3,JPEG,40255
Image_2038,test/Image_2038.jpg,Image_2038.jpg,UNKNOWN_TEST,-1,224,224,3,JPEG,31030
Image_474,test/Image_474.jpg,Image_474.jpg,UNKNOWN_TEST,-1,224,224,3,JPEG,30776
Image_137,test/Image_137.jpg,Image_137.jpg,UNKNOWN_TEST,-1,224,224,3,JPEG,35576
Image_607,test/Image_607.jpg,Image_607.jpg,UNKNOWN_TEST,-1,224,224,3,JPEG,36940
Image_1707,test/Image_1707.jpg,Image_1707.jpg,UNKNOWN_TEST,-1,224,224,3,JPEG,24971
Image_2528,test/Image_2528.jpg,Image_2528.jpg,UNKNOWN_TEST,-1,224,224,3,JPEG,24327
Image_1747,test/Image_1747.jpg,Image_1747.jpg,UNKNOWN_TEST,-1,224,224,3,JPEG,34751
Image_648,test/Image_648.jpg,Image_648.jpg,UNKNOWN_TEST,-1,224,224,3,JPEG,30055
Image_2047,test/Image_2047.jpg,Image_2047.jpg,UNKNOWN_TEST,-1,224,224,3,JPEG,28051
Image_2027,test/Image_2027.jpg,Image_2027.jpg,UNKNOWN_TEST,-1,224,224,3,JPEG,31806
Image_1711,test/Image_1711.jpg,Image_1711.jpg,UNKNOWN_TEST,-1,224,224,3,JPEG,19866
Image_1915,test/Image_1915.jpg,Image_1915.jpg,UNKNOWN_TEST,-1,224,224,3,JPEG,26076
Image_1086,test/Image_1086.jpg,Image_1086.jpg,UNKNOWN_TEST,-1,224,224,3,JPEG,20881
Image_1733,test/Image_1733.jpg,Image_1733.jpg,UNKNOWN_TEST,-1,224,224,3,JPEG,34089
Image_813,test/Image_813.jpg,Image_813.jpg,UNKNOWN_TEST,-1,224,224,3,JPEG,31527
Image_317,test/Image_317.jpg,Image_317.jpg,UNKNOWN_TEST,-1,224,224,3,JPEG,27315
Image_2493,test/Image_2493.jpg,Image_2493.jpg,UNKNOWN_TEST,-1,224,224,3,JPEG,18450
Image_517,test/Image_517.jpg,Image_517.jpg,UNKNOWN_TEST,-1,224,224,3,JPEG,27192
Image_24,test/Image_24.jpg,Image_24.jpg,UNKNOWN_TEST,-1,224,224,3,JPEG,17513
Image_2599,test/Image_2599.jpg,Image_2599.jpg,UNKNOWN_TEST,-1,224,224,3,JPEG,28668
Image_1922,test/Image_1922.jpg,Image_1922.jpg,UNKNOWN_TEST,-1,224,224,3,JPEG,22027
Image_2153,test/Image_2153.jpg,Image_2153.jpg,UNKNOWN_TEST,-1,224,224,3,JPEG,27104
Image_1997,test/Image_1997.jpg,Image_1997.jpg,UNKNOWN_TEST,-1,224,224,3,JPEG,14769
Image_2134,test/Image_2134.jpg,Image_2134.jpg,UNKNOWN_TEST,-1,224,224,3,JPEG,21676
Image_834,test/Image_834.jpg,Image_834.jpg,UNKNOWN_TEST,-1,224,224,3,JPEG,29194
Image_1433,test/Image_1433.jpg,Image_1433.jpg,UNKNOWN_TEST,-1,224,224,3,JPEG,27535
Image_2090,test/Image_2090.jpg,Image_2090.jpg,UNKNOWN_TEST,-1,224,224,3,JPEG,33468
Image_426,test/Image_426.jpg,Image_426.jpg,UNKNOWN_TEST,-1,224,224,3,JPEG,31858
Image_1545,test/Image_1545.jpg,Image_1545.jpg,UNKNOWN_TEST,-1,224,224,3,JPEG,30669
Image_1768,test/Image_1768.jpg,Image_1768.jpg,UNKNOWN_TEST,-1,224,224,3,JPEG,21967
Image_911,test/Image_911.jpg,Image_911.jpg,UNKNOWN_TEST,-1,224,224,3,JPEG,30210
Image_320,test/Image_320.jpg,Image_320.jpg,UNKNOWN_TEST,-1,224,224,3,JPEG,20873
Image_1539,test/Image_1539.jpg,Image_1539.jpg,UNKNOWN_TEST,-1,224,224,3,JPEG,27625
Image_310,test/Image_310.jpg,Image_310.jpg,UNKNOWN_TEST,-1,224,224,3,JPEG,32874
Image_528,test/Image_528.jpg,Image_528.jpg,UNKNOWN_TEST,-1,224,224,3,JPEG,18216
Image_2248,test/Image_2248.jpg,Image_2248.jpg,UNKNOWN_TEST,-1,224,224,3,JPEG,23715
Image_316,test/Image_316.jpg,Image_316.jpg,UNKNOWN_TEST,-1,224,224,3,JPEG,26807
Image_2534,test/Image_2534.jpg,Image_2534.jpg,UNKNOWN_TEST,-1,224,224,3,JPEG,30103
Image_610,test/Image_610.jpg,Image_610.jpg,UNKNOWN_TEST,-1,224,224,3,JPEG,19735
Image_307,test/Image_307.jpg,Image_307.jpg,UNKNOWN_TEST,-1,224,224,3,JPEG,26364
Image_563,test/Image_563.jpg,Image_563.jpg,UNKNOWN_TEST,-1,224,224,3,JPEG,28172
Image_1305,test/Image_1305.jpg,Image_1305.jpg,UNKNOWN_TEST,-1,224,224,3,JPEG,25812
Image_2415,test/Image_2415.jpg,Image_2415.jpg,UNKNOWN_TEST,-1,224,224,3,JPEG,18636
Image_1406,test/Image_1406.jpg,Image_1406.jpg,UNKNOWN_TEST,-1,224,224,3,JPEG,20309
Image_2625,test/Image_2625.jpg,Image_2625.jpg,UNKNOWN_TEST,-1,224,224,3,JPEG,34403
Image_2099,test/Image_2099.jpg,Image_2099.jpg,UNKNOWN_TEST,-1,224,224,3,JPEG,9371
Image_2535,test/Image_2535.jpg,Image_2535.jpg,UNKNOWN_TEST,-1,224,224,3,JPEG,33281
Image_487,test/Image_487.jpg,Image_487.jpg,UNKNOWN_TEST,-1,224,224,3,JPEG,22423
Image_500,test/Image_500.jpg,Image_500.jpg,UNKNOWN_TEST,-1,224,224,3,JPEG,26347
Image_103,test/Image_103.jpg,Image_103.jpg,UNKNOWN_TEST,-1,224,224,3,JPEG,22089
Image_452,test/Image_452.jpg,Image_452.jpg,UNKNOWN_TEST,-1,224,224,3,JPEG,24317
Image_549,test/Image_549.jpg,Image_549.jpg,UNKNOWN_TEST,-1,224,224,3,JPEG,26140
Image_181,test/Image_181.jpg,Image_181.jpg,UNKNOWN_TEST,-1,224,224,3,JPEG,24742
Image_559,test/Image_559.jpg,Image_559.jpg,UNKNOWN_TEST,-1,224,224,3,JPEG,24209
Image_2588,test/Image_2588.jpg,Image_2588.jpg,UNKNOWN_TEST,-1,224,224,3,JPEG,27900
Image_1953,test/Image_1953.jpg,Image_1953.jpg,UNKNOWN_TEST,-1,224,224,3,JPEG,27137
Image_2402,test/Image_2402.jpg,Image_2402.jpg,UNKNOWN_TEST,-1,224,224,3,JPEG,17320
Image_2664,test/Image_2664.jpg,Image_2664.jpg,UNKNOWN_TEST,-1,224,224,3,JPEG,32193
Image_693,test/Image_693.jpg,Image_693.jpg,UNKNOWN_TEST,-1,224,224,3,JPEG,24392
Image_1523,test/Image_1523.jpg,Image_1523.jpg,UNKNOWN_TEST,-1,224,224,3,JPEG,35104
Image_1053,test/Image_1053.jpg,Image_1053.jpg,UNKNOWN_TEST,-1,224,224,3,JPEG,24920
Image_1030,test/Image_1030.jpg,Image_1030.jpg,UNKNOWN_TEST,-1,224,224,3,JPEG,20993
Image_220,test/Image_220.jpg,Image_220.jpg,UNKNOWN_TEST,-1,224,224,3,JPEG,25303
Image_2140,test/Image_2140.jpg,Image_2140.jpg,UNKNOWN_TEST,-1,224,224,3,JPEG,30492
Image_2301,test/Image_2301.jpg,Image_2301.jpg,UNKNOWN_TEST,-1,224,224,3,JPEG,24980
Image_1507,test/Image_1507.jpg,Image_1507.jpg,UNKNOWN_TEST,-1,224,224,3,JPEG,19703
Image_1254,test/Image_1254.jpg,Image_1254.jpg,UNKNOWN_TEST,-1,224,224,3,JPEG,14966
Image_2308,test/Image_2308.jpg,Image_2308.jpg,UNKNOWN_TEST,-1,224,224,3,JPEG,31234
Image_1572,test/Image_1572.jpg,Image_1572.jpg,UNKNOWN_TEST,-1,224,224,3,JPEG,34082
Image_469,test/Image_469.jpg,Image_469.jpg,UNKNOWN_TEST,-1,224,224,3,JPEG,19848
Image_1532,test/Image_1532.jpg,Image_1532.jpg,UNKNOWN_TEST,-1,224,224,3,JPEG,16130
Image_1300,test/Image_1300.jpg,Image_1300.jpg,UNKNOWN_TEST,-1,224,224,3,JPEG,21203
Image_2251,test/Image_2251.jpg,Image_2251.jpg,UNKNOWN_TEST,-1,224,224,3,JPEG,37979
Image_1088,test/Image_1088.jpg,Image_1088.jpg,UNKNOWN_TEST,-1,224,224,3,JPEG,26413
Image_87,test/Image_87.jpg,Image_87.jpg,UNKNOWN_TEST,-1,224,224,3,JPEG,32491
Image_2132,test/Image_2132.jpg,Image_2132.jpg,UNKNOWN_TEST,-1,224,224,3,JPEG,25078
Image_1715,test/Image_1715.jpg,Image_1715.jpg,UNKNOWN_TEST,-1,224,224,3,JPEG,24537
Image_303,test/Image_303.jpg,Image_303.jpg,UNKNOWN_TEST,-1,224,224,3,JPEG,24517
Image_2206,test/Image_2206.jpg,Image_2206.jpg,UNKNOWN_TEST,-1,224,224,3,JPEG,38118
Image_875,test/Image_875.jpg,Image_875.jpg,UNKNOWN_TEST,-1,224,224,3,JPEG,19465
Image_816,test/Image_816.jpg,Image_816.jpg,UNKNOWN_TEST,-1,224,224,3,JPEG,28597
Image_1064,test/Image_1064.jpg,Image_1064.jpg,UNKNOWN_TEST,-1,224,224,3,JPEG,34397
Image_1261,test/Image_1261.jpg,Image_1261.jpg,UNKNOWN_TEST,-1,224,224,3,JPEG,24835
Image_1084,test/Image_1084.jpg,Image_1084.jpg,UNKNOWN_TEST,-1,224,224,3,JPEG,16031
Image_2057,test/Image_2057.jpg,Image_2057.jpg,UNKNOWN_TEST,-1,224,224,3,JPEG,19472
Image_375,test/Image_375.jpg,Image_375.jpg,UNKNOWN_TEST,-1,224,224,3,JPEG,24811
Image_153,test/Image_153.jpg,Image_153.jpg,UNKNOWN_TEST,-1,224,224,3,JPEG,21483
Image_611,test/Image_611.jpg,Image_611.jpg,UNKNOWN_TEST,-1,224,224,3,JPEG,23473
Image_2658,test/Image_2658.jpg,Image_2658.jpg,UNKNOWN_TEST,-1,224,224,3,JPEG,21031
Image_139,test/Image_139.jpg,Image_139.jpg,UNKNOWN_TEST,-1,224,224,3,JPEG,26198
Image_1073,test/Image_1073.jpg,Image_1073.jpg,UNKNOWN_TEST,-1,224,224,3,JPEG,22258
Image_2183,test/Image_2183.jpg,Image_2183.jpg,UNKNOWN_TEST,-1,224,224,3,JPEG,28578
Image_2680,test/Image_2680.jpg,Image_2680.jpg,UNKNOWN_TEST,-1,224,224,3,JPEG,21934
Image_2184,test/Image_2184.jpg,Image_2184.jpg,UNKNOWN_TEST,-1,224,224,3,JPEG,20407
Image_449,test/Image_449.jpg,Image_449.jpg,UNKNOWN_TEST,-1,224,224,3,JPEG,25568
Image_411,test/Image_411.jpg,Image_411.jpg,UNKNOWN_TEST,-1,224,224,3,JPEG,23959
Image_2652,test/Image_2652.jpg,Image_2652.jpg,UNKNOWN_TEST,-1,224,224,3,JPEG,24421
Image_476,test/Image_476.jpg,Image_476.jpg,UNKNOWN_TEST,-1,224,224,3,JPEG,23218
Image_2399,test/Image_2399.jpg,Image_2399.jpg,UNKNOWN_TEST,-1,224,224,3,JPEG,22554
Image_242,test/Image_242.jpg,Image_242.jpg,UNKNOWN_TEST,-1,224,224,3,JPEG,27175
Image_1137,test/Image_1137.jpg,Image_1137.jpg,UNKNOWN_TEST,-1,224,224,3,JPEG,30500
Image_1587,test/Image_1587.jpg,Image_1587.jpg,UNKNOWN_TEST,-1,224,224,3,JPEG,23556
Image_188,test/Image_188.jpg,Image_188.jpg,UNKNOWN_TEST,-1,224,224,3,JPEG,23924
Image_55,test/Image_55.jpg,Image_55.jpg,UNKNOWN_TEST,-1,224,224,3,JPEG,26430
Image_2417,test/Image_2417.jpg,Image_2417.jpg,UNKNOWN_TEST,-1,224,224,3,JPEG,15526
Image_2298,test/Image_2298.jpg,Image_2298.jpg,UNKNOWN_TEST,-1,224,224,3,JPEG,14976
Image_800,test/Image_800.jpg,Image_800.jpg,UNKNOWN_TEST,-1,224,224,3,JPEG,27798
Image_1049,test/Image_1049.jpg,Image_1049.jpg,UNKNOWN_TEST,-1,224,224,3,JPEG,22891
Image_327,test/Image_327.jpg,Image_327.jpg,UNKNOWN_TEST,-1,224,224,3,JPEG,40400
Image_1889,test/Image_1889.jpg,Image_1889.jpg,UNKNOWN_TEST,-1,224,224,3,JPEG,21077
Image_2266,test/Image_2266.jpg,Image_2266.jpg,UNKNOWN_TEST,-1,224,224,3,JPEG,21001
Image_1106,test/Image_1106.jpg,Image_1106.jpg,UNKNOWN_TEST,-1,224,224,3,JPEG,33386
Image_1161,test/Image_1161.jpg,Image_1161.jpg,UNKNOWN_TEST,-1,224,224,3,JPEG,19644
Image_2229,test/Image_2229.jpg,Image_2229.jpg,UNKNOWN_TEST,-1,224,224,3,JPEG,27810
Image_1253,test/Image_1253.jpg,Image_1253.jpg,UNKNOWN_TEST,-1,224,224,3,JPEG,27887
Image_1760,test/Image_1760.jpg,Image_1760.jpg,UNKNOWN_TEST,-1,224,224,3,JPEG,19809
Image_2608,test/Image_2608.jpg,Image_2608.jpg,UNKNOWN_TEST,-1,224,224,3,JPEG,26544
Image_3,test/Image_3.jpg,Image_3.jpg,UNKNOWN_TEST,-1,224,224,3,JPEG,29276
Image_1328,test/Image_1328.jpg,Image_1328.jpg,UNKNOWN_TEST,-1,224,224,3,JPEG,33992
Image_2516,test/Image_2516.jpg,Image_2516.jpg,UNKNOWN_TEST,-1,224,224,3,JPEG,29374
Image_2192,test/Image_2192.jpg,Image_2192.jpg,UNKNOWN_TEST,-1,224,224,3,JPEG,25717
Image_1880,test/Image_1880.jpg,Image_1880.jpg,UNKNOWN_TEST,-1,224,224,3,JPEG,29781
Image_2655,test/Image_2655.jpg,Image_2655.jpg,UNKNOWN_TEST,-1,224,224,3,JPEG,22454
Image_600,test/Image_600.jpg,Image_600.jpg,UNKNOWN_TEST,-1,224,224,3,JPEG,22270
Image_888,test/Image_888.jpg,Image_888.jpg,UNKNOWN_TEST,-1,224,224,3,JPEG,15977
Image_349,test/Image_349.jpg,Image_349.jpg,UNKNOWN_TEST,-1,224,224,3,JPEG,18556
Image_205,test/Image_205.jpg,Image_205.jpg,UNKNOWN_TEST,-1,224,224,3,JPEG,21988
Image_1339,test/Image_1339.jpg,Image_1339.jpg,UNKNOWN_TEST,-1,224,224,3,JPEG,25972
Image_83,test/Image_83.jpg,Image_83.jpg,UNKNOWN_TEST,-1,224,224,3,JPEG,25209
Image_1884,test/Image_1884.jpg,Image_1884.jpg,UNKNOWN_TEST,-1,224,224,3,JPEG,20998
Image_2612,test/Image_2612.jpg,Image_2612.jpg,UNKNOWN_TEST,-1,224,224,3,JPEG,36291
Image_833,test/Image_833.jpg,Image_833.jpg,UNKNOWN_TEST,-1,224,224,3,JPEG,29833
Image_1432,test/Image_1432.jpg,Image_1432.jpg,UNKNOWN_TEST,-1,224,224,3,JPEG,18713
Image_480,test/Image_480.jpg,Image_480.jpg,UNKNOWN_TEST,-1,224,224,3,JPEG,23778
Image_773,test/Image_773.jpg,Image_773.jpg,UNKNOWN_TEST,-1,224,224,3,JPEG,31683
Image_2472,test/Image_2472.jpg,Image_2472.jpg,UNKNOWN_TEST,-1,224,224,3,JPEG,26191
Image_2147,test/Image_2147.jpg,Image_2147.jpg,UNKNOWN_TEST,-1,224,224,3,JPEG,31363
Image_1393,test/Image_1393.jpg,Image_1393.jpg,UNKNOWN_TEST,-1,224,224,3,JPEG,22016
Image_388,test/Image_388.jpg,Image_388.jpg,UNKNOWN_TEST,-1,224,224,3,JPEG,20842
Image_1974,test/Image_1974.jpg,Image_1974.jpg,UNKNOWN_TEST,-1,224,224,3,JPEG,21574
Image_2385,test/Image_2385.jpg,Image_2385.jpg,UNKNOWN_TEST,-1,224,224,3,JPEG,27949
Image_577,test/Image_577.jpg,Image_577.jpg,UNKNOWN_TEST,-1,224,224,3,JPEG,23410
Image_551,test/Image_551.jpg,Image_551.jpg,UNKNOWN_TEST,-1,224,224,3,JPEG,34699
Image_1856,test/Image_1856.jpg,Image_1856.jpg,UNKNOWN_TEST,-1,224,224,3,JPEG,25272
Image_2008,test/Image_2008.jpg,Image_2008.jpg,UNKNOWN_TEST,-1,224,224,3,JPEG,23855
Image_2740,test/Image_2740.jpg,Image_2740.jpg,UNKNOWN_TEST,-1,224,224,3,JPEG,25289
Image_1840,test/Image_1840.jpg,Image_1840.jpg,UNKNOWN_TEST,-1,224,224,3,JPEG,24087
Image_557,test/Image_557.jpg,Image_557.jpg,UNKNOWN_TEST,-1,224,224,3,JPEG,26328
Image_1791,test/Image_1791.jpg,Image_1791.jpg,UNKNOWN_TEST,-1,224,224,3,JPEG,24053
Image_2238,test/Image_2238.jpg,Image_2238.jpg,UNKNOWN_TEST,-1,224,224,3,JPEG,27872
Image_569,test/Image_569.jpg,Image_569.jpg,UNKNOWN_TEST,-1,224,224,3,JPEG,21138
Image_2678,test/Image_2678.jpg,Image_2678.jpg,UNKNOWN_TEST,-1,224,224,3,JPEG,21877
Image_1821,test/Image_1821.jpg,Image_1821.jpg,UNKNOWN_TEST,-1,224,224,3,JPEG,29399
Image_1221,test/Image_1221.jpg,Image_1221.jpg,UNKNOWN_TEST,-1,224,224,3,JPEG,28929
Image_1047,test/Image_1047.jpg,Image_1047.jpg,UNKNOWN_TEST,-1,224,224,3,JPEG,31621
Image_1805,test/Image_1805.jpg,Image_1805.jpg,UNKNOWN_TEST,-1,224,224,3,JPEG,25624
Image_2324,test/Image_2324.jpg,Image_2324.jpg,UNKNOWN_TEST,-1,224,224,3,JPEG,28834
Image_436,test/Image_436.jpg,Image_436.jpg,UNKNOWN_TEST,-1,224,224,3,JPEG,34121
Image_281,test/Image_281.jpg,Image_281.jpg,UNKNOWN_TEST,-1,224,224,3,JPEG,19492
Image_576,test/Image_576.jpg,Image_576.jpg,UNKNOWN_TEST,-1,224,224,3,JPEG,28460
Image_654,test/Image_654.jpg,Image_654.jpg,UNKNOWN_TEST,-1,224,224,3,JPEG,27143
Image_1633,test/Image_1633.jpg,Image_1633.jpg,UNKNOWN_TEST,-1,224,224,3,JPEG,18576
Image_2748,test/Image_2748.jpg,Image_2748.jpg,UNKNOWN_TEST,-1,224,224,3,JPEG,28338
Image_1343,test/Image_1343.jpg,Image_1343.jpg,UNKNOWN_TEST,-1,224,224,3,JPEG,22189
Image_817,test/Image_817.jpg,Image_817.jpg,UNKNOWN_TEST,-1,224,224,3,JPEG,26508
Image_182,test/Image_182.jpg,Image_182.jpg,UNKNOWN_TEST,-1,224,224,3,JPEG,40709
Image_2731,test/Image_2731.jpg,Image_2731.jpg,UNKNOWN_TEST,-1,224,224,3,JPEG,23234
Image_1759,test/Image_1759.jpg,Image_1759.jpg,UNKNOWN_TEST,-1,224,224,3,JPEG,28979
Image_1964,test/Image_1964.jpg,Image_1964.jpg,UNKNOWN_TEST,-1,224,224,3,JPEG,23797
Image_571,test/Image_571.jpg,Image_571.jpg,UNKNOWN_TEST,-1,224,224,3,JPEG,23161
Image_771,test/Image_771.jpg,Image_771.jpg,UNKNOWN_TEST,-1,224,224,3,JPEG,28041
Image_2030,test/Image_2030.jpg,Image_2030.jpg,UNKNOWN_TEST,-1,224,224,3,JPEG,27342
Image_1459,test/Image_1459.jpg,Image_1459.jpg,UNKNOWN_TEST,-1,224,224,3,JPEG,14637
Image_633,test/Image_633.jpg,Image_633.jpg,UNKNOWN_TEST,-1,224,224,3,JPEG,24354
Image_2245,test/Image_2245.jpg,Image_2245.jpg,UNKNOWN_TEST,-1,224,224,3,JPEG,22925
Image_588,test/Image_588.jpg,Image_588.jpg,UNKNOWN_TEST,-1,224,224,3,JPEG,23535
Image_2721,test/Image_2721.jpg,Image_2721.jpg,UNKNOWN_TEST,-1,224,224,3,JPEG,18859
Image_1156,test/Image_1156.jpg,Image_1156.jpg,UNKNOWN_TEST,-1,224,224,3,JPEG,19871
Image_541,test/Image_541.jpg,Image_541.jpg,UNKNOWN_TEST,-1,224,224,3,JPEG,30469
Image_2165,test/Image_2165.jpg,Image_2165.jpg,UNKNOWN_TEST,-1,224,224,3,JPEG,25583
Image_1562,test/Image_1562.jpg,Image_1562.jpg,UNKNOWN_TEST,-1,224,224,3,JPEG,27788
Image_2371,test/Image_2371.jpg,Image_2371.jpg,UNKNOWN_TEST,-1,224,224,3,JPEG,27032
Image_791,test/Image_791.jpg,Image_791.jpg,UNKNOWN_TEST,-1,224,224,3,JPEG,26051
Image_1102,test/Image_1102.jpg,Image_1102.jpg,UNKNOWN_TEST,-1,224,224,3,JPEG,38611
Image_1591,test/Image_1591.jpg,Image_1591.jpg,UNKNOWN_TEST,-1,224,224,3,JPEG,23446
Image_1424,test/Image_1424.jpg,Image_1424.jpg,UNKNOWN_TEST,-1,224,224,3,JPEG,28006
Image_1910,test/Image_1910.jpg,Image_1910.jpg,UNKNOWN_TEST,-1,224,224,3,JPEG,23900
Image_1310,test/Image_1310.jpg,Image_1310.jpg,UNKNOWN_TEST,-1,224,224,3,JPEG,16328
Image_82,test/Image_82.jpg,Image_82.jpg,UNKNOWN_TEST,-1,224,224,3,JPEG,24167
Image_2648,test/Image_2648.jpg,Image_2648.jpg,UNKNOWN_TEST,-1,224,224,3,JPEG,27294
Image_617,test/Image_617.jpg,Image_617.jpg,UNKNOWN_TEST,-1,224,224,3,JPEG,27351
Image_1728,test/Image_1728.jpg,Image_1728.jpg,UNKNOWN_TEST,-1,224,224,3,JPEG,19063
Image_2,test/Image_2.jpg,Image_2.jpg,UNKNOWN_TEST,-1,224,224,3,JPEG,25653
Image_1462,test/Image_1462.jpg,Image_1462.jpg,UNKNOWN_TEST,-1,224,224,3,JPEG,27624
Image_1121,test/Image_1121.jpg,Image_1121.jpg,UNKNOWN_TEST,-1,224,224,3,JPEG,21743
Image_1561,test/Image_1561.jpg,Image_1561.jpg,UNKNOWN_TEST,-1,224,224,3,JPEG,38326
Image_1007,test/Image_1007.jpg,Image_1007.jpg,UNKNOWN_TEST,-1,224,224,3,JPEG,23209
Image_191,test/Image_191.jpg,Image_191.jpg,UNKNOWN_TEST,-1,224,224,3,JPEG,26402
Image_2218,test/Image_2218.jpg,Image_2218.jpg,UNKNOWN_TEST,-1,224,224,3,JPEG,39324
Image_1260,test/Image_1260.jpg,Image_1260.jpg,UNKNOWN_TEST,-1,224,224,3,JPEG,26220
Image_530,test/Image_530.jpg,Image_530.jpg,UNKNOWN_TEST,-1,224,224,3,JPEG,16975
Image_380,test/Image_380.jpg,Image_380.jpg,UNKNOWN_TEST,-1,224,224,3,JPEG,20910
Image_1344,test/Image_1344.jpg,Image_1344.jpg,UNKNOWN_TEST,-1,224,224,3,JPEG,30956
Image_18,test/Image_18.jpg,Image_18.jpg,UNKNOWN_TEST,-1,224,224,3,JPEG,28424
Image_2150,test/Image_2150.jpg,Image_2150.jpg,UNKNOWN_TEST,-1,224,224,3,JPEG,19489
Image_1674,test/Image_1674.jpg,Image_1674.jpg,UNKNOWN_TEST,-1,224,224,3,JPEG,30675
Image_2179,test/Image_2179.jpg,Image_2179.jpg,UNKNOWN_TEST,-1,224,224,3,JPEG,34975
Image_2785,test/Image_2785.jpg,Image_2785.jpg,UNKNOWN_TEST,-1,224,224,3,JPEG,26411
Image_45,test/Image_45.jpg,Image_45.jpg,UNKNOWN_TEST,-1,224,224,3,JPEG,23379
Image_2173,test/Image_2173.jpg,Image_2173.jpg,UNKNOWN_TEST,-1,224,224,3,JPEG,26764
Image_2367,test/Image_2367.jpg,Image_2367.jpg,UNKNOWN_TEST,-1,224,224,3,JPEG,19795
Image_41,test/Image_41.jpg,Image_41.jpg,UNKNOWN_TEST,-1,224,224,3,JPEG,26459
Image_949,test/Image_949.jpg,Image_949.jpg,UNKNOWN_TEST,-1,224,224,3,JPEG,27116
Image_2068,test/Image_2068.jpg,Image_2068.jpg,UNKNOWN_TEST,-1,224,224,3,JPEG,30432
Image_2280,test/Image_2280.jpg,Image_2280.jpg,UNKNOWN_TEST,-1,224,224,3,JPEG,26003
Image_712,test/Image_712.jpg,Image_712.jpg,UNKNOWN_TEST,-1,224,224,3,JPEG,19704
Image_54,test/Image_54.jpg,Image_54.jpg,UNKNOWN_TEST,-1,224,224,3,JPEG,36756
Image_1418,test/Image_1418.jpg,Image_1418.jpg,UNKNOWN_TEST,-1,224,224,3,JPEG,34431
Image_218,test/Image_218.jpg,Image_218.jpg,UNKNOWN_TEST,-1,224,224,3,JPEG,25536
Image_1359,test/Image_1359.jpg,Image_1359.jpg,UNKNOWN_TEST,-1,224,224,3,JPEG,36113
Image_1921,test/Image_1921.jpg,Image_1921.jpg,UNKNOWN_TEST,-1,224,224,3,JPEG,23951
Image_682,test/Image_682.jpg,Image_682.jpg,UNKNOWN_TEST,-1,224,224,3,JPEG,28539
Image_951,test/Image_951.jpg,Image_951.jpg,UNKNOWN_TEST,-1,224,224,3,JPEG,30151
Image_905,test/Image_905.jpg,Image_905.jpg,UNKNOWN_TEST,-1,224,224,3,JPEG,33034
Image_366,test/Image_366.jpg,Image_366.jpg,UNKNOWN_TEST,-1,224,224,3,JPEG,25007
Image_2203,test/Image_2203.jpg,Image_2203.jpg,UNKNOWN_TEST,-1,224,224,3,JPEG,34329
Image_1644,test/Image_1644.jpg,Image_1644.jpg,UNKNOWN_TEST,-1,224,224,3,JPEG,28797
Image_2511,test/Image_2511.jpg,Image_2511.jpg,UNKNOWN_TEST,-1,224,224,3,JPEG,19714
Image_996,test/Image_996.jpg,Image_996.jpg,UNKNOWN_TEST,-1,224,224,3,JPEG,26898
Image_2688,test/Image_2688.jpg,Image_2688.jpg,UNKNOWN_TEST,-1,224,224,3,JPEG,23232
Image_628,test/Image_628.jpg,Image_628.jpg,UNKNOWN_TEST,-1,224,224,3,JPEG,25111
Image_1069,test/Image_1069.jpg,Image_1069.jpg,UNKNOWN_TEST,-1,224,224,3,JPEG,26582
Image_917,test/Image_917.jpg,Image_917.jpg,UNKNOWN_TEST,-1,224,224,3,JPEG,27036
Image_880,test/Image_880.jpg,Image_880.jpg,UNKNOWN_TEST,-1,224,224,3,JPEG,23608
Image_1334,test/Image_1334.jpg,Image_1334.jpg,UNKNOWN_TEST,-1,224,224,3,JPEG,23132
Image_974,test/Image_974.jpg,Image_974.jpg,UNKNOWN_TEST,-1,224,224,3,JPEG,26561
Image_340,test/Image_340.jpg,Image_340.jpg,UNKNOWN_TEST,-1,224,224,3,JPEG,13814
Image_1616,test/Image_1616.jpg,Image_1616.jpg,UNKNOWN_TEST,-1,224,224,3,JPEG,20145
Image_1996,test/Image_1996.jpg,Image_1996.jpg,UNKNOWN_TEST,-1,224,224,3,JPEG,17962
Image_926,test/Image_926.jpg,Image_926.jpg,UNKNOWN_TEST,-1,224,224,3,JPEG,24972
Image_279,test/Image_279.jpg,Image_279.jpg,UNKNOWN_TEST,-1,224,224,3,JPEG,37828
Image_885,test/Image_885.jpg,Image_885.jpg,UNKNOWN_TEST,-1,224,224,3,JPEG,26538
Image_418,test/Image_418.jpg,Image_418.jpg,UNKNOWN_TEST,-1,224,224,3,JPEG,29968
Image_2561,test/Image_2561.jpg,Image_2561.jpg,UNKNOWN_TEST,-1,224,224,3,JPEG,31725
Image_864,test/Image_864.jpg,Image_864.jpg,UNKNOWN_TEST,-1,224,224,3,JPEG,27389
Image_772,test/Image_772.jpg,Image_772.jpg,UNKNOWN_TEST,-1,224,224,3,JPEG,23115
Image_1183,test/Image_1183.jpg,Image_1183.jpg,UNKNOWN_TEST,-1,224,224,3,JPEG,40901
Image_761,test/Image_761.jpg,Image_761.jpg,UNKNOWN_TEST,-1,224,224,3,JPEG,27765
Image_81,test/Image_81.jpg,Image_81.jpg,UNKNOWN_TEST,-1,224,224,3,JPEG,21730
Image_1946,test/Image_1946.jpg,Image_1946.jpg,UNKNOWN_TEST,-1,224,224,3,JPEG,25311
Image_2361,test/Image_2361.jpg,Image_2361.jpg,UNKNOWN_TEST,-1,224,224,3,JPEG,30685
Image_644,test/Image_644.jpg,Image_644.jpg,UNKNOWN_TEST,-1,224,224,3,JPEG,17487
Image_1458,test/Image_1458.jpg,Image_1458.jpg,UNKNOWN_TEST,-1,224,224,3,JPEG,13595
Image_2305,test/Image_2305.jpg,Image_2305.jpg,UNKNOWN_TEST,-1,224,224,3,JPEG,20873
Image_1923,test/Image_1923.jpg,Image_1923.jpg,UNKNOWN_TEST,-1,224,224,3,JPEG,18628
Image_1624,test/Image_1624.jpg,Image_1624.jpg,UNKNOWN_TEST,-1,224,224,3,JPEG,25647
Image_109,test/Image_109.jpg,Image_109.jpg,UNKNOWN_TEST,-1,224,224,3,JPEG,23995
Image_932,test/Image_932.jpg,Image_932.jpg,UNKNOWN_TEST,-1,224,224,3,JPEG,24465
Image_496,test/Image_496.jpg,Image_496.jpg,UNKNOWN_TEST,-1,224,224,3,JPEG,25648
Image_1773,test/Image_1773.jpg,Image_1773.jpg,UNKNOWN_TEST,-1,224,224,3,JPEG,26225
Image_117,test/Image_117.jpg,Image_117.jpg,UNKNOWN_TEST,-1,224,224,3,JPEG,28535
Image_2400,test/Image_2400.jpg,Image_2400.jpg,UNKNOWN_TEST,-1,224,224,3,JPEG,26498
Image_575,test/Image_575.jpg,Image_575.jpg,UNKNOWN_TEST,-1,224,224,3,JPEG,29283
Image_2759,test/Image_2759.jpg,Image_2759.jpg,UNKNOWN_TEST,-1,224,224,3,JPEG,21301
Image_1786,test/Image_1786.jpg,Image_1786.jpg,UNKNOWN_TEST,-1,224,224,3,JPEG,28916
Image_948,test/Image_948.jpg,Image_948.jpg,UNKNOWN_TEST,-1,224,224,3,JPEG,17336
Image_12,test/Image_12.jpg,Image_12.jpg,UNKNOWN_TEST,-1,224,224,3,JPEG,36262
Image_2564,test/Image_2564.jpg,Image_2564.jpg,UNKNOWN_TEST,-1,224,224,3,JPEG,22526
Image_183,test/Image_183.jpg,Image_183.jpg,UNKNOWN_TEST,-1,224,224,3,JPEG,28798
Image_229,test/Image_229.jpg,Image_229.jpg,UNKNOWN_TEST,-1,224,224,3,JPEG,19524
Image_662,test/Image_662.jpg,Image_662.jpg,UNKNOWN_TEST,-1,224,224,3,JPEG,25107
Image_1736,test/Image_1736.jpg,Image_1736.jpg,UNKNOWN_TEST,-1,224,224,3,JPEG,30125
Image_516,test/Image_516.jpg,Image_516.jpg,UNKNOWN_TEST,-1,224,224,3,JPEG,22223
Image_774,test/Image_774.jpg,Image_774.jpg,UNKNOWN_TEST,-1,224,224,3,JPEG,27529
Image_2109,test/Image_2109.jpg,Image_2109.jpg,UNKNOWN_TEST,-1,224,224,3,JPEG,23201
Image_680,test/Image_680.jpg,Image_680.jpg,UNKNOWN_TEST,-1,224,224,3,JPEG,23822
Image_1521,test/Image_1521.jpg,Image_1521.jpg,UNKNOWN_TEST,-1,224,224,3,JPEG,23666
Image_794,test/Image_794.jpg,Image_794.jpg,UNKNOWN_TEST,-1,224,224,3,JPEG,18173
Image_1529,test/Image_1529.jpg,Image_1529.jpg,UNKNOWN_TEST,-1,224,224,3,JPEG,27528
Image_524,test/Image_524.jpg,Image_524.jpg,UNKNOWN_TEST,-1,224,224,3,JPEG,33567
Image_1046,test/Image_1046.jpg,Image_1046.jpg,UNKNOWN_TEST,-1,224,224,3,JPEG,22355
Image_1779,test/Image_1779.jpg,Image_1779.jpg,UNKNOWN_TEST,-1,224,224,3,JPEG,32437
Image_64,test/Image_64.jpg,Image_64.jpg,UNKNOWN_TEST,-1,224,224,3,JPEG,22703
Image_1027,test/Image_1027.jpg,Image_1027.jpg,UNKNOWN_TEST,-1,224,224,3,JPEG,19405
Image_2314,test/Image_2314.jpg,Image_2314.jpg,UNKNOWN_TEST,-1,224,224,3,JPEG,32875
Image_1209,test/Image_1209.jpg,Image_1209.jpg,UNKNOWN_TEST,-1,224,224,3,JPEG,31398
Image_129,test/Image_129.jpg,Image_129.jpg,UNKNOWN_TEST,-1,224,224,3,JPEG,18097
Image_2575,test/Image_2575.jpg,Image_2575.jpg,UNKNOWN_TEST,-1,224,224,3,JPEG,30569
Image_708,test/Image_708.jpg,Image_708.jpg,UNKNOWN_TEST,-1,224,224,3,JPEG,25020
Image_1886,test/Image_1886.jpg,Image_1886.jpg,UNKNOWN_TEST,-1,224,224,3,JPEG,25928
Image_2256,test/Image_2256.jpg,Image_2256.jpg,UNKNOWN_TEST,-1,224,224,3,JPEG,21261
Image_141,test/Image_141.jpg,Image_141.jpg,UNKNOWN_TEST,-1,224,224,3,JPEG,43311
Image_570,test/Image_570.jpg,Image_570.jpg,UNKNOWN_TEST,-1,224,224,3,JPEG,21106
Image_2075,test/Image_2075.jpg,Image_2075.jpg,UNKNOWN_TEST,-1,224,224,3,JPEG,34688
Image_2290,test/Image_2290.jpg,Image_2290.jpg,UNKNOWN_TEST,-1,224,224,3,JPEG,30531
Image_2009,test/Image_2009.jpg,Image_2009.jpg,UNKNOWN_TEST,-1,224,224,3,JPEG,22078
Image_231,test/Image_231.jpg,Image_231.jpg,UNKNOWN_TEST,-1,224,224,3,JPEG,30237
Image_2359,test/Image_2359.jpg,Image_2359.jpg,UNKNOWN_TEST,-1,224,224,3,JPEG,27266
Image_838,test/Image_838.jpg,Image_838.jpg,UNKNOWN_TEST,-1,224,224,3,JPEG,29540
Image_1416,test/Image_1416.jpg,Image_1416.jpg,UNKNOWN_TEST,-1,224,224,3,JPEG,19327
Image_2010,test/Image_2010.jpg,Image_2010.jpg,UNKNOWN_TEST,-1,224,224,3,JPEG,23101
Image_1859,test/Image_1859.jpg,Image_1859.jpg,UNKNOWN_TEST,-1,224,224,3,JPEG,31586
Image_2505,test/Image_2505.jpg,Image_2505.jpg,UNKNOWN_TEST,-1,224,224,3,JPEG,27375
Image_1948,test/Image_1948.jpg,Image_1948.jpg,UNKNOWN_TEST,-1,224,224,3,JPEG,22594
Image_1908,test/Image_1908.jpg,Image_1908.jpg,UNKNOWN_TEST,-1,224,224,3,JPEG,25909
Image_538,test/Image_538.jpg,Image_538.jpg,UNKNOWN_TEST,-1,224,224,3,JPEG,24620
Image_1659,test/Image_1659.jpg,Image_1659.jpg,UNKNOWN_TEST,-1,224,224,3,JPEG,25481
Image_599,test/Image_599.jpg,Image_599.jpg,UNKNOWN_TEST,-1,224,224,3,JPEG,33134
Image_1135,test/Image_1135.jpg,Image_1135.jpg,UNKNOWN_TEST,-1,224,224,3,JPEG,24906
Image_1841,test/Image_1841.jpg,Image_1841.jpg,UNKNOWN_TEST,-1,224,224,3,JPEG,22215
Image_271,test/Image_271.jpg,Image_271.jpg,UNKNOWN_TEST,-1,224,224,3,JPEG,22159
Image_2130,test/Image_2130.jpg,Image_2130.jpg,UNKNOWN_TEST,-1,224,224,3,JPEG,16234
Image_1175,test/Image_1175.jpg,Image_1175.jpg,UNKNOWN_TEST,-1,224,224,3,JPEG,21326
Image_214,test/Image_214.jpg,Image_214.jpg,UNKNOWN_TEST,-1,224,224,3,JPEG,23792
Image_365,test/Image_365.jpg,Image_365.jpg,UNKNOWN_TEST,-1,224,224,3,JPEG,26973
Image_2403,test/Image_2403.jpg,Image_2403.jpg,UNKNOWN_TEST,-1,224,224,3,JPEG,26235
Image_832,test/Image_832.jpg,Image_832.jpg,UNKNOWN_TEST,-1,224,224,3,JPEG,28961
Image_343,test/Image_343.jpg,Image_343.jpg,UNKNOWN_TEST,-1,224,224,3,JPEG,16433
Image_1694,test/Image_1694.jpg,Image_1694.jpg,UNKNOWN_TEST,-1,224,224,3,JPEG,30844
Image_2029,test/Image_2029.jpg,Image_2029.jpg,UNKNOWN_TEST,-1,224,224,3,JPEG,18703
Image_140,test/Image_140.jpg,Image_140.jpg,UNKNOWN_TEST,-1,224,224,3,JPEG,23630
Image_2122,test/Image_2122.jpg,Image_2122.jpg,UNKNOWN_TEST,-1,224,224,3,JPEG,21260
Image_2107,test/Image_2107.jpg,Image_2107.jpg,UNKNOWN_TEST,-1,224,224,3,JPEG,22707
Image_1544,test/Image_1544.jpg,Image_1544.jpg,UNKNOWN_TEST,-1,224,224,3,JPEG,26803
Image_1787,test/Image_1787.jpg,Image_1787.jpg,UNKNOWN_TEST,-1,224,224,3,JPEG,26172
Image_574,test/Image_574.jpg,Image_574.jpg,UNKNOWN_TEST,-1,224,224,3,JPEG,21312
Image_1351,test/Image_1351.jpg,Image_1351.jpg,UNKNOWN_TEST,-1,224,224,3,JPEG,22255
Image_1935,test/Image_1935.jpg,Image_1935.jpg,UNKNOWN_TEST,-1,224,224,3,JPEG,30220
Image_973,test/Image_973.jpg,Image_973.jpg,UNKNOWN_TEST,-1,224,224,3,JPEG,38453
Image_237,test/Image_237.jpg,Image_237.jpg,UNKNOWN_TEST,-1,224,224,3,JPEG,28160
Image_2154,test/Image_2154.jpg,Image_2154.jpg,UNKNOWN_TEST,-1,224,224,3,JPEG,18302
Image_1469,test/Image_1469.jpg,Image_1469.jpg,UNKNOWN_TEST,-1,224,224,3,JPEG,23135
Image_364,test/Image_364.jpg,Image_364.jpg,UNKNOWN_TEST,-1,224,224,3,JPEG,28225
Image_252,test/Image_252.jpg,Image_252.jpg,UNKNOWN_TEST,-1,224,224,3,JPEG,27401
Image_157,test/Image_157.jpg,Image_157.jpg,UNKNOWN_TEST,-1,224,224,3,JPEG,24934
Image_2468,test/Image_2468.jpg,Image_2468.jpg,UNKNOWN_TEST,-1,224,224,3,JPEG,20288
Image_781,test/Image_781.jpg,Image_781.jpg,UNKNOWN_TEST,-1,224,224,3,JPEG,19171
Image_768,test/Image_768.jpg,Image_768.jpg,UNKNOWN_TEST,-1,224,224,3,JPEG,28882
Image_1018,test/Image_1018.jpg,Image_1018.jpg,UNKNOWN_TEST,-1,224,224,3,JPEG,36701
Image_404,test/Image_404.jpg,Image_404.jpg,UNKNOWN_TEST,-1,224,224,3,JPEG,36250
Image_779,test/Image_779.jpg,Image_779.jpg,UNKNOWN_TEST,-1,224,224,3,JPEG,21948
Image_2471,test/Image_2471.jpg,Image_2471.jpg,UNKNOWN_TEST,-1,224,224,3,JPEG,25487
Image_363,test/Image_363.jpg,Image_363.jpg,UNKNOWN_TEST,-1,224,224,3,JPEG,24431
Image_2523,test/Image_2523.jpg,Image_2523.jpg,UNKNOWN_TEST,-1,224,224,3,JPEG,30777
Image_459,test/Image_459.jpg,Image_459.jpg,UNKNOWN_TEST,-1,224,224,3,JPEG,19099
Image_1220,test/Image_1220.jpg,Image_1220.jpg,UNKNOWN_TEST,-1,224,224,3,JPEG,23692
Image_1214,test/Image_1214.jpg,Image_1214.jpg,UNKNOWN_TEST,-1,224,224,3,JPEG,28786
Image_413,test/Image_413.jpg,Image_413.jpg,UNKNOWN_TEST,-1,224,224,3,JPEG,26193
Image_2609,test/Image_2609.jpg,Image_2609.jpg,UNKNOWN_TEST,-1,224,224,3,JPEG,23072
Image_2458,test/Image_2458.jpg,Image_2458.jpg,UNKNOWN_TEST,-1,224,224,3,JPEG,30740
Image_1615,test/Image_1615.jpg,Image_1615.jpg,UNKNOWN_TEST,-1,224,224,3,JPEG,28404
Image_223,test/Image_223.jpg,Image_223.jpg,UNKNOWN_TEST,-1,224,224,3,JPEG,25519
Image_2080,test/Image_2080.jpg,Image_2080.jpg,UNKNOWN_TEST,-1,224,224,3,JPEG,23373
Image_1892,test/Image_1892.jpg,Image_1892.jpg,UNKNOWN_TEST,-1,224,224,3,JPEG,27737
Image_716,test/Image_716.jpg,Image_716.jpg,UNKNOWN_TEST,-1,224,224,3,JPEG,35923
Image_583,test/Image_583.jpg,Image_583.jpg,UNKNOWN_TEST,-1,224,224,3,JPEG,21904
Image_2689,test/Image_2689.jpg,Image_2689.jpg,UNKNOWN_TEST,-1,224,224,3,JPEG,14135
Image_621,test/Image_621.jpg,Image_621.jpg,UNKNOWN_TEST,-1,224,224,3,JPEG,24215
Image_2260,test/Image_2260.jpg,Image_2260.jpg,UNKNOWN_TEST,-1,224,224,3,JPEG,27978
Image_1509,test/Image_1509.jpg,Image_1509.jpg,UNKNOWN_TEST,-1,224,224,3,JPEG,17578
Image_100,test/Image_100.jpg,Image_100.jpg,UNKNOWN_TEST,-1,224,224,3,JPEG,25328
Image_1350,test/Image_1350.jpg,Image_1350.jpg,UNKNOWN_TEST,-1,224,224,3,JPEG,25120
Image_870,test/Image_870.jpg,Image_870.jpg,UNKNOWN_TEST,-1,224,224,3,JPEG,18089
Image_10,test/Image_10.jpg,Image_10.jpg,UNKNOWN_TEST,-1,224,224,3,JPEG,30009
Image_2316,test/Image_2316.jpg,Image_2316.jpg,UNKNOWN_TEST,-1,224,224,3,JPEG,22339
Image_2611,test/Image_2611.jpg,Image_2611.jpg,UNKNOWN_TEST,-1,224,224,3,JPEG,24893
Image_462,test/Image_462.jpg,Image_462.jpg,UNKNOWN_TEST,-1,224,224,3,JPEG,28633
Image_2288,test/Image_2288.jpg,Image_2288.jpg,UNKNOWN_TEST,-1,224,224,3,JPEG,27954
Image_466,test/Image_466.jpg,Image_466.jpg,UNKNOWN_TEST,-1,224,224,3,JPEG,29714
Image_1082,test/Image_1082.jpg,Image_1082.jpg,UNKNOWN_TEST,-1,224,224,3,JPEG,20115
Image_747,test/Image_747.jpg,Image_747.jpg,UNKNOWN_TEST,-1,224,224,3,JPEG,14858
Image_1078,test/Image_1078.jpg,Image_1078.jpg,UNKNOWN_TEST,-1,224,224,3,JPEG,23629
Image_2056,test/Image_2056.jpg,Image_2056.jpg,UNKNOWN_TEST,-1,224,224,3,JPEG,22702
Image_1373,test/Image_1373.jpg,Image_1373.jpg,UNKNOWN_TEST,-1,224,224,3,JPEG,22944
Image_907,test/Image_907.jpg,Image_907.jpg,UNKNOWN_TEST,-1,224,224,3,JPEG,14176
Image_1095,test/Image_1095.jpg,Image_1095.jpg,UNKNOWN_TEST,-1,224,224,3,JPEG,19761
Image_447,test/Image_447.jpg,Image_447.jpg,UNKNOWN_TEST,-1,224,224,3,JPEG,20172
Image_221,test/Image_221.jpg,Image_221.jpg,UNKNOWN_TEST,-1,224,224,3,JPEG,25562
Image_2241,test/Image_2241.jpg,Image_2241.jpg,UNKNOWN_TEST,-1,224,224,3,JPEG,16677
Image_1152,test/Image_1152.jpg,Image_1152.jpg,UNKNOWN_TEST,-1,224,224,3,JPEG,34499
Image_939,test/Image_939.jpg,Image_939.jpg,UNKNOWN_TEST,-1,224,224,3,JPEG,31921
Image_1973,test/Image_1973.jpg,Image_1973.jpg,UNKNOWN_TEST,-1,224,224,3,JPEG,33756
Image_2504,test/Image_2504.jpg,Image_2504.jpg,UNKNOWN_TEST,-1,224,224,3,JPEG,33907
Image_2613,test/Image_2613.jpg,Image_2613.jpg,UNKNOWN_TEST,-1,224,224,3,JPEG,29828
Image_703,test/Image_703.jpg,Image_703.jpg,UNKNOWN_TEST,-1,224,224,3,JPEG,18137
Image_1554,test/Image_1554.jpg,Image_1554.jpg,UNKNOWN_TEST,-1,224,224,3,JPEG,29019
Image_965,test/Image_965.jpg,Image_965.jpg,UNKNOWN_TEST,-1,224,224,3,JPEG,17285
Image_2304,test/Image_2304.jpg,Image_2304.jpg,UNKNOWN_TEST,-1,224,224,3,JPEG,25566
Image_465,test/Image_465.jpg,Image_465.jpg,UNKNOWN_TEST,-1,224,224,3,JPEG,24218
Image_2096,test/Image_2096.jpg,Image_2096.jpg,UNKNOWN_TEST,-1,224,224,3,JPEG,25282
Image_661,test/Image_661.jpg,Image_661.jpg,UNKNOWN_TEST,-1,224,224,3,JPEG,22703
Image_2085,test/Image_2085.jpg,Image_2085.jpg,UNKNOWN_TEST,-1,224,224,3,JPEG,34088
Image_233,test/Image_233.jpg,Image_233.jpg,UNKNOWN_TEST,-1,224,224,3,JPEG,22902
Image_535,test/Image_535.jpg,Image_535.jpg,UNKNOWN_TEST,-1,224,224,3,JPEG,20461
Image_894,test/Image_894.jpg,Image_894.jpg,UNKNOWN_TEST,-1,224,224,3,JPEG,18137
Image_2577,test/Image_2577.jpg,Image_2577.jpg,UNKNOWN_TEST,-1,224,224,3,JPEG,36322
Image_264,test/Image_264.jpg,Image_264.jpg,UNKNOWN_TEST,-1,224,224,3,JPEG,36876
Image_1881,test/Image_1881.jpg,Image_1881.jpg,UNKNOWN_TEST,-1,224,224,3,JPEG,26526
Image_2046,test/Image_2046.jpg,Image_2046.jpg,UNKNOWN_TEST,-1,224,224,3,JPEG,23775
Image_2606,test/Image_2606.jpg,Image_2606.jpg,UNKNOWN_TEST,-1,224,224,3,JPEG,24742
Image_1110,test/Image_1110.jpg,Image_1110.jpg,UNKNOWN_TEST,-1,224,224,3,JPEG,31424
Image_2259,test/Image_2259.jpg,Image_2259.jpg,UNKNOWN_TEST,-1,224,224,3,JPEG,13809
Image_721,test/Image_721.jpg,Image_721.jpg,UNKNOWN_TEST,-1,224,224,3,JPEG,28182
Image_1460,test/Image_1460.jpg,Image_1460.jpg,UNKNOWN_TEST,-1,224,224,3,JPEG,24732
Image_2345,test/Image_2345.jpg,Image_2345.jpg,UNKNOWN_TEST,-1,224,224,3,JPEG,29068
Image_550,test/Image_550.jpg,Image_550.jpg,UNKNOWN_TEST,-1,224,224,3,JPEG,16998
Image_1162,test/Image_1162.jpg,Image_1162.jpg,UNKNOWN_TEST,-1,224,224,3,JPEG,36833
Image_243,test/Image_243.jpg,Image_243.jpg,UNKNOWN_TEST,-1,224,224,3,JPEG,27551
Image_2322,test/Image_2322.jpg,Image_2322.jpg,UNKNOWN_TEST,-1,224,224,3,JPEG,27654
Image_2178,test/Image_2178.jpg,Image_2178.jpg,UNKNOWN_TEST,-1,224,224,3,JPEG,23355
Image_1109,test/Image_1109.jpg,Image_1109.jpg,UNKNOWN_TEST,-1,224,224,3,JPEG,27893
Image_381,test/Image_381.jpg,Image_381.jpg,UNKNOWN_TEST,-1,224,224,3,JPEG,23049
Image_1340,test/Image_1340.jpg,Image_1340.jpg,UNKNOWN_TEST,-1,224,224,3,JPEG,26564
Image_1655,test/Image_1655.jpg,Image_1655.jpg,UNKNOWN_TEST,-1,224,224,3,JPEG,20204
Image_1151,test/Image_1151.jpg,Image_1151.jpg,UNKNOWN_TEST,-1,224,224,3,JPEG,32260
Image_1718,test/Image_1718.jpg,Image_1718.jpg,UNKNOWN_TEST,-1,224,224,3,JPEG,24015
Image_1537,test/Image_1537.jpg,Image_1537.jpg,UNKNOWN_TEST,-1,224,224,3,JPEG,24768
Image_2365,test/Image_2365.jpg,Image_2365.jpg,UNKNOWN_TEST,-1,224,224,3,JPEG,21946
Image_1916,test/Image_1916.jpg,Image_1916.jpg,UNKNOWN_TEST,-1,224,224,3,JPEG,22395
Image_1928,test/Image_1928.jpg,Image_1928.jpg,UNKNOWN_TEST,-1,224,224,3,JPEG,17011
Image_1667,test/Image_1667.jpg,Image_1667.jpg,UNKNOWN_TEST,-1,224,224,3,JPEG,19179
Image_1009,test/Image_1009.jpg,Image_1009.jpg,UNKNOWN_TEST,-1,224,224,3,JPEG,28466
Image_976,test/Image_976.jpg,Image_976.jpg,UNKNOWN_TEST,-1,224,224,3,JPEG,21819
Image_2605,test/Image_2605.jpg,Image_2605.jpg,UNKNOWN_TEST,-1,224,224,3,JPEG,25721
Image_1756,test/Image_1756.jpg,Image_1756.jpg,UNKNOWN_TEST,-1,224,224,3,JPEG,23538
Image_1038,test/Image_1038.jpg,Image_1038.jpg,UNKNOWN_TEST,-1,224,224,3,JPEG,23001
Image_2306,test/Image_2306.jpg,Image_2306.jpg,UNKNOWN_TEST,-1,224,224,3,JPEG,22102
Image_796,test/Image_796.jpg,Image_796.jpg,UNKNOWN_TEST,-1,224,224,3,JPEG,16773
Image_305,test/Image_305.jpg,Image_305.jpg,UNKNOWN_TEST,-1,224,224,3,JPEG,30933
Image_1721,test/Image_1721.jpg,Image_1721.jpg,UNKNOWN_TEST,-1,224,224,3,JPEG,18173
Image_1924,test/Image_1924.jpg,Image_1924.jpg,UNKNOWN_TEST,-1,224,224,3,JPEG,31354
Image_2321,test/Image_2321.jpg,Image_2321.jpg,UNKNOWN_TEST,-1,224,224,3,JPEG,16214
Image_1658,test/Image_1658.jpg,Image_1658.jpg,UNKNOWN_TEST,-1,224,224,3,JPEG,29035
Image_184,test/Image_184.jpg,Image_184.jpg,UNKNOWN_TEST,-1,224,224,3,JPEG,18949
Image_660,test/Image_660.jpg,Image_660.jpg,UNKNOWN_TEST,-1,224,224,3,JPEG,12454
Image_2191,test/Image_2191.jpg,Image_2191.jpg,UNKNOWN_TEST,-1,224,224,3,JPEG,30281
Image_1240,test/Image_1240.jpg,Image_1240.jpg,UNKNOWN_TEST,-1,224,224,3,JPEG,26160
Image_1708,test/Image_1708.jpg,Image_1708.jpg,UNKNOWN_TEST,-1,224,224,3,JPEG,25499
Image_2186,test/Image_2186.jpg,Image_2186.jpg,UNKNOWN_TEST,-1,224,224,3,JPEG,18946
Image_975,test/Image_975.jpg,Image_975.jpg,UNKNOWN_TEST,-1,224,224,3,JPEG,23512
Image_190,test/Image_190.jpg,Image_190.jpg,UNKNOWN_TEST,-1,224,224,3,JPEG,30404
Image_1790,test/Image_1790.jpg,Image_1790.jpg,UNKNOWN_TEST,-1,224,224,3,JPEG,28699
Image_769,test/Image_769.jpg,Image_769.jpg,UNKNOWN_TEST,-1,224,224,3,JPEG,19577
Image_1932,test/Image_1932.jpg,Image_1932.jpg,UNKNOWN_TEST,-1,224,224,3,JPEG,26320
Image_2302,test/Image_2302.jpg,Image_2302.jpg,UNKNOWN_TEST,-1,224,224,3,JPEG,22259
Image_2281,test/Image_2281.jpg,Image_2281.jpg,UNKNOWN_TEST,-1,224,224,3,JPEG,25309
Image_93,test/Image_93.jpg,Image_93.jpg,UNKNOWN_TEST,-1,224,224,3,JPEG,26908
Image_1213,test/Image_1213.jpg,Image_1213.jpg,UNKNOWN_TEST,-1,224,224,3,JPEG,33305
Image_1234,test/Image_1234.jpg,Image_1234.jpg,UNKNOWN_TEST,-1,224,224,3,JPEG,28258
Image_918,test/Image_918.jpg,Image_918.jpg,UNKNOWN_TEST,-1,224,224,3,JPEG,15275
Image_20,test/Image_20.jpg,Image_20.jpg,UNKNOWN_TEST,-1,224,224,3,JPEG,22097
Image_634,test/Image_634.jpg,Image_634.jpg,UNKNOWN_TEST,-1,224,224,3,JPEG,12987
Image_104,test/Image_104.jpg,Image_104.jpg,UNKNOWN_TEST,-1,224,224,3,JPEG,31130
Image_1869,test/Image_1869.jpg,Image_1869.jpg,UNKNOWN_TEST,-1,224,224,3,JPEG,27126
Image_1729,test/Image_1729.jpg,Image_1729.jpg,UNKNOWN_TEST,-1,224,224,3,JPEG,29644
Image_1274,test/Image_1274.jpg,Image_1274.jpg,UNKNOWN_TEST,-1,224,224,3,JPEG,27969
Image_2778,test/Image_2778.jpg,Image_2778.jpg,UNKNOWN_TEST,-1,224,224,3,JPEG,20844
Image_1396,test/Image_1396.jpg,Image_1396.jpg,UNKNOWN_TEST,-1,224,224,3,JPEG,19034
Image_758,test/Image_758.jpg,Image_758.jpg,UNKNOWN_TEST,-1,224,224,3,JPEG,26424
Image_2567,test/Image_2567.jpg,Image_2567.jpg,UNKNOWN_TEST,-1,224,224,3,JPEG,28025
Image_1606,test/Image_1606.jpg,Image_1606.jpg,UNKNOWN_TEST,-1,224,224,3,JPEG,23694
Image_2128,test/Image_2128.jpg,Image_2128.jpg,UNKNOWN_TEST,-1,224,224,3,JPEG,34034
Image_878,test/Image_878.jpg,Image_878.jpg,UNKNOWN_TEST,-1,224,224,3,JPEG,21789
Image_1325,test/Image_1325.jpg,Image_1325.jpg,UNKNOWN_TEST,-1,224,224,3,JPEG,27263
Image_2719,test/Image_2719.jpg,Image_2719.jpg,UNKNOWN_TEST,-1,224,224,3,JPEG,29164
Image_1966,test/Image_1966.jpg,Image_1966.jpg,UNKNOWN_TEST,-1,224,224,3,JPEG,24070
Image_1495,test/Image_1495.jpg,Image_1495.jpg,UNKNOWN_TEST,-1,224,224,3,JPEG,25920
Image_154,test/Image_154.jpg,Image_154.jpg,UNKNOWN_TEST,-1,224,224,3,JPEG,29086
Image_441,test/Image_441.jpg,Image_441.jpg,UNKNOWN_TEST,-1,224,224,3,JPEG,30168
Image_2295,test/Image_2295.jpg,Image_2295.jpg,UNKNOWN_TEST,-1,224,224,3,JPEG,26964
Image_818,test/Image_818.jpg,Image_818.jpg,UNKNOWN_TEST,-1,224,224,3,JPEG,26229
Image_748,test/Image_748.jpg,Image_748.jpg,UNKNOWN_TEST,-1,224,224,3,JPEG,18526
Image_1967,test/Image_1967.jpg,Image_1967.jpg,UNKNOWN_TEST,-1,224,224,3,JPEG,18764
Image_2227,test/Image_2227.jpg,Image_2227.jpg,UNKNOWN_TEST,-1,224,224,3,JPEG,30283
Image_968,test/Image_968.jpg,Image_968.jpg,UNKNOWN_TEST,-1,224,224,3,JPEG,26158
Image_2456,test/Image_2456.jpg,Image_2456.jpg,UNKNOWN_TEST,-1,224,224,3,JPEG,23429
Image_677,test/Image_677.jpg,Image_677.jpg,UNKNOWN_TEST,-1,224,224,3,JPEG,27196
Image_999,test/Image_999.jpg,Image_999.jpg,UNKNOWN_TEST,-1,224,224,3,JPEG,26483
Image_507,test/Image_507.jpg,Image_507.jpg,UNKNOWN_TEST,-1,224,224,3,JPEG,18520
Image_2309,test/Image_2309.jpg,Image_2309.jpg,UNKNOWN_TEST,-1,224,224,3,JPEG,20563
Image_814,test/Image_814.jpg,Image_814.jpg,UNKNOWN_TEST,-1,224,224,3,JPEG,34913
Image_2327,test/Image_2327.jpg,Image_2327.jpg,UNKNOWN_TEST,-1,224,224,3,JPEG,26312
Image_2102,test/Image_2102.jpg,Image_2102.jpg,UNKNOWN_TEST,-1,224,224,3,JPEG,20763
Image_2560,test/Image_2560.jpg,Image_2560.jpg,UNKNOWN_TEST,-1,224,224,3,JPEG,31506
Image_902,test/Image_902.jpg,Image_902.jpg,UNKNOWN_TEST,-1,224,224,3,JPEG,27823
Image_1582,test/Image_1582.jpg,Image_1582.jpg,UNKNOWN_TEST,-1,224,224,3,JPEG,34927
Image_1423,test/Image_1423.jpg,Image_1423.jpg,UNKNOWN_TEST,-1,224,224,3,JPEG,26523
Image_982,test/Image_982.jpg,Image_982.jpg,UNKNOWN_TEST,-1,224,224,3,JPEG,27460
Image_1767,test/Image_1767.jpg,Image_1767.jpg,UNKNOWN_TEST,-1,224,224,3,JPEG,19926
Image_1192,test/Image_1192.jpg,Image_1192.jpg,UNKNOWN_TEST,-1,224,224,3,JPEG,22435
Image_945,test/Image_945.jpg,Image_945.jpg,UNKNOWN_TEST,-1,224,224,3,JPEG,31504
Image_1065,test/Image_1065.jpg,Image_1065.jpg,UNKNOWN_TEST,-1,224,224,3,JPEG,21677
Image_267,test/Image_267.jpg,Image_267.jpg,UNKNOWN_TEST,-1,224,224,3,JPEG,23285
Image_1684,test/Image_1684.jpg,Image_1684.jpg,UNKNOWN_TEST,-1,224,224,3,JPEG,27785
Image_302,test/Image_302.jpg,Image_302.jpg,UNKNOWN_TEST,-1,224,224,3,JPEG,15853
Image_1352,test/Image_1352.jpg,Image_1352.jpg,UNKNOWN_TEST,-1,224,224,3,JPEG,30007
Image_2477,test/Image_2477.jpg,Image_2477.jpg,UNKNOWN_TEST,-1,224,224,3,JPEG,38665
Image_396,test/Image_396.jpg,Image_396.jpg,UNKNOWN_TEST,-1,224,224,3,JPEG,27758
Image_618,test/Image_618.jpg,Image_618.jpg,UNKNOWN_TEST,-1,224,224,3,JPEG,23375
Image_1428,test/Image_1428.jpg,Image_1428.jpg,UNKNOWN_TEST,-1,224,224,3,JPEG,31319
Image_808,test/Image_808.jpg,Image_808.jpg,UNKNOWN_TEST,-1,224,224,3,JPEG,31007
Image_778,test/Image_778.jpg,Image_778.jpg,UNKNOWN_TEST,-1,224,224,3,JPEG,24570
Image_845,test/Image_845.jpg,Image_845.jpg,UNKNOWN_TEST,-1,224,224,3,JPEG,25048
Image_1122,test/Image_1122.jpg,Image_1122.jpg,UNKNOWN_TEST,-1,224,224,3,JPEG,18420
Image_2506,test/Image_2506.jpg,Image_2506.jpg,UNKNOWN_TEST,-1,224,224,3,JPEG,30664
Image_2193,test/Image_2193.jpg,Image_2193.jpg,UNKNOWN_TEST,-1,224,224,3,JPEG,21342
Image_899,test/Image_899.jpg,Image_899.jpg,UNKNOWN_TEST,-1,224,224,3,JPEG,30753
Image_1104,test/Image_1104.jpg,Image_1104.jpg,UNKNOWN_TEST,-1,224,224,3,JPEG,26814
Image_22,test/Image_22.jpg,Image_22.jpg,UNKNOWN_TEST,-1,224,224,3,JPEG,27230
Image_2246,test/Image_2246.jpg,Image_2246.jpg,UNKNOWN_TEST,-1,224,224,3,JPEG,28950
Image_685,test/Image_685.jpg,Image_685.jpg,UNKNOWN_TEST,-1,224,224,3,JPEG,22548
Image_2681,test/Image_2681.jpg,Image_2681.jpg,UNKNOWN_TEST,-1,224,224,3,JPEG,27016
Image_752,test/Image_752.jpg,Image_752.jpg,UNKNOWN_TEST,-1,224,224,3,JPEG,23275
Image_2687,test/Image_2687.jpg,Image_2687.jpg,UNKNOWN_TEST,-1,224,224,3,JPEG,21274
Image_1115,test/Image_1115.jpg,Image_1115.jpg,UNKNOWN_TEST,-1,224,224,3,JPEG,25094
Image_2773,test/Image_2773.jpg,Image_2773.jpg,UNKNOWN_TEST,-1,224,224,3,JPEG,27969
Image_736,test/Image_736.jpg,Image_736.jpg,UNKNOWN_TEST,-1,224,224,3,JPEG,25693
Image_1063,test/Image_1063.jpg,Image_1063.jpg,UNKNOWN_TEST,-1,224,224,3,JPEG,16378
Image_1348,test/Image_1348.jpg,Image_1348.jpg,UNKNOWN_TEST,-1,224,224,3,JPEG,28595
Image_1894,test/Image_1894.jpg,Image_1894.jpg,UNKNOWN_TEST,-1,224,224,3,JPEG,15991
Image_498,test/Image_498.jpg,Image_498.jpg,UNKNOWN_TEST,-1,224,224,3,JPEG,26329
Image_547,test/Image_547.jpg,Image_547.jpg,UNKNOWN_TEST,-1,224,224,3,JPEG,20589
Image_2723,test/Image_2723.jpg,Image_2723.jpg,UNKNOWN_TEST,-1,224,224,3,JPEG,25271
Image_1926,test/Image_1926.jpg,Image_1926.jpg,UNKNOWN_TEST,-1,224,224,3,JPEG,27174
Image_1663,test/Image_1663.jpg,Image_1663.jpg,UNKNOWN_TEST,-1,224,224,3,JPEG,27170
Image_2485,test/Image_2485.jpg,Image_2485.jpg,UNKNOWN_TEST,-1,224,224,3,JPEG,33889
Image_300,test/Image_300.jpg,Image_300.jpg,UNKNOWN_TEST,-1,224,224,3,JPEG,26860
Image_1311,test/Image_1311.jpg,Image_1311.jpg,UNKNOWN_TEST,-1,224,224,3,JPEG,25433
Image_1951,test/Image_1951.jpg,Image_1951.jpg,UNKNOWN_TEST,-1,224,224,3,JPEG,21386
Image_2351,test/Image_2351.jpg,Image_2351.jpg,UNKNOWN_TEST,-1,224,224,3,JPEG,32061
Image_990,test/Image_990.jpg,Image_990.jpg,UNKNOWN_TEST,-1,224,224,3,JPEG,24795
Image_1178,test/Image_1178.jpg,Image_1178.jpg,UNKNOWN_TEST,-1,224,224,3,JPEG,23990
Image_173,test/Image_173.jpg,Image_173.jpg,UNKNOWN_TEST,-1,224,224,3,JPEG,15701
Image_56,test/Image_56.jpg,Image_56.jpg,UNKNOWN_TEST,-1,224,224,3,JPEG,28513
Image_2683,test/Image_2683.jpg,Image_2683.jpg,UNKNOWN_TEST,-1,224,224,3,JPEG,24953
Image_2133,test/Image_2133.jpg,Image_2133.jpg,UNKNOWN_TEST,-1,224,224,3,JPEG,28904
Image_265,test/Image_265.jpg,Image_265.jpg,UNKNOWN_TEST,-1,224,224,3,JPEG,21079
Image_2049,test/Image_2049.jpg,Image_2049.jpg,UNKNOWN_TEST,-1,224,224,3,JPEG,26312
Image_2559,test/Image_2559.jpg,Image_2559.jpg,UNKNOWN_TEST,-1,224,224,3,JPEG,23589
Image_2148,test/Image_2148.jpg,Image_2148.jpg,UNKNOWN_TEST,-1,224,224,3,JPEG,19118
Image_2121,test/Image_2121.jpg,Image_2121.jpg,UNKNOWN_TEST,-1,224,224,3,JPEG,30185
Image_1324,test/Image_1324.jpg,Image_1324.jpg,UNKNOWN_TEST,-1,224,224,3,JPEG,28376
Image_1160,test/Image_1160.jpg,Image_1160.jpg,UNKNOWN_TEST,-1,224,224,3,JPEG,31410
Image_676,test/Image_676.jpg,Image_676.jpg,UNKNOWN_TEST,-1,224,224,3,JPEG,22688
Image_1657,test/Image_1657.jpg,Image_1657.jpg,UNKNOWN_TEST,-1,224,224,3,JPEG,36050
Image_1056,test/Image_1056.jpg,Image_1056.jpg,UNKNOWN_TEST,-1,224,224,3,JPEG,22891
Image_2591,test/Image_2591.jpg,Image_2591.jpg,UNKNOWN_TEST,-1,224,224,3,JPEG,32424
Image_2518,test/Image_2518.jpg,Image_2518.jpg,UNKNOWN_TEST,-1,224,224,3,JPEG,31479
Image_1725,test/Image_1725.jpg,Image_1725.jpg,UNKNOWN_TEST,-1,224,224,3,JPEG,24815
Image_2297,test/Image_2297.jpg,Image_2297.jpg,UNKNOWN_TEST,-1,224,224,3,JPEG,19576
Image_941,test/Image_941.jpg,Image_941.jpg,UNKNOWN_TEST,-1,224,224,3,JPEG,17462
Image_1227,test/Image_1227.jpg,Image_1227.jpg,UNKNOWN_TEST,-1,224,224,3,JPEG,28019
Image_2126,test/Image_2126.jpg,Image_2126.jpg,UNKNOWN_TEST,-1,224,224,3,JPEG,33903
Image_2452,test/Image_2452.jpg,Image_2452.jpg,UNKNOWN_TEST,-1,224,224,3,JPEG,26539
Image_1828,test/Image_1828.jpg,Image_1828.jpg,UNKNOWN_TEST,-1,224,224,3,JPEG,19613
Image_1851,test/Image_1851.jpg,Image_1851.jpg,UNKNOWN_TEST,-1,224,224,3,JPEG,29536
Image_33,test/Image_33.jpg,Image_33.jpg,UNKNOWN_TEST,-1,224,224,3,JPEG,30722
Image_2464,test/Image_2464.jpg,Image_2464.jpg,UNKNOWN_TEST,-1,224,224,3,JPEG,20493
Image_1878,test/Image_1878.jpg,Image_1878.jpg,UNKNOWN_TEST,-1,224,224,3,JPEG,26274
Image_34,test/Image_34.jpg,Image_34.jpg,UNKNOWN_TEST,-1,224,224,3,JPEG,31940
Image_85,test/Image_85.jpg,Image_85.jpg,UNKNOWN_TEST,-1,224,224,3,JPEG,17776
Image_2211,test/Image_2211.jpg,Image_2211.jpg,UNKNOWN_TEST,-1,224,224,3,JPEG,22426
Image_2542,test/Image_2542.jpg,Image_2542.jpg,UNKNOWN_TEST,-1,224,224,3,JPEG,26508
Image_1279,test/Image_1279.jpg,Image_1279.jpg,UNKNOWN_TEST,-1,224,224,3,JPEG,35589
Image_2708,test/Image_2708.jpg,Image_2708.jpg,UNKNOWN_TEST,-1,224,224,3,JPEG,19822
Image_84,test/Image_84.jpg,Image_84.jpg,UNKNOWN_TEST,-1,224,224,3,JPEG,35513
Image_1289,test/Image_1289.jpg,Image_1289.jpg,UNKNOWN_TEST,-1,224,224,3,JPEG,23470
Image_2172,test/Image_2172.jpg,Image_2172.jpg,UNKNOWN_TEST,-1,224,224,3,JPEG,32394
Image_2284,test/Image_2284.jpg,Image_2284.jpg,UNKNOWN_TEST,-1,224,224,3,JPEG,16829
Image_1011,test/Image_1011.jpg,Image_1011.jpg,UNKNOWN_TEST,-1,224,224,3,JPEG,27927
Image_2685,test/Image_2685.jpg,Image_2685.jpg,UNKNOWN_TEST,-1,224,224,3,JPEG,26470
Image_533,test/Image_533.jpg,Image_533.jpg,UNKNOWN_TEST,-1,224,224,3,JPEG,36519
Image_1943,test/Image_1943.jpg,Image_1943.jpg,UNKNOWN_TEST,-1,224,224,3,JPEG,22163
Image_835,test/Image_835.jpg,Image_835.jpg,UNKNOWN_TEST,-1,224,224,3,JPEG,33754
Image_2546,test/Image_2546.jpg,Image_2546.jpg,UNKNOWN_TEST,-1,224,224,3,JPEG,22708
Image_1489,test/Image_1489.jpg,Image_1489.jpg,UNKNOWN_TEST,-1,224,224,3,JPEG,23337
Image_1013,test/Image_1013.jpg,Image_1013.jpg,UNKNOWN_TEST,-1,224,224,3,JPEG,27023
Image_1332,test/Image_1332.jpg,Image_1332.jpg,UNKNOWN_TEST,-1,224,224,3,JPEG,26068
Image_2386,test/Image_2386.jpg,Image_2386.jpg,UNKNOWN_TEST,-1,224,224,3,JPEG,20091
Image_118,test/Image_118.jpg,Image_118.jpg,UNKNOWN_TEST,-1,224,224,3,JPEG,26832
Image_2180,test/Image_2180.jpg,Image_2180.jpg,UNKNOWN_TEST,-1,224,224,3,JPEG,27496
Image_797,test/Image_797.jpg,Image_797.jpg,UNKNOWN_TEST,-1,224,224,3,JPEG,21808
Image_2762,test/Image_2762.jpg,Image_2762.jpg,UNKNOWN_TEST,-1,224,224,3,JPEG,24233
Image_743,test/Image_743.jpg,Image_743.jpg,UNKNOWN_TEST,-1,224,224,3,JPEG,33265
Image_2454,test/Image_2454.jpg,Image_2454.jpg,UNKNOWN_TEST,-1,224,224,3,JPEG,15623
Image_2569,test/Image_2569.jpg,Image_2569.jpg,UNKNOWN_TEST,-1,224,224,3,JPEG,32249
Image_519,test/Image_519.jpg,Image_519.jpg,UNKNOWN_TEST,-1,224,224,3,JPEG,24993
Image_1630,test/Image_1630.jpg,Image_1630.jpg,UNKNOWN_TEST,-1,224,224,3,JPEG,22683
Image_2067,test/Image_2067.jpg,Image_2067.jpg,UNKNOWN_TEST,-1,224,224,3,JPEG,24734
Image_2199,test/Image_2199.jpg,Image_2199.jpg,UNKNOWN_TEST,-1,224,224,3,JPEG,35539
Image_1259,test/Image_1259.jpg,Image_1259.jpg,UNKNOWN_TEST,-1,224,224,3,JPEG,24278
Image_1238,test/Image_1238.jpg,Image_1238.jpg,UNKNOWN_TEST,-1,224,224,3,JPEG,17207
Image_1368,test/Image_1368.jpg,Image_1368.jpg,UNKNOWN_TEST,-1,224,224,3,JPEG,30817
Image_377,test/Image_377.jpg,Image_377.jpg,UNKNOWN_TEST,-1,224,224,3,JPEG,24355
Image_76,test/Image_76.jpg,Image_76.jpg,UNKNOWN_TEST,-1,224,224,3,JPEG,34037
Image_986,test/Image_986.jpg,Image_986.jpg,UNKNOWN_TEST,-1,224,224,3,JPEG,20698
Image_1120,test/Image_1120.jpg,Image_1120.jpg,UNKNOWN_TEST,-1,224,224,3,JPEG,30005
Image_1505,test/Image_1505.jpg,Image_1505.jpg,UNKNOWN_TEST,-1,224,224,3,JPEG,33226
Image_681,test/Image_681.jpg,Image_681.jpg,UNKNOWN_TEST,-1,224,224,3,JPEG,25841
Image_2332,test/Image_2332.jpg,Image_2332.jpg,UNKNOWN_TEST,-1,224,224,3,JPEG,23179
Image_1202,test/Image_1202.jpg,Image_1202.jpg,UNKNOWN_TEST,-1,224,224,3,JPEG,25240
Image_810,test/Image_810.jpg,Image_810.jpg,UNKNOWN_TEST,-1,224,224,3,JPEG,32147
Image_1128,test/Image_1128.jpg,Image_1128.jpg,UNKNOWN_TEST,-1,224,224,3,JPEG,35580
Image_2488,test/Image_2488.jpg,Image_2488.jpg,UNKNOWN_TEST,-1,224,224,3,JPEG,19411
Image_580,test/Image_580.jpg,Image_580.jpg,UNKNOWN_TEST,-1,224,224,3,JPEG,26802
Image_2770,test/Image_2770.jpg,Image_2770.jpg,UNKNOWN_TEST,-1,224,224,3,JPEG,20612
Image_1882,test/Image_1882.jpg,Image_1882.jpg,UNKNOWN_TEST,-1,224,224,3,JPEG,25947
Image_291,test/Image_291.jpg,Image_291.jpg,UNKNOWN_TEST,-1,224,224,3,JPEG,32195
Image_68,test/Image_68.jpg,Image_68.jpg,UNKNOWN_TEST,-1,224,224,3,JPEG,31327
Image_803,test/Image_803.jpg,Image_803.jpg,UNKNOWN_TEST,-1,224,224,3,JPEG,17143
Image_1035,test/Image_1035.jpg,Image_1035.jpg,UNKNOWN_TEST,-1,224,224,3,JPEG,15458
Image_1473,test/Image_1473.jpg,Image_1473.jpg,UNKNOWN_TEST,-1,224,224,3,JPEG,17530
Image_2420,test/Image_2420.jpg,Image_2420.jpg,UNKNOWN_TEST,-1,224,224,3,JPEG,24233
Image_1601,test/Image_1601.jpg,Image_1601.jpg,UNKNOWN_TEST,-1,224,224,3,JPEG,23629
Image_79,test/Image_79.jpg,Image_79.jpg,UNKNOWN_TEST,-1,224,224,3,JPEG,31915
Image_957,test/Image_957.jpg,Image_957.jpg,UNKNOWN_TEST,-1,224,224,3,JPEG,16451
Image_2413,test/Image_2413.jpg,Image_2413.jpg,UNKNOWN_TEST,-1,224,224,3,JPEG,23936
Image_1338,test/Image_1338.jpg,Image_1338.jpg,UNKNOWN_TEST,-1,224,224,3,JPEG,28889
Image_1362,test/Image_1362.jpg,Image_1362.jpg,UNKNOWN_TEST,-1,224,224,3,JPEG,23398
Image_2449,test/Image_2449.jpg,Image_2449.jpg,UNKNOWN_TEST,-1,224,224,3,JPEG,20092
Image_2159,test/Image_2159.jpg,Image_2159.jpg,UNKNOWN_TEST,-1,224,224,3,JPEG,25991
Image_2598,test/Image_2598.jpg,Image_2598.jpg,UNKNOWN_TEST,-1,224,224,3,JPEG,20083
Image_1547,test/Image_1547.jpg,Image_1547.jpg,UNKNOWN_TEST,-1,224,224,3,JPEG,14871
Image_395,test/Image_395.jpg,Image_395.jpg,UNKNOWN_TEST,-1,224,224,3,JPEG,37969
Image_2139,test/Image_2139.jpg,Image_2139.jpg,UNKNOWN_TEST,-1,224,224,3,JPEG,22841
Image_1358,test/Image_1358.jpg,Image_1358.jpg,UNKNOWN_TEST,-1,224,224,3,JPEG,22630
Image_1180,test/Image_1180.jpg,Image_1180.jpg,UNKNOWN_TEST,-1,224,224,3,JPEG,32351
Image_1394,test/Image_1394.jpg,Image_1394.jpg,UNKNOWN_TEST,-1,224,224,3,JPEG,26596
Image_304,test/Image_304.jpg,Image_304.jpg,UNKNOWN_TEST,-1,224,224,3,JPEG,29983
Image_1387,test/Image_1387.jpg,Image_1387.jpg,UNKNOWN_TEST,-1,224,224,3,JPEG,31169
Image_1818,test/Image_1818.jpg,Image_1818.jpg,UNKNOWN_TEST,-1,224,224,3,JPEG,30991
Image_1478,test/Image_1478.jpg,Image_1478.jpg,UNKNOWN_TEST,-1,224,224,3,JPEG,19291
Image_852,test/Image_852.jpg,Image_852.jpg,UNKNOWN_TEST,-1,224,224,3,JPEG,38556
Image_805,test/Image_805.jpg,Image_805.jpg,UNKNOWN_TEST,-1,224,224,3,JPEG,21933
Image_1085,test/Image_1085.jpg,Image_1085.jpg,UNKNOWN_TEST,-1,224,224,3,JPEG,17457
Image_2401,test/Image_2401.jpg,Image_2401.jpg,UNKNOWN_TEST,-1,224,224,3,JPEG,18776
Image_150,test/Image_150.jpg,Image_150.jpg,UNKNOWN_TEST,-1,224,224,3,JPEG,24792
Image_2012,test/Image_2012.jpg,Image_2012.jpg,UNKNOWN_TEST,-1,224,224,3,JPEG,34527
Image_2463,test/Image_2463.jpg,Image_2463.jpg,UNKNOWN_TEST,-1,224,224,3,JPEG,21137
Image_106,test/Image_106.jpg,Image_106.jpg,UNKNOWN_TEST,-1,224,224,3,JPEG,15619
Image_2620,test/Image_2620.jpg,Image_2620.jpg,UNKNOWN_TEST,-1,224,224,3,JPEG,19500
Image_1676,test/Image_1676.jpg,Image_1676.jpg,UNKNOWN_TEST,-1,224,224,3,JPEG,25796
Image_1337,test/Image_1337.jpg,Image_1337.jpg,UNKNOWN_TEST,-1,224,224,3,JPEG,30511
Image_203,test/Image_203.jpg,Image_203.jpg,UNKNOWN_TEST,-1,224,224,3,JPEG,23523
Image_40,test/Image_40.jpg,Image_40.jpg,UNKNOWN_TEST,-1,224,224,3,JPEG,21420
Image_1550,test/Image_1550.jpg,Image_1550.jpg,UNKNOWN_TEST,-1,224,224,3,JPEG,29309
Image_978,test/Image_978.jpg,Image_978.jpg,UNKNOWN_TEST,-1,224,224,3,JPEG,26743
Image_675,test/Image_675.jpg,Image_675.jpg,UNKNOWN_TEST,-1,224,224,3,JPEG,21220
Image_775,test/Image_775.jpg,Image_775.jpg,UNKNOWN_TEST,-1,224,224,3,JPEG,23807
Image_1443,test/Image_1443.jpg,Image_1443.jpg,UNKNOWN_TEST,-1,224,224,3,JPEG,17320
Image_2337,test/Image_2337.jpg,Image_2337.jpg,UNKNOWN_TEST,-1,224,224,3,JPEG,15884
Image_865,test/Image_865.jpg,Image_865.jpg,UNKNOWN_TEST,-1,224,224,3,JPEG,15944
Image_2084,test/Image_2084.jpg,Image_2084.jpg,UNKNOWN_TEST,-1,224,224,3,JPEG,20100
Image_259,test/Image_259.jpg,Image_259.jpg,UNKNOWN_TEST,-1,224,224,3,JPEG,25733
Image_397,test/Image_397.jpg,Image_397.jpg,UNKNOWN_TEST,-1,224,224,3,JPEG,20969
Image_352,test/Image_352.jpg,Image_352.jpg,UNKNOWN_TEST,-1,224,224,3,JPEG,24382
Image_196,test/Image_196.jpg,Image_196.jpg,UNKNOWN_TEST,-1,224,224,3,JPEG,25728
Image_1862,test/Image_1862.jpg,Image_1862.jpg,UNKNOWN_TEST,-1,224,224,3,JPEG,26341
Image_1778,test/Image_1778.jpg,Image_1778.jpg,UNKNOWN_TEST,-1,224,224,3,JPEG,38451
Image_1101,test/Image_1101.jpg,Image_1101.jpg,UNKNOWN_TEST,-1,224,224,3,JPEG,21094
Image_643,test/Image_643.jpg,Image_643.jpg,UNKNOWN_TEST,-1,224,224,3,JPEG,28507
Image_149,test/Image_149.jpg,Image_149.jpg,UNKNOWN_TEST,-1,224,224,3,JPEG,21955
Image_1474,test/Image_1474.jpg,Image_1474.jpg,UNKNOWN_TEST,-1,224,224,3,JPEG,19201
Image_1824,test/Image_1824.jpg,Image_1824.jpg,UNKNOWN_TEST,-1,224,224,3,JPEG,38932
Image_330,test/Image_330.jpg,Image_330.jpg,UNKNOWN_TEST,-1,224,224,3,JPEG,26632
Image_2614,test/Image_2614.jpg,Image_2614.jpg,UNKNOWN_TEST,-1,224,224,3,JPEG,30418
Image_1552,test/Image_1552.jpg,Image_1552.jpg,UNKNOWN_TEST,-1,224,224,3,JPEG,24315
Image_1497,test/Image_1497.jpg,Image_1497.jpg,UNKNOWN_TEST,-1,224,224,3,JPEG,19182
Image_392,test/Image_392.jpg,Image_392.jpg,UNKNOWN_TEST,-1,224,224,3,JPEG,37372
Image_328,test/Image_328.jpg,Image_328.jpg,UNKNOWN_TEST,-1,224,224,3,JPEG,25190
Image_2044,test/Image_2044.jpg,Image_2044.jpg,UNKNOWN_TEST,-1,224,224,3,JPEG,31977
Image_1937,test/Image_1937.jpg,Image_1937.jpg,UNKNOWN_TEST,-1,224,224,3,JPEG,21174
Image_213,test/Image_213.jpg,Image_213.jpg,UNKNOWN_TEST,-1,224,224,3,JPEG,23338
Image_937,test/Image_937.jpg,Image_937.jpg,UNKNOWN_TEST,-1,224,224,3,JPEG,22118
Image_1784,test/Image_1784.jpg,Image_1784.jpg,UNKNOWN_TEST,-1,224,224,3,JPEG,26016
Image_2742,test/Image_2742.jpg,Image_2742.jpg,UNKNOWN_TEST,-1,224,224,3,JPEG,28995
Image_2175,test/Image_2175.jpg,Image_2175.jpg,UNKNOWN_TEST,-1,224,224,3,JPEG,29028
Image_1488,test/Image_1488.jpg,Image_1488.jpg,UNKNOWN_TEST,-1,224,224,3,JPEG,21986
Image_199,test/Image_199.jpg,Image_199.jpg,UNKNOWN_TEST,-1,224,224,3,JPEG,28178
Image_626,test/Image_626.jpg,Image_626.jpg,UNKNOWN_TEST,-1,224,224,3,JPEG,20944
Image_843,test/Image_843.jpg,Image_843.jpg,UNKNOWN_TEST,-1,224,224,3,JPEG,32482
Image_616,test/Image_616.jpg,Image_616.jpg,UNKNOWN_TEST,-1,224,224,3,JPEG,34858
Image_1216,test/Image_1216.jpg,Image_1216.jpg,UNKNOWN_TEST,-1,224,224,3,JPEG,31302
Image_2427,test/Image_2427.jpg,Image_2427.jpg,UNKNOWN_TEST,-1,224,224,3,JPEG,20081
Image_2303,test/Image_2303.jpg,Image_2303.jpg,UNKNOWN_TEST,-1,224,224,3,JPEG,20581
Image_2201,test/Image_2201.jpg,Image_2201.jpg,UNKNOWN_TEST,-1,224,224,3,JPEG,20095
Image_1465,test/Image_1465.jpg,Image_1465.jpg,UNKNOWN_TEST,-1,224,224,3,JPEG,27683
Image_208,test/Image_208.jpg,Image_208.jpg,UNKNOWN_TEST,-1,224,224,3,JPEG,20272
Image_1713,test/Image_1713.jpg,Image_1713.jpg,UNKNOWN_TEST,-1,224,224,3,JPEG,33779
Image_2529,test/Image_2529.jpg,Image_2529.jpg,UNKNOWN_TEST,-1,224,224,3,JPEG,23571
Image_1166,test/Image_1166.jpg,Image_1166.jpg,UNKNOWN_TEST,-1,224,224,3,JPEG,25788
Image_879,test/Image_879.jpg,Image_879.jpg,UNKNOWN_TEST,-1,224,224,3,JPEG,28833
Image_2520,test/Image_2520.jpg,Image_2520.jpg,UNKNOWN_TEST,-1,224,224,3,JPEG,31700
Image_919,test/Image_919.jpg,Image_919.jpg,UNKNOWN_TEST,-1,224,224,3,JPEG,18991
Image_564,test/Image_564.jpg,Image_564.jpg,UNKNOWN_TEST,-1,224,224,3,JPEG,26730
Image_2293,test/Image_2293.jpg,Image_2293.jpg,UNKNOWN_TEST,-1,224,224,3,JPEG,27606
Image_63,test/Image_63.jpg,Image_63.jpg,UNKNOWN_TEST,-1,224,224,3,JPEG,31869
Image_1031,test/Image_1031.jpg,Image_1031.jpg,UNKNOWN_TEST,-1,224,224,3,JPEG,31612
Image_2437,test/Image_2437.jpg,Image_2437.jpg,UNKNOWN_TEST,-1,224,224,3,JPEG,24413
Image_101,test/Image_101.jpg,Image_101.jpg,UNKNOWN_TEST,-1,224,224,3,JPEG,26318
Image_78,test/Image_78.jpg,Image_78.jpg,UNKNOWN_TEST,-1,224,224,3,JPEG,27990
Image_1636,test/Image_1636.jpg,Image_1636.jpg,UNKNOWN_TEST,-1,224,224,3,JPEG,20702
Image_1382,test/Image_1382.jpg,Image_1382.jpg,UNKNOWN_TEST,-1,224,224,3,JPEG,36738
Image_869,test/Image_869.jpg,Image_869.jpg,UNKNOWN_TEST,-1,224,224,3,JPEG,25743
Image_1050,test/Image_1050.jpg,Image_1050.jpg,UNKNOWN_TEST,-1,224,224,3,JPEG,17470
Image_1001,test/Image_1001.jpg,Image_1001.jpg,UNKNOWN_TEST,-1,224,224,3,JPEG,26399
Image_1838,test/Image_1838.jpg,Image_1838.jpg,UNKNOWN_TEST,-1,224,224,3,JPEG,23908
Image_2765,test/Image_2765.jpg,Image_2765.jpg,UNKNOWN_TEST,-1,224,224,3,JPEG,22981
Image_1033,test/Image_1033.jpg,Image_1033.jpg,UNKNOWN_TEST,-1,224,224,3,JPEG,20642
Image_1303,test/Image_1303.jpg,Image_1303.jpg,UNKNOWN_TEST,-1,224,224,3,JPEG,19716
Image_2318,test/Image_2318.jpg,Image_2318.jpg,UNKNOWN_TEST,-1,224,224,3,JPEG,25348
Image_407,test/Image_407.jpg,Image_407.jpg,UNKNOWN_TEST,-1,224,224,3,JPEG,25524
Image_1867,test/Image_1867.jpg,Image_1867.jpg,UNKNOWN_TEST,-1,224,224,3,JPEG,28366
Image_151,test/Image_151.jpg,Image_151.jpg,UNKNOWN_TEST,-1,224,224,3,JPEG,24530
Image_1266,test/Image_1266.jpg,Image_1266.jpg,UNKNOWN_TEST,-1,224,224,3,JPEG,30516
Image_751,test/Image_751.jpg,Image_751.jpg,UNKNOWN_TEST,-1,224,224,3,JPEG,24069
Image_1263,test/Image_1263.jpg,Image_1263.jpg,UNKNOWN_TEST,-1,224,224,3,JPEG,25303
Image_2628,test/Image_2628.jpg,Image_2628.jpg,UNKNOWN_TEST,-1,224,224,3,JPEG,25751
Image_66,test/Image_66.jpg,Image_66.jpg,UNKNOWN_TEST,-1,224,224,3,JPEG,30538
Image_359,test/Image_359.jpg,Image_359.jpg,UNKNOWN_TEST,-1,224,224,3,JPEG,15932
Image_485,test/Image_485.jpg,Image_485.jpg,UNKNOWN_TEST,-1,224,224,3,JPEG,21218
Image_688,test/Image_688.jpg,Image_688.jpg,UNKNOWN_TEST,-1,224,224,3,JPEG,18163
Image_6,test/Image_6.jpg,Image_6.jpg,UNKNOWN_TEST,-1,224,224,3,JPEG,19057
Image_1857,test/Image_1857.jpg,Image_1857.jpg,UNKNOWN_TEST,-1,224,224,3,JPEG,25377
Image_2446,test/Image_2446.jpg,Image_2446.jpg,UNKNOWN_TEST,-1,224,224,3,JPEG,30226
Image_227,test/Image_227.jpg,Image_227.jpg,UNKNOWN_TEST,-1,224,224,3,JPEG,32268
Image_2032,test/Image_2032.jpg,Image_2032.jpg,UNKNOWN_TEST,-1,224,224,3,JPEG,20426
Image_1182,test/Image_1182.jpg,Image_1182.jpg,UNKNOWN_TEST,-1,224,224,3,JPEG,26157
Image_2252,test/Image_2252.jpg,Image_2252.jpg,UNKNOWN_TEST,-1,224,224,3,JPEG,28305
Image_1901,test/Image_1901.jpg,Image_1901.jpg,UNKNOWN_TEST,-1,224,224,3,JPEG,36323
Image_2011,test/Image_2011.jpg,Image_2011.jpg,UNKNOWN_TEST,-1,224,224,3,JPEG,19874
Image_1758,test/Image_1758.jpg,Image_1758.jpg,UNKNOWN_TEST,-1,224,224,3,JPEG,21702
Image_255,test/Image_255.jpg,Image_255.jpg,UNKNOWN_TEST,-1,224,224,3,JPEG,38072
Image_198,test/Image_198.jpg,Image_198.jpg,UNKNOWN_TEST,-1,224,224,3,JPEG,18657
Image_2645,test/Image_2645.jpg,Image_2645.jpg,UNKNOWN_TEST,-1,224,224,3,JPEG,26681
Image_1072,test/Image_1072.jpg,Image_1072.jpg,UNKNOWN_TEST,-1,224,224,3,JPEG,33026
Image_461,test/Image_461.jpg,Image_461.jpg,UNKNOWN_TEST,-1,224,224,3,JPEG,28161
Image_1596,test/Image_1596.jpg,Image_1596.jpg,UNKNOWN_TEST,-1,224,224,3,JPEG,35017
Image_179,test/Image_179.jpg,Image_179.jpg,UNKNOWN_TEST,-1,224,224,3,JPEG,31794
Image_1413,test/Image_1413.jpg,Image_1413.jpg,UNKNOWN_TEST,-1,224,224,3,JPEG,32022
Image_1683,test/Image_1683.jpg,Image_1683.jpg,UNKNOWN_TEST,-1,224,224,3,JPEG,25387
Image_1860,test/Image_1860.jpg,Image_1860.jpg,UNKNOWN_TEST,-1,224,224,3,JPEG,13908
Image_711,test/Image_711.jpg,Image_711.jpg,UNKNOWN_TEST,-1,224,224,3,JPEG,25577
Image_892,test/Image_892.jpg,Image_892.jpg,UNKNOWN_TEST,-1,224,224,3,JPEG,25825
Image_1965,test/Image_1965.jpg,Image_1965.jpg,UNKNOWN_TEST,-1,224,224,3,JPEG,27372
Image_1949,test/Image_1949.jpg,Image_1949.jpg,UNKNOWN_TEST,-1,224,224,3,JPEG,26746
Image_1299,test/Image_1299.jpg,Image_1299.jpg,UNKNOWN_TEST,-1,224,224,3,JPEG,28431
Image_2115,test/Image_2115.jpg,Image_2115.jpg,UNKNOWN_TEST,-1,224,224,3,JPEG,23382
Image_1999,test/Image_1999.jpg,Image_1999.jpg,UNKNOWN_TEST,-1,224,224,3,JPEG,36835
Image_1036,test/Image_1036.jpg,Image_1036.jpg,UNKNOWN_TEST,-1,224,224,3,JPEG,17139
Image_2141,test/Image_2141.jpg,Image_2141.jpg,UNKNOWN_TEST,-1,224,224,3,JPEG,19834
Image_127,test/Image_127.jpg,Image_127.jpg,UNKNOWN_TEST,-1,224,224,3,JPEG,32486
Image_1400,test/Image_1400.jpg,Image_1400.jpg,UNKNOWN_TEST,-1,224,224,3,JPEG,23967
Image_440,test/Image_440.jpg,Image_440.jpg,UNKNOWN_TEST,-1,224,224,3,JPEG,29368
Image_1079,test/Image_1079.jpg,Image_1079.jpg,UNKNOWN_TEST,-1,224,224,3,JPEG,18640
Image_2370,test/Image_2370.jpg,Image_2370.jpg,UNKNOWN_TEST,-1,224,224,3,JPEG,19477
Image_2668,test/Image_2668.jpg,Image_2668.jpg,UNKNOWN_TEST,-1,224,224,3,JPEG,28059
Image_1487,test/Image_1487.jpg,Image_1487.jpg,UNKNOWN_TEST,-1,224,224,3,JPEG,29753
Image_2615,test/Image_2615.jpg,Image_2615.jpg,UNKNOWN_TEST,-1,224,224,3,JPEG,21051
Image_2083,test/Image_2083.jpg,Image_2083.jpg,UNKNOWN_TEST,-1,224,224,3,JPEG,28388
Image_1745,test/Image_1745.jpg,Image_1745.jpg,UNKNOWN_TEST,-1,224,224,3,JPEG,26342
Image_2160,test/Image_2160.jpg,Image_2160.jpg,UNKNOWN_TEST,-1,224,224,3,JPEG,27369
Image_1412,test/Image_1412.jpg,Image_1412.jpg,UNKNOWN_TEST,-1,224,224,3,JPEG,27129
Image_566,test/Image_566.jpg,Image_566.jpg,UNKNOWN_TEST,-1,224,224,3,JPEG,19236
Image_759,test/Image_759.jpg,Image_759.jpg,UNKNOWN_TEST,-1,224,224,3,JPEG,27294
Image_1939,test/Image_1939.jpg,Image_1939.jpg,UNKNOWN_TEST,-1,224,224,3,JPEG,22472
Image_1355,test/Image_1355.jpg,Image_1355.jpg,UNKNOWN_TEST,-1,224,224,3,JPEG,25439
Image_2382,test/Image_2382.jpg,Image_2382.jpg,UNKNOWN_TEST,-1,224,224,3,JPEG,35144
Image_2722,test/Image_2722.jpg,Image_2722.jpg,UNKNOWN_TEST,-1,224,224,3,JPEG,17535
Image_2095,test/Image_2095.jpg,Image_2095.jpg,UNKNOWN_TEST,-1,224,224,3,JPEG,19274
Image_67,test/Image_67.jpg,Image_67.jpg,UNKNOWN_TEST,-1,224,224,3,JPEG,19965
Image_2632,test/Image_2632.jpg,Image_2632.jpg,UNKNOWN_TEST,-1,224,224,3,JPEG,19081
Image_446,test/Image_446.jpg,Image_446.jpg,UNKNOWN_TEST,-1,224,224,3,JPEG,23830
Image_619,test/Image_619.jpg,Image_619.jpg,UNKNOWN_TEST,-1,224,224,3,JPEG,34418
Image_2692,test/Image_2692.jpg,Image_2692.jpg,UNKNOWN_TEST,-1,224,224,3,JPEG,31326
Image_1439,test/Image_1439.jpg,Image_1439.jpg,UNKNOWN_TEST,-1,224,224,3,JPEG,28560
Image_912,test/Image_912.jpg,Image_912.jpg,UNKNOWN_TEST,-1,224,224,3,JPEG,25450
Image_2156,test/Image_2156.jpg,Image_2156.jpg,UNKNOWN_TEST,-1,224,224,3,JPEG,27299
Image_901,test/Image_901.jpg,Image_901.jpg,UNKNOWN_TEST,-1,224,224,3,JPEG,21912
Image_1518,test/Image_1518.jpg,Image_1518.jpg,UNKNOWN_TEST,-1,224,224,3,JPEG,39854
Image_760,test/Image_760.jpg,Image_760.jpg,UNKNOWN_TEST,-1,224,224,3,JPEG,22212
Image_2649,test/Image_2649.jpg,Image_2649.jpg,UNKNOWN_TEST,-1,224,224,3,JPEG,31602
Image_2319,test/Image_2319.jpg,Image_2319.jpg,UNKNOWN_TEST,-1,224,224,3,JPEG,28465
Image_1794,test/Image_1794.jpg,Image_1794.jpg,UNKNOWN_TEST,-1,224,224,3,JPEG,27603
Image_2641,test/Image_2641.jpg,Image_2641.jpg,UNKNOWN_TEST,-1,224,224,3,JPEG,22030
Image_2657,test/Image_2657.jpg,Image_2657.jpg,UNKNOWN_TEST,-1,224,224,3,JPEG,22818
Image_1972,test/Image_1972.jpg,Image_1972.jpg,UNKNOWN_TEST,-1,224,224,3,JPEG,22968
Image_1243,test/Image_1243.jpg,Image_1243.jpg,UNKNOWN_TEST,-1,224,224,3,JPEG,23679
Image_887,test/Image_887.jpg,Image_887.jpg,UNKNOWN_TEST,-1,224,224,3,JPEG,26511
Image_993,test/Image_993.jpg,Image_993.jpg,UNKNOWN_TEST,-1,224,224,3,JPEG,26487
Image_1789,test/Image_1789.jpg,Image_1789.jpg,UNKNOWN_TEST,-1,224,224,3,JPEG,19371
Image_782,test/Image_782.jpg,Image_782.jpg,UNKNOWN_TEST,-1,224,224,3,JPEG,34072
Image_542,test/Image_542.jpg,Image_542.jpg,UNKNOWN_TEST,-1,224,224,3,JPEG,22533
Image_707,test/Image_707.jpg,Image_707.jpg,UNKNOWN_TEST,-1,224,224,3,JPEG,17343
Image_1113,test/Image_1113.jpg,Image_1113.jpg,UNKNOWN_TEST,-1,224,224,3,JPEG,38575
Image_652,test/Image_652.jpg,Image_652.jpg,UNKNOWN_TEST,-1,224,224,3,JPEG,31833
Image_1434,test/Image_1434.jpg,Image_1434.jpg,UNKNOWN_TEST,-1,224,224,3,JPEG,31595
Image_840,test/Image_840.jpg,Image_840.jpg,UNKNOWN_TEST,-1,224,224,3,JPEG,34678
Image_2554,test/Image_2554.jpg,Image_2554.jpg,UNKNOWN_TEST,-1,224,224,3,JPEG,20281
Image_1326,test/Image_1326.jpg,Image_1326.jpg,UNKNOWN_TEST,-1,224,224,3,JPEG,24315
Image_131,test/Image_131.jpg,Image_131.jpg,UNKNOWN_TEST,-1,224,224,3,JPEG,42078
Image_2441,test/Image_2441.jpg,Image_2441.jpg,UNKNOWN_TEST,-1,224,224,3,JPEG,17019
Image_2336,test/Image_2336.jpg,Image_2336.jpg,UNKNOWN_TEST,-1,224,224,3,JPEG,31035
Image_180,test/Image_180.jpg,Image_180.jpg,UNKNOWN_TEST,-1,224,224,3,JPEG,20300
Image_589,test/Image_589.jpg,Image_589.jpg,UNKNOWN_TEST,-1,224,224,3,JPEG,18876
Image_1405,test/Image_1405.jpg,Image_1405.jpg,UNKNOWN_TEST,-1,224,224,3,JPEG,34624
Image_842,test/Image_842.jpg,Image_842.jpg,UNKNOWN_TEST,-1,224,224,3,JPEG,31737
Image_787,test/Image_787.jpg,Image_787.jpg,UNKNOWN_TEST,-1,224,224,3,JPEG,17995
Image_1613,test/Image_1613.jpg,Image_1613.jpg,UNKNOWN_TEST,-1,224,224,3,JPEG,25501
Image_2661,test/Image_2661.jpg,Image_2661.jpg,UNKNOWN_TEST,-1,224,224,3,JPEG,26493
Image_2275,test/Image_2275.jpg,Image_2275.jpg,UNKNOWN_TEST,-1,224,224,3,JPEG,25155
Image_1336,test/Image_1336.jpg,Image_1336.jpg,UNKNOWN_TEST,-1,224,224,3,JPEG,26511
Image_1003,test/Image_1003.jpg,Image_1003.jpg,UNKNOWN_TEST,-1,224,224,3,JPEG,35464
Image_934,test/Image_934.jpg,Image_934.jpg,UNKNOWN_TEST,-1,224,224,3,JPEG,24860
Image_1727,test/Image_1727.jpg,Image_1727.jpg,UNKNOWN_TEST,-1,224,224,3,JPEG,22878
Image_971,test/Image_971.jpg,Image_971.jpg,UNKNOWN_TEST,-1,224,224,3,JPEG,26566
Image_1500,test/Image_1500.jpg,Image_1500.jpg,UNKNOWN_TEST,-1,224,224,3,JPEG,24404
Image_2244,test/Image_2244.jpg,Image_2244.jpg,UNKNOWN_TEST,-1,224,224,3,JPEG,23725
Image_102,test/Image_102.jpg,Image_102.jpg,UNKNOWN_TEST,-1,224,224,3,JPEG,29351
Image_531,test/Image_531.jpg,Image_531.jpg,UNKNOWN_TEST,-1,224,224,3,JPEG,33816
Image_393,test/Image_393.jpg,Image_393.jpg,UNKNOWN_TEST,-1,224,224,3,JPEG,34086
Image_1081,test/Image_1081.jpg,Image_1081.jpg,UNKNOWN_TEST,-1,224,224,3,JPEG,36519
Image_409,test/Image_409.jpg,Image_409.jpg,UNKNOWN_TEST,-1,224,224,3,JPEG,25949
Image_815,test/Image_815.jpg,Image_815.jpg,UNKNOWN_TEST,-1,224,224,3,JPEG,29507
Image_99,test/Image_99.jpg,Image_99.jpg,UNKNOWN_TEST,-1,224,224,3,JPEG,23111
Image_2070,test/Image_2070.jpg,Image_2070.jpg,UNKNOWN_TEST,-1,224,224,3,JPEG,30856
Image_1354,test/Image_1354.jpg,Image_1354.jpg,UNKNOWN_TEST,-1,224,224,3,JPEG,29119
Image_1398,test/Image_1398.jpg,Image_1398.jpg,UNKNOWN_TEST,-1,224,224,3,JPEG,14810
Image_95,test/Image_95.jpg,Image_95.jpg,UNKNOWN_TEST,-1,224,224,3,JPEG,30833
Image_2436,test/Image_2436.jpg,Image_2436.jpg,UNKNOWN_TEST,-1,224,224,3,JPEG,30173
Image_1819,test/Image_1819.jpg,Image_1819.jpg,UNKNOWN_TEST,-1,224,224,3,JPEG,24196
Image_1484,test/Image_1484.jpg,Image_1484.jpg,UNKNOWN_TEST,-1,224,224,3,JPEG,26727
Image_820,test/Image_820.jpg,Image_820.jpg,UNKNOWN_TEST,-1,224,224,3,JPEG,39171
Image_1147,test/Image_1147.jpg,Image_1147.jpg,UNKNOWN_TEST,-1,224,224,3,JPEG,21542
Image_2157,test/Image_2157.jpg,Image_2157.jpg,UNKNOWN_TEST,-1,224,224,3,JPEG,28077
Image_455,test/Image_455.jpg,Image_455.jpg,UNKNOWN_TEST,-1,224,224,3,JPEG,39251
Image_1194,test/Image_1194.jpg,Image_1194.jpg,UNKNOWN_TEST,-1,224,224,3,JPEG,27062
Image_1719,test/Image_1719.jpg,Image_1719.jpg,UNKNOWN_TEST,-1,224,224,3,JPEG,25994
Image_2405,test/Image_2405.jpg,Image_2405.jpg,UNKNOWN_TEST,-1,224,224,3,JPEG,22786
Image_2331,test/Image_2331.jpg,Image_2331.jpg,UNKNOWN_TEST,-1,224,224,3,JPEG,16724
Image_1514,test/Image_1514.jpg,Image_1514.jpg,UNKNOWN_TEST,-1,224,224,3,JPEG,27574
Image_226,test/Image_226.jpg,Image_226.jpg,UNKNOWN_TEST,-1,224,224,3,JPEG,20578
Image_1112,test/Image_1112.jpg,Image_1112.jpg,UNKNOWN_TEST,-1,224,224,3,JPEG,15621
Image_2716,test/Image_2716.jpg,Image_2716.jpg,UNKNOWN_TEST,-1,224,224,3,JPEG,23990
Image_827,test/Image_827.jpg,Image_827.jpg,UNKNOWN_TEST,-1,224,224,3,JPEG,24858
Image_211,test/Image_211.jpg,Image_211.jpg,UNKNOWN_TEST,-1,224,224,3,JPEG,23367
Image_2232,test/Image_2232.jpg,Image_2232.jpg,UNKNOWN_TEST,-1,224,224,3,JPEG,16041
Image_1117,test/Image_1117.jpg,Image_1117.jpg,UNKNOWN_TEST,-1,224,224,3,JPEG,16004
Image_86,test/Image_86.jpg,Image_86.jpg,UNKNOWN_TEST,-1,224,224,3,JPEG,29172
Image_1366,test/Image_1366.jpg,Image_1366.jpg,UNKNOWN_TEST,-1,224,224,3,JPEG,28351
Image_119,test/Image_119.jpg,Image_119.jpg,UNKNOWN_TEST,-1,224,224,3,JPEG,25461
Image_333,test/Image_333.jpg,Image_333.jpg,UNKNOWN_TEST,-1,224,224,3,JPEG,27416
Image_597,test/Image_597.jpg,Image_597.jpg,UNKNOWN_TEST,-1,224,224,3,JPEG,16410
Image_1885,test/Image_1885.jpg,Image_1885.jpg,UNKNOWN_TEST,-1,224,224,3,JPEG,25788
Image_1991,test/Image_1991.jpg,Image_1991.jpg,UNKNOWN_TEST,-1,224,224,3,JPEG,23051
Image_653,test/Image_653.jpg,Image_653.jpg,UNKNOWN_TEST,-1,224,224,3,JPEG,31320
Image_1692,test/Image_1692.jpg,Image_1692.jpg,UNKNOWN_TEST,-1,224,224,3,JPEG,25118
Image_1969,test/Image_1969.jpg,Image_1969.jpg,UNKNOWN_TEST,-1,224,224,3,JPEG,26365
Image_2142,test/Image_2142.jpg,Image_2142.jpg,UNKNOWN_TEST,-1,224,224,3,JPEG,37680
Image_586,test/Image_586.jpg,Image_586.jpg,UNKNOWN_TEST,-1,224,224,3,JPEG,26053
Image_193,test/Image_193.jpg,Image_193.jpg,UNKNOWN_TEST,-1,224,224,3,JPEG,37281
Image_955,test/Image_955.jpg,Image_955.jpg,UNKNOWN_TEST,-1,224,224,3,JPEG,29461
Image_2667,test/Image_2667.jpg,Image_2667.jpg,UNKNOWN_TEST,-1,224,224,3,JPEG,20094
Image_837,test/Image_837.jpg,Image_837.jpg,UNKNOWN_TEST,-1,224,224,3,JPEG,30083
Image_637,test/Image_637.jpg,Image_637.jpg,UNKNOWN_TEST,-1,224,224,3,JPEG,21444
Image_2103,test/Image_2103.jpg,Image_2103.jpg,UNKNOWN_TEST,-1,224,224,3,JPEG,25841
Image_278,test/Image_278.jpg,Image_278.jpg,UNKNOWN_TEST,-1,224,224,3,JPEG,25794
Image_2117,test/Image_2117.jpg,Image_2117.jpg,UNKNOWN_TEST,-1,224,224,3,JPEG,17522
Image_1074,test/Image_1074.jpg,Image_1074.jpg,UNKNOWN_TEST,-1,224,224,3,JPEG,20715
Image_1378,test/Image_1378.jpg,Image_1378.jpg,UNKNOWN_TEST,-1,224,224,3,JPEG,31037
Image_148,test/Image_148.jpg,Image_148.jpg,UNKNOWN_TEST,-1,224,224,3,JPEG,27737
Image_2517,test/Image_2517.jpg,Image_2517.jpg,UNKNOWN_TEST,-1,224,224,3,JPEG,32709
Image_19,test/Image_19.jpg,Image_19.jpg,UNKNOWN_TEST,-1,224,224,3,JPEG,22097
Image_2715,test/Image_2715.jpg,Image_2715.jpg,UNKNOWN_TEST,-1,224,224,3,JPEG,20951
Image_1248,test/Image_1248.jpg,Image_1248.jpg,UNKNOWN_TEST,-1,224,224,3,JPEG,23496
Image_729,test/Image_729.jpg,Image_729.jpg,UNKNOWN_TEST,-1,224,224,3,JPEG,20942
Image_627,test/Image_627.jpg,Image_627.jpg,UNKNOWN_TEST,-1,224,224,3,JPEG,27405
Image_434,test/Image_434.jpg,Image_434.jpg,UNKNOWN_TEST,-1,224,224,3,JPEG,20420
Image_2026,test/Image_2026.jpg,Image_2026.jpg,UNKNOWN_TEST,-1,224,224,3,JPEG,19483
Image_2015,test/Image_2015.jpg,Image_2015.jpg,UNKNOWN_TEST,-1,224,224,3,JPEG,12646
Image_2236,test/Image_2236.jpg,Image_2236.jpg,UNKNOWN_TEST,-1,224,224,3,JPEG,28245
Image_2539,test/Image_2539.jpg,Image_2539.jpg,UNKNOWN_TEST,-1,224,224,3,JPEG,24204
Image_2745,test/Image_2745.jpg,Image_2745.jpg,UNKNOWN_TEST,-1,224,224,3,JPEG,23402
Image_1235,test/Image_1235.jpg,Image_1235.jpg,UNKNOWN_TEST,-1,224,224,3,JPEG,24442
Image_1978,test/Image_1978.jpg,Image_1978.jpg,UNKNOWN_TEST,-1,224,224,3,JPEG,29640
Image_246,test/Image_246.jpg,Image_246.jpg,UNKNOWN_TEST,-1,224,224,3,JPEG,20229
Image_1301,test/Image_1301.jpg,Image_1301.jpg,UNKNOWN_TEST,-1,224,224,3,JPEG,40018
Image_1930,test/Image_1930.jpg,Image_1930.jpg,UNKNOWN_TEST,-1,224,224,3,JPEG,23717
Image_1578,test/Image_1578.jpg,Image_1578.jpg,UNKNOWN_TEST,-1,224,224,3,JPEG,23896
Image_2242,test/Image_2242.jpg,Image_2242.jpg,UNKNOWN_TEST,-1,224,224,3,JPEG,20468
Image_108,test/Image_108.jpg,Image_108.jpg,UNKNOWN_TEST,-1,224,224,3,JPEG,26213
Image_1363,test/Image_1363.jpg,Image_1363.jpg,UNKNOWN_TEST,-1,224,224,3,JPEG,20388
Image_1430,test/Image_1430.jpg,Image_1430.jpg,UNKNOWN_TEST,-1,224,224,3,JPEG,23543
Image_2514,test/Image_2514.jpg,Image_2514.jpg,UNKNOWN_TEST,-1,224,224,3,JPEG,33125
Image_257,test/Image_257.jpg,Image_257.jpg,UNKNOWN_TEST,-1,224,224,3,JPEG,23346
Image_836,test/Image_836.jpg,Image_836.jpg,UNKNOWN_TEST,-1,224,224,3,JPEG,25469
Image_1329,test/Image_1329.jpg,Image_1329.jpg,UNKNOWN_TEST,-1,224,224,3,JPEG,15562
Image_2383,test/Image_2383.jpg,Image_2383.jpg,UNKNOWN_TEST,-1,224,224,3,JPEG,23173
Image_706,test/Image_706.jpg,Image_706.jpg,UNKNOWN_TEST,-1,224,224,3,JPEG,26421
Image_812,test/Image_812.jpg,Image_812.jpg,UNKNOWN_TEST,-1,224,224,3,JPEG,27553
Image_585,test/Image_585.jpg,Image_585.jpg,UNKNOWN_TEST,-1,224,224,3,JPEG,21404
Image_964,test/Image_964.jpg,Image_964.jpg,UNKNOWN_TEST,-1,224,224,3,JPEG,23184
Image_2228,test/Image_2228.jpg,Image_2228.jpg,UNKNOWN_TEST,-1,224,224,3,JPEG,27459
Image_448,test/Image_448.jpg,Image_448.jpg,UNKNOWN_TEST,-1,224,224,3,JPEG,26969
Image_514,test/Image_514.jpg,Image_514.jpg,UNKNOWN_TEST,-1,224,224,3,JPEG,19111
Image_1127,test/Image_1127.jpg,Image_1127.jpg,UNKNOWN_TEST,-1,224,224,3,JPEG,18923
Image_527,test/Image_527.jpg,Image_527.jpg,UNKNOWN_TEST,-1,224,224,3,JPEG,31278
Image_979,test/Image_979.jpg,Image_979.jpg,UNKNOWN_TEST,-1,224,224,3,JPEG,31483
Image_532,test/Image_532.jpg,Image_532.jpg,UNKNOWN_TEST,-1,224,224,3,JPEG,21385
Image_1094,test/Image_1094.jpg,Image_1094.jpg,UNKNOWN_TEST,-1,224,224,3,JPEG,20899
Image_1367,test/Image_1367.jpg,Image_1367.jpg,UNKNOWN_TEST,-1,224,224,3,JPEG,22637
Image_1645,test/Image_1645.jpg,Image_1645.jpg,UNKNOWN_TEST,-1,224,224,3,JPEG,27599
Image_2106,test/Image_2106.jpg,Image_2106.jpg,UNKNOWN_TEST,-1,224,224,3,JPEG,21466
Image_1071,test/Image_1071.jpg,Image_1071.jpg,UNKNOWN_TEST,-1,224,224,3,JPEG,30224
Image_1420,test/Image_1420.jpg,Image_1420.jpg,UNKNOWN_TEST,-1,224,224,3,JPEG,24488
Image_2108,test/Image_2108.jpg,Image_2108.jpg,UNKNOWN_TEST,-1,224,224,3,JPEG,36571
Image_2666,test/Image_2666.jpg,Image_2666.jpg,UNKNOWN_TEST,-1,224,224,3,JPEG,19917
Image_1364,test/Image_1364.jpg,Image_1364.jpg,UNKNOWN_TEST,-1,224,224,3,JPEG,11931
Image_2510,test/Image_2510.jpg,Image_2510.jpg,UNKNOWN_TEST,-1,224,224,3,JPEG,23688
Image_1496,test/Image_1496.jpg,Image_1496.jpg,UNKNOWN_TEST,-1,224,224,3,JPEG,28623
Image_969,test/Image_969.jpg,Image_969.jpg,UNKNOWN_TEST,-1,224,224,3,JPEG,17124
Image_90,test/Image_90.jpg,Image_90.jpg,UNKNOWN_TEST,-1,224,224,3,JPEG,31015
Image_705,test/Image_705.jpg,Image_705.jpg,UNKNOWN_TEST,-1,224,224,3,JPEG,28904
Image_1989,test/Image_1989.jpg,Image_1989.jpg,UNKNOWN_TEST,-1,224,224,3,JPEG,18808
Image_1515,test/Image_1515.jpg,Image_1515.jpg,UNKNOWN_TEST,-1,224,224,3,JPEG,25899
Image_529,test/Image_529.jpg,Image_529.jpg,UNKNOWN_TEST,-1,224,224,3,JPEG,18092
Image_1346,test/Image_1346.jpg,Image_1346.jpg,UNKNOWN_TEST,-1,224,224,3,JPEG,29440
Image_2168,test/Image_2168.jpg,Image_2168.jpg,UNKNOWN_TEST,-1,224,224,3,JPEG,28813
Image_1146,test/Image_1146.jpg,Image_1146.jpg,UNKNOWN_TEST,-1,224,224,3,JPEG,30823
Image_467,test/Image_467.jpg,Image_467.jpg,UNKNOWN_TEST,-1,224,224,3,JPEG,16786
Image_2686,test/Image_2686.jpg,Image_2686.jpg,UNKNOWN_TEST,-1,224,224,3,JPEG,23798
Image_998,test/Image_998.jpg,Image_998.jpg,UNKNOWN_TEST,-1,224,224,3,JPEG,27159
Image_200,test/Image_200.jpg,Image_200.jpg,UNKNOWN_TEST,-1,224,224,3,JPEG,25740
Image_2532,test/Image_2532.jpg,Image_2532.jpg,UNKNOWN_TEST,-1,224,224,3,JPEG,28070
Image_2313,test/Image_2313.jpg,Image_2313.jpg,UNKNOWN_TEST,-1,224,224,3,JPEG,17502
Image_897,test/Image_897.jpg,Image_897.jpg,UNKNOWN_TEST,-1,224,224,3,JPEG,21902
Image_224,test/Image_224.jpg,Image_224.jpg,UNKNOWN_TEST,-1,224,224,3,JPEG,24556
Image_2749,test/Image_2749.jpg,Image_2749.jpg,UNKNOWN_TEST,-1,224,224,3,JPEG,27067
Image_283,test/Image_283.jpg,Image_283.jpg,UNKNOWN_TEST,-1,224,224,3,JPEG,29144
Image_2545,test/Image_2545.jpg,Image_2545.jpg,UNKNOWN_TEST,-1,224,224,3,JPEG,24825
Image_1145,test/Image_1145.jpg,Image_1145.jpg,UNKNOWN_TEST,-1,224,224,3,JPEG,18184
Image_1985,test/Image_1985.jpg,Image_1985.jpg,UNKNOWN_TEST,-1,224,224,3,JPEG,28693
Image_1556,test/Image_1556.jpg,Image_1556.jpg,UNKNOWN_TEST,-1,224,224,3,JPEG,23613
Image_422,test/Image_422.jpg,Image_422.jpg,UNKNOWN_TEST,-1,224,224,3,JPEG,22728
Image_1347,test/Image_1347.jpg,Image_1347.jpg,UNKNOWN_TEST,-1,224,224,3,JPEG,29372
Image_2209,test/Image_2209.jpg,Image_2209.jpg,UNKNOWN_TEST,-1,224,224,3,JPEG,32225
Image_315,test/Image_315.jpg,Image_315.jpg,UNKNOWN_TEST,-1,224,224,3,JPEG,24528
Image_981,test/Image_981.jpg,Image_981.jpg,UNKNOWN_TEST,-1,224,224,3,JPEG,15958
Image_14,test/Image_14.jpg,Image_14.jpg,UNKNOWN_TEST,-1,224,224,3,JPEG,37196
Image_667,test/Image_667.jpg,Image_667.jpg,UNKNOWN_TEST,-1,224,224,3,JPEG,24987
Image_1792,test/Image_1792.jpg,Image_1792.jpg,UNKNOWN_TEST,-1,224,224,3,JPEG,22042
Image_2457,test/Image_2457.jpg,Image_2457.jpg,UNKNOWN_TEST,-1,224,224,3,JPEG,30339
Image_933,test/Image_933.jpg,Image_933.jpg,UNKNOWN_TEST,-1,224,224,3,JPEG,32108
Image_1219,test/Image_1219.jpg,Image_1219.jpg,UNKNOWN_TEST,-1,224,224,3,JPEG,22794
Image_1019,test/Image_1019.jpg,Image_1019.jpg,UNKNOWN_TEST,-1,224,224,3,JPEG,25969
Image_1706,test/Image_1706.jpg,Image_1706.jpg,UNKNOWN_TEST,-1,224,224,3,JPEG,16410
Image_2675,test/Image_2675.jpg,Image_2675.jpg,UNKNOWN_TEST,-1,224,224,3,JPEG,25249
Image_2031,test/Image_2031.jpg,Image_2031.jpg,UNKNOWN_TEST,-1,224,224,3,JPEG,18708
Image_1619,test/Image_1619.jpg,Image_1619.jpg,UNKNOWN_TEST,-1,224,224,3,JPEG,36808
Image_391,test/Image_391.jpg,Image_391.jpg,UNKNOWN_TEST,-1,224,224,3,JPEG,30669
Image_2124,test/Image_2124.jpg,Image_2124.jpg,UNKNOWN_TEST,-1,224,224,3,JPEG,28168
Image_669,test/Image_669.jpg,Image_669.jpg,UNKNOWN_TEST,-1,224,224,3,JPEG,13625
Image_1401,test/Image_1401.jpg,Image_1401.jpg,UNKNOWN_TEST,-1,224,224,3,JPEG,27086
Image_1062,test/Image_1062.jpg,Image_1062.jpg,UNKNOWN_TEST,-1,224,224,3,JPEG,19954
Image_1987,test/Image_1987.jpg,Image_1987.jpg,UNKNOWN_TEST,-1,224,224,3,JPEG,17090
Image_2651,test/Image_2651.jpg,Image_2651.jpg,UNKNOWN_TEST,-1,224,224,3,JPEG,23486
Image_2287,test/Image_2287.jpg,Image_2287.jpg,UNKNOWN_TEST,-1,224,224,3,JPEG,24270
Image_1427,test/Image_1427.jpg,Image_1427.jpg,UNKNOWN_TEST,-1,224,224,3,JPEG,24402
Image_959,test/Image_959.jpg,Image_959.jpg,UNKNOWN_TEST,-1,224,224,3,JPEG,22831
Image_1642,test/Image_1642.jpg,Image_1642.jpg,UNKNOWN_TEST,-1,224,224,3,JPEG,17290
Image_2551,test/Image_2551.jpg,Image_2551.jpg,UNKNOWN_TEST,-1,224,224,3,JPEG,24652
Image_187,test/Image_187.jpg,Image_187.jpg,UNKNOWN_TEST,-1,224,224,3,JPEG,17357
Image_163,test/Image_163.jpg,Image_163.jpg,UNKNOWN_TEST,-1,224,224,3,JPEG,23910
Image_687,test/Image_687.jpg,Image_687.jpg,UNKNOWN_TEST,-1,224,224,3,JPEG,24484
Image_1600,test/Image_1600.jpg,Image_1600.jpg,UNKNOWN_TEST,-1,224,224,3,JPEG,21083
Image_2665,test/Image_2665.jpg,Image_2665.jpg,UNKNOWN_TEST,-1,224,224,3,JPEG,20755
Image_1442,test/Image_1442.jpg,Image_1442.jpg,UNKNOWN_TEST,-1,224,224,3,JPEG,20131
Image_831,test/Image_831.jpg,Image_831.jpg,UNKNOWN_TEST,-1,224,224,3,JPEG,26944
Image_2342,test/Image_2342.jpg,Image_2342.jpg,UNKNOWN_TEST,-1,224,224,3,JPEG,29720
Image_1661,test/Image_1661.jpg,Image_1661.jpg,UNKNOWN_TEST,-1,224,224,3,JPEG,20551
Image_2158,test/Image_2158.jpg,Image_2158.jpg,UNKNOWN_TEST,-1,224,224,3,JPEG,21230
Image_1823,test/Image_1823.jpg,Image_1823.jpg,UNKNOWN_TEST,-1,224,224,3,JPEG,17355
Image_1471,test/Image_1471.jpg,Image_1471.jpg,UNKNOWN_TEST,-1,224,224,3,JPEG,28065
Image_2051,test/Image_2051.jpg,Image_2051.jpg,UNKNOWN_TEST,-1,224,224,3,JPEG,28217
Image_1376,test/Image_1376.jpg,Image_1376.jpg,UNKNOWN_TEST,-1,224,224,3,JPEG,27698
Image_475,test/Image_475.jpg,Image_475.jpg,UNKNOWN_TEST,-1,224,224,3,JPEG,29857
Image_1673,test/Image_1673.jpg,Image_1673.jpg,UNKNOWN_TEST,-1,224,224,3,JPEG,31719
Image_342,test/Image_342.jpg,Image_342.jpg,UNKNOWN_TEST,-1,224,224,3,JPEG,25076
Image_1006,test/Image_1006.jpg,Image_1006.jpg,UNKNOWN_TEST,-1,224,224,3,JPEG,20324
Image_1803,test/Image_1803.jpg,Image_1803.jpg,UNKNOWN_TEST,-1,224,224,3,JPEG,25847
Image_400,test/Image_400.jpg,Image_400.jpg,UNKNOWN_TEST,-1,224,224,3,JPEG,22861
Image_197,test/Image_197.jpg,Image_197.jpg,UNKNOWN_TEST,-1,224,224,3,JPEG,31322
Image_1874,test/Image_1874.jpg,Image_1874.jpg,UNKNOWN_TEST,-1,224,224,3,JPEG,24894
Image_2711,test/Image_2711.jpg,Image_2711.jpg,UNKNOWN_TEST,-1,224,224,3,JPEG,26149
Image_282,test/Image_282.jpg,Image_282.jpg,UNKNOWN_TEST,-1,224,224,3,JPEG,20440
Image_2152,test/Image_2152.jpg,Image_2152.jpg,UNKNOWN_TEST,-1,224,224,3,JPEG,30585
Image_2343,test/Image_2343.jpg,Image_2343.jpg,UNKNOWN_TEST,-1,224,224,3,JPEG,30386
Image_1090,test/Image_1090.jpg,Image_1090.jpg,UNKNOWN_TEST,-1,224,224,3,JPEG,23334
Image_2335,test/Image_2335.jpg,Image_2335.jpg,UNKNOWN_TEST,-1,224,224,3,JPEG,22750
Image_370,test/Image_370.jpg,Image_370.jpg,UNKNOWN_TEST,-1,224,224,3,JPEG,32891
Image_2330,test/Image_2330.jpg,Image_2330.jpg,UNKNOWN_TEST,-1,224,224,3,JPEG,24114
Image_649,test/Image_649.jpg,Image_649.jpg,UNKNOWN_TEST,-1,224,224,3,JPEG,34024
Image_1984,test/Image_1984.jpg,Image_1984.jpg,UNKNOWN_TEST,-1,224,224,3,JPEG,27088
Image_1750,test/Image_1750.jpg,Image_1750.jpg,UNKNOWN_TEST,-1,224,224,3,JPEG,25560
Image_2277,test/Image_2277.jpg,Image_2277.jpg,UNKNOWN_TEST,-1,224,224,3,JPEG,28653
Image_2744,test/Image_2744.jpg,Image_2744.jpg,UNKNOWN_TEST,-1,224,224,3,JPEG,32343
Image_2442,test/Image_2442.jpg,Image_2442.jpg,UNKNOWN_TEST,-1,224,224,3,JPEG,34877
Image_481,test/Image_481.jpg,Image_481.jpg,UNKNOWN_TEST,-1,224,224,3,JPEG,13256
Image_1541,test/Image_1541.jpg,Image_1541.jpg,UNKNOWN_TEST,-1,224,224,3,JPEG,24421
Image_2127,test/Image_2127.jpg,Image_2127.jpg,UNKNOWN_TEST,-1,224,224,3,JPEG,27170
Image_546,test/Image_546.jpg,Image_546.jpg,UNKNOWN_TEST,-1,224,224,3,JPEG,26485
Image_1648,test/Image_1648.jpg,Image_1648.jpg,UNKNOWN_TEST,-1,224,224,3,JPEG,29338
Image_1017,test/Image_1017.jpg,Image_1017.jpg,UNKNOWN_TEST,-1,224,224,3,JPEG,19870
Image_692,test/Image_692.jpg,Image_692.jpg,UNKNOWN_TEST,-1,224,224,3,JPEG,21553
Image_1971,test/Image_1971.jpg,Image_1971.jpg,UNKNOWN_TEST,-1,224,224,3,JPEG,28481
Image_2597,test/Image_2597.jpg,Image_2597.jpg,UNKNOWN_TEST,-1,224,224,3,JPEG,21905
Image_2023,test/Image_2023.jpg,Image_2023.jpg,UNKNOWN_TEST,-1,224,224,3,JPEG,23622
Image_394,test/Image_394.jpg,Image_394.jpg,UNKNOWN_TEST,-1,224,224,3,JPEG,28319
Image_2644,test/Image_2644.jpg,Image_2644.jpg,UNKNOWN_TEST,-1,224,224,3,JPEG,33619
Image_2000,test/Image_2000.jpg,Image_2000.jpg,UNKNOWN_TEST,-1,224,224,3,JPEG,32533
Image_690,test/Image_690.jpg,Image_690.jpg,UNKNOWN_TEST,-1,224,224,3,JPEG,22368
Image_201,test/Image_201.jpg,Image_201.jpg,UNKNOWN_TEST,-1,224,224,3,JPEG,21701
Image_737,test/Image_737.jpg,Image_737.jpg,UNKNOWN_TEST,-1,224,224,3,JPEG,19823
Image_727,test/Image_727.jpg,Image_727.jpg,UNKNOWN_TEST,-1,224,224,3,JPEG,19357
Image_2181,test/Image_2181.jpg,Image_2181.jpg,UNKNOWN_TEST,-1,224,224,3,JPEG,13780
Image_2455,test/Image_2455.jpg,Image_2455.jpg,UNKNOWN_TEST,-1,224,224,3,JPEG,24266
Image_2005,test/Image_2005.jpg,Image_2005.jpg,UNKNOWN_TEST,-1,224,224,3,JPEG,20249
Image_2631,test/Image_2631.jpg,Image_2631.jpg,UNKNOWN_TEST,-1,224,224,3,JPEG,24374
Image_29,test/Image_29.jpg,Image_29.jpg,UNKNOWN_TEST,-1,224,224,3,JPEG,12504
Image_309,test/Image_309.jpg,Image_309.jpg,UNKNOWN_TEST,-1,224,224,3,JPEG,23835
Image_683,test/Image_683.jpg,Image_683.jpg,UNKNOWN_TEST,-1,224,224,3,JPEG,24835
Image_2679,test/Image_2679.jpg,Image_2679.jpg,UNKNOWN_TEST,-1,224,224,3,JPEG,32887
Image_1701,test/Image_1701.jpg,Image_1701.jpg,UNKNOWN_TEST,-1,224,224,3,JPEG,25556
Image_2474,test/Image_2474.jpg,Image_2474.jpg,UNKNOWN_TEST,-1,224,224,3,JPEG,15451
Image_337,test/Image_337.jpg,Image_337.jpg,UNKNOWN_TEST,-1,224,224,3,JPEG,18589
Image_1933,test/Image_1933.jpg,Image_1933.jpg,UNKNOWN_TEST,-1,224,224,3,JPEG,26012
Image_2089,test/Image_2089.jpg,Image_2089.jpg,UNKNOWN_TEST,-1,224,224,3,JPEG,16114
Image_1589,test/Image_1589.jpg,Image_1589.jpg,UNKNOWN_TEST,-1,224,224,3,JPEG,29908
Image_1498,test/Image_1498.jpg,Image_1498.jpg,UNKNOWN_TEST,-1,224,224,3,JPEG,25292
Image_1262,test/Image_1262.jpg,Image_1262.jpg,UNKNOWN_TEST,-1,224,224,3,JPEG,23909
Image_1958,test/Image_1958.jpg,Image_1958.jpg,UNKNOWN_TEST,-1,224,224,3,JPEG,21544
Image_1651,test/Image_1651.jpg,Image_1651.jpg,UNKNOWN_TEST,-1,224,224,3,JPEG,25072
Image_1093,test/Image_1093.jpg,Image_1093.jpg,UNKNOWN_TEST,-1,224,224,3,JPEG,26620
Image_2007,test/Image_2007.jpg,Image_2007.jpg,UNKNOWN_TEST,-1,224,224,3,JPEG,27285
Image_2662,test/Image_2662.jpg,Image_2662.jpg,UNKNOWN_TEST,-1,224,224,3,JPEG,27112
Image_2176,test/Image_2176.jpg,Image_2176.jpg,UNKNOWN_TEST,-1,224,224,3,JPEG,22624
Image_107,test/Image_107.jpg,Image_107.jpg,UNKNOWN_TEST,-1,224,224,3,JPEG,31054
Image_2020,test/Image_2020.jpg,Image_2020.jpg,UNKNOWN_TEST,-1,224,224,3,JPEG,16267
Image_2453,test/Image_2453.jpg,Image_2453.jpg,UNKNOWN_TEST,-1,224,224,3,JPEG,15690
Image_923,test/Image_923.jpg,Image_923.jpg,UNKNOWN_TEST,-1,224,224,3,JPEG,22610
Image_1277,test/Image_1277.jpg,Image_1277.jpg,UNKNOWN_TEST,-1,224,224,3,JPEG,22513
Image_1331,test/Image_1331.jpg,Image_1331.jpg,UNKNOWN_TEST,-1,224,224,3,JPEG,25711
Image_1139,test/Image_1139.jpg,Image_1139.jpg,UNKNOWN_TEST,-1,224,224,3,JPEG,23046
Image_1735,test/Image_1735.jpg,Image_1735.jpg,UNKNOWN_TEST,-1,224,224,3,JPEG,28305
Image_276,test/Image_276.jpg,Image_276.jpg,UNKNOWN_TEST,-1,224,224,3,JPEG,23711
Image_807,test/Image_807.jpg,Image_807.jpg,UNKNOWN_TEST,-1,224,224,3,JPEG,21977
Image_318,test/Image_318.jpg,Image_318.jpg,UNKNOWN_TEST,-1,224,224,3,JPEG,27198
Image_491,test/Image_491.jpg,Image_491.jpg,UNKNOWN_TEST,-1,224,224,3,JPEG,18777
Image_1917,test/Image_1917.jpg,Image_1917.jpg,UNKNOWN_TEST,-1,224,224,3,JPEG,30007
Image_1470,test/Image_1470.jpg,Image_1470.jpg,UNKNOWN_TEST,-1,224,224,3,JPEG,31358
Image_1936,test/Image_1936.jpg,Image_1936.jpg,UNKNOWN_TEST,-1,224,224,3,JPEG,31498
Image_2195,test/Image_2195.jpg,Image_2195.jpg,UNKNOWN_TEST,-1,224,224,3,JPEG,24706
Image_299,test/Image_299.jpg,Image_299.jpg,UNKNOWN_TEST,-1,224,224,3,JPEG,16763
Image_1395,test/Image_1395.jpg,Image_1395.jpg,UNKNOWN_TEST,-1,224,224,3,JPEG,14542
Image_2187,test/Image_2187.jpg,Image_2187.jpg,UNKNOWN_TEST,-1,224,224,3,JPEG,25023
Image_293,test/Image_293.jpg,Image_293.jpg,UNKNOWN_TEST,-1,224,224,3,JPEG,14877
Image_1799,test/Image_1799.jpg,Image_1799.jpg,UNKNOWN_TEST,-1,224,224,3,JPEG,13241
Image_122,test/Image_122.jpg,Image_122.jpg,UNKNOWN_TEST,-1,224,224,3,JPEG,15098
Image_867,test/Image_867.jpg,Image_867.jpg,UNKNOWN_TEST,-1,224,224,3,JPEG,27163
Image_444,test/Image_444.jpg,Image_444.jpg,UNKNOWN_TEST,-1,224,224,3,JPEG,30587
Image_123,test/Image_123.jpg,Image_123.jpg,UNKNOWN_TEST,-1,224,224,3,JPEG,21159
Image_2239,test/Image_2239.jpg,Image_2239.jpg,UNKNOWN_TEST,-1,224,224,3,JPEG,23173
Image_1407,test/Image_1407.jpg,Image_1407.jpg,UNKNOWN_TEST,-1,224,224,3,JPEG,23588
Image_1675,test/Image_1675.jpg,Image_1675.jpg,UNKNOWN_TEST,-1,224,224,3,JPEG,24220
Image_1827,test/Image_1827.jpg,Image_1827.jpg,UNKNOWN_TEST,-1,224,224,3,JPEG,23007
Image_839,test/Image_839.jpg,Image_839.jpg,UNKNOWN_TEST,-1,224,224,3,JPEG,30914
Image_326,test/Image_326.jpg,Image_326.jpg,UNKNOWN_TEST,-1,224,224,3,JPEG,24527
Image_592,test/Image_592.jpg,Image_592.jpg,UNKNOWN_TEST,-1,224,224,3,JPEG,19260
Image_2416,test/Image_2416.jpg,Image_2416.jpg,UNKNOWN_TEST,-1,224,224,3,JPEG,28253
Image_1740,test/Image_1740.jpg,Image_1740.jpg,UNKNOWN_TEST,-1,224,224,3,JPEG,30339
Image_1281,test/Image_1281.jpg,Image_1281.jpg,UNKNOWN_TEST,-1,224,224,3,JPEG,20708
Image_720,test/Image_720.jpg,Image_720.jpg,UNKNOWN_TEST,-1,224,224,3,JPEG,33387
Image_152,test/Image_152.jpg,Image_152.jpg,UNKNOWN_TEST,-1,224,224,3,JPEG,16679
Image_1100,test/Image_1100.jpg,Image_1100.jpg,UNKNOWN_TEST,-1,224,224,3,JPEG,19673
Image_2487,test/Image_2487.jpg,Image_2487.jpg,UNKNOWN_TEST,-1,224,224,3,JPEG,26481
Image_1341,test/Image_1341.jpg,Image_1341.jpg,UNKNOWN_TEST,-1,224,224,3,JPEG,25014
Image_1696,test/Image_1696.jpg,Image_1696.jpg,UNKNOWN_TEST,-1,224,224,3,JPEG,26171
Image_2393,test/Image_2393.jpg,Image_2393.jpg,UNKNOWN_TEST,-1,224,224,3,JPEG,20701
Image_2491,test/Image_2491.jpg,Image_2491.jpg,UNKNOWN_TEST,-1,224,224,3,JPEG,22298
Image_1217,test/Image_1217.jpg,Image_1217.jpg,UNKNOWN_TEST,-1,224,224,3,JPEG,24625
Image_1625,test/Image_1625.jpg,Image_1625.jpg,UNKNOWN_TEST,-1,224,224,3,JPEG,36492
Image_1142,test/Image_1142.jpg,Image_1142.jpg,UNKNOWN_TEST,-1,224,224,3,JPEG,25780
Image_1513,test/Image_1513.jpg,Image_1513.jpg,UNKNOWN_TEST,-1,224,224,3,JPEG,26135
Image_456,test/Image_456.jpg,Image_456.jpg,UNKNOWN_TEST,-1,224,224,3,JPEG,22003
Image_1632,test/Image_1632.jpg,Image_1632.jpg,UNKNOWN_TEST,-1,224,224,3,JPEG,14494
Image_338,test/Image_338.jpg,Image_338.jpg,UNKNOWN_TEST,-1,224,224,3,JPEG,35569
Image_1005,test/Image_1005.jpg,Image_1005.jpg,UNKNOWN_TEST,-1,224,224,3,JPEG,27208
Image_2021,test/Image_2021.jpg,Image_2021.jpg,UNKNOWN_TEST,-1,224,224,3,JPEG,25911
Image_2729,test/Image_2729.jpg,Image_2729.jpg,UNKNOWN_TEST,-1,224,224,3,JPEG,24469
Image_2105,test/Image_2105.jpg,Image_2105.jpg,UNKNOWN_TEST,-1,224,224,3,JPEG,22848
Image_1457,test/Image_1457.jpg,Image_1457.jpg,UNKNOWN_TEST,-1,224,224,3,JPEG,19534
Image_2584,test/Image_2584.jpg,Image_2584.jpg,UNKNOWN_TEST,-1,224,224,3,JPEG,22369
Image_1865,test/Image_1865.jpg,Image_1865.jpg,UNKNOWN_TEST,-1,224,224,3,JPEG,22724
Image_1385,test/Image_1385.jpg,Image_1385.jpg,UNKNOWN_TEST,-1,224,224,3,JPEG,27454
Image_1743,test/Image_1743.jpg,Image_1743.jpg,UNKNOWN_TEST,-1,224,224,3,JPEG,22556
Image_780,test/Image_780.jpg,Image_780.jpg,UNKNOWN_TEST,-1,224,224,3,JPEG,27247
Image_1255,test/Image_1255.jpg,Image_1255.jpg,UNKNOWN_TEST,-1,224,224,3,JPEG,22161
Image_1570,test/Image_1570.jpg,Image_1570.jpg,UNKNOWN_TEST,-1,224,224,3,JPEG,31831
Image_953,test/Image_953.jpg,Image_953.jpg,UNKNOWN_TEST,-1,224,224,3,JPEG,30570
Image_2146,test/Image_2146.jpg,Image_2146.jpg,UNKNOWN_TEST,-1,224,224,3,JPEG,27283
Image_1441,test/Image_1441.jpg,Image_1441.jpg,UNKNOWN_TEST,-1,224,224,3,JPEG,24320
Image_97,test/Image_97.jpg,Image_97.jpg,UNKNOWN_TEST,-1,224,224,3,JPEG,24073
Image_2131,test/Image_2131.jpg,Image_2131.jpg,UNKNOWN_TEST,-1,224,224,3,JPEG,28357
Image_2002,test/Image_2002.jpg,Image_2002.jpg,UNKNOWN_TEST,-1,224,224,3,JPEG,30599
Image_2590,test/Image_2590.jpg,Image_2590.jpg,UNKNOWN_TEST,-1,224,224,3,JPEG,26857
Image_656,test/Image_656.jpg,Image_656.jpg,UNKNOWN_TEST,-1,224,224,3,JPEG,24239
Image_1654,test/Image_1654.jpg,Image_1654.jpg,UNKNOWN_TEST,-1,224,224,3,JPEG,20243
Image_1627,test/Image_1627.jpg,Image_1627.jpg,UNKNOWN_TEST,-1,224,224,3,JPEG,27201
Image_445,test/Image_445.jpg,Image_445.jpg,UNKNOWN_TEST,-1,224,224,3,JPEG,18784
Image_1077,test/Image_1077.jpg,Image_1077.jpg,UNKNOWN_TEST,-1,224,224,3,JPEG,30150
Image_2473,test/Image_2473.jpg,Image_2473.jpg,UNKNOWN_TEST,-1,224,224,3,JPEG,22350
Image_238,test/Image_238.jpg,Image_238.jpg,UNKNOWN_TEST,-1,224,224,3,JPEG,20011
Image_1903,test/Image_1903.jpg,Image_1903.jpg,UNKNOWN_TEST,-1,224,224,3,JPEG,25620
Image_718,test/Image_718.jpg,Image_718.jpg,UNKNOWN_TEST,-1,224,224,3,JPEG,24592
Image_1250,test/Image_1250.jpg,Image_1250.jpg,UNKNOWN_TEST,-1,224,224,3,JPEG,23904
Image_258,test/Image_258.jpg,Image_258.jpg,UNKNOWN_TEST,-1,224,224,3,JPEG,25628
Image_1283,test/Image_1283.jpg,Image_1283.jpg,UNKNOWN_TEST,-1,224,224,3,JPEG,20477
Image_247,test/Image_247.jpg,Image_247.jpg,UNKNOWN_TEST,-1,224,224,3,JPEG,25129
Image_1494,test/Image_1494.jpg,Image_1494.jpg,UNKNOWN_TEST,-1,224,224,3,JPEG,20883
Image_1927,test/Image_1927.jpg,Image_1927.jpg,UNKNOWN_TEST,-1,224,224,3,JPEG,26391
Image_1795,test/Image_1795.jpg,Image_1795.jpg,UNKNOWN_TEST,-1,224,224,3,JPEG,22010
Image_1058,test/Image_1058.jpg,Image_1058.jpg,UNKNOWN_TEST,-1,224,224,3,JPEG,15787
Image_1535,test/Image_1535.jpg,Image_1535.jpg,UNKNOWN_TEST,-1,224,224,3,JPEG,20719
Image_2565,test/Image_2565.jpg,Image_2565.jpg,UNKNOWN_TEST,-1,224,224,3,JPEG,24394
Image_1425,test/Image_1425.jpg,Image_1425.jpg,UNKNOWN_TEST,-1,224,224,3,JPEG,30386
Image_1896,test/Image_1896.jpg,Image_1896.jpg,UNKNOWN_TEST,-1,224,224,3,JPEG,34179
Image_1390,test/Image_1390.jpg,Image_1390.jpg,UNKNOWN_TEST,-1,224,224,3,JPEG,22893
Image_603,test/Image_603.jpg,Image_603.jpg,UNKNOWN_TEST,-1,224,224,3,JPEG,23970
Image_1893,test/Image_1893.jpg,Image_1893.jpg,UNKNOWN_TEST,-1,224,224,3,JPEG,26828
Image_1157,test/Image_1157.jpg,Image_1157.jpg,UNKNOWN_TEST,-1,224,224,3,JPEG,19484
Image_2261,test/Image_2261.jpg,Image_2261.jpg,UNKNOWN_TEST,-1,224,224,3,JPEG,28414
Image_160,test/Image_160.jpg,Image_160.jpg,UNKNOWN_TEST,-1,224,224,3,JPEG,25403
Image_70,test/Image_70.jpg,Image_70.jpg,UNKNOWN_TEST,-1,224,224,3,JPEG,23776
Image_1463,test/Image_1463.jpg,Image_1463.jpg,UNKNOWN_TEST,-1,224,224,3,JPEG,17163
Image_11,test/Image_11.jpg,Image_11.jpg,UNKNOWN_TEST,-1,224,224,3,JPEG,25083
Image_1449,test/Image_1449.jpg,Image_1449.jpg,UNKNOWN_TEST,-1,224,224,3,JPEG,31817
Image_1381,test/Image_1381.jpg,Image_1381.jpg,UNKNOWN_TEST,-1,224,224,3,JPEG,19450
Image_341,test/Image_341.jpg,Image_341.jpg,UNKNOWN_TEST,-1,224,224,3,JPEG,35185
Image_2733,test/Image_2733.jpg,Image_2733.jpg,UNKNOWN_TEST,-1,224,224,3,JPEG,28002
Image_956,test/Image_956.jpg,Image_956.jpg,UNKNOWN_TEST,-1,224,224,3,JPEG,20642
Image_2247,test/Image_2247.jpg,Image_2247.jpg,UNKNOWN_TEST,-1,224,224,3,JPEG,30602
Image_2630,test/Image_2630.jpg,Image_2630.jpg,UNKNOWN_TEST,-1,224,224,3,JPEG,22964
Image_877,test/Image_877.jpg,Image_877.jpg,UNKNOWN_TEST,-1,224,224,3,JPEG,29311
Image_1938,test/Image_1938.jpg,Image_1938.jpg,UNKNOWN_TEST,-1,224,224,3,JPEG,23815
Image_1275,test/Image_1275.jpg,Image_1275.jpg,UNKNOWN_TEST,-1,224,224,3,JPEG,37767
Image_2543,test/Image_2543.jpg,Image_2543.jpg,UNKNOWN_TEST,-1,224,224,3,JPEG,14722
Image_2512,test/Image_2512.jpg,Image_2512.jpg,UNKNOWN_TEST,-1,224,224,3,JPEG,35020
Image_384,test/Image_384.jpg,Image_384.jpg,UNKNOWN_TEST,-1,224,224,3,JPEG,26312
Image_525,test/Image_525.jpg,Image_525.jpg,UNKNOWN_TEST,-1,224,224,3,JPEG,23754
Image_1446,test/Image_1446.jpg,Image_1446.jpg,UNKNOWN_TEST,-1,224,224,3,JPEG,23071
Image_23,test/Image_23.jpg,Image_23.jpg,UNKNOWN_TEST,-1,224,224,3,JPEG,25788
Image_1016,test/Image_1016.jpg,Image_1016.jpg,UNKNOWN_TEST,-1,224,224,3,JPEG,20320
Image_1245,test/Image_1245.jpg,Image_1245.jpg,UNKNOWN_TEST,-1,224,224,3,JPEG,21296
Image_882,test/Image_882.jpg,Image_882.jpg,UNKNOWN_TEST,-1,224,224,3,JPEG,24019
Image_1201,test/Image_1201.jpg,Image_1201.jpg,UNKNOWN_TEST,-1,224,224,3,JPEG,27048
Image_1041,test/Image_1041.jpg,Image_1041.jpg,UNKNOWN_TEST,-1,224,224,3,JPEG,27615
Image_825,test/Image_825.jpg,Image_825.jpg,UNKNOWN_TEST,-1,224,224,3,JPEG,31008
Image_1268,test/Image_1268.jpg,Image_1268.jpg,UNKNOWN_TEST,-1,224,224,3,JPEG,24277
Image_2262,test/Image_2262.jpg,Image_2262.jpg,UNKNOWN_TEST,-1,224,224,3,JPEG,28264
Image_2092,test/Image_2092.jpg,Image_2092.jpg,UNKNOWN_TEST,-1,224,224,3,JPEG,34753
Image_1801,test/Image_1801.jpg,Image_1801.jpg,UNKNOWN_TEST,-1,224,224,3,JPEG,23123
Image_2754,test/Image_2754.jpg,Image_2754.jpg,UNKNOWN_TEST,-1,224,224,3,JPEG,23766
Image_2408,test/Image_2408.jpg,Image_2408.jpg,UNKNOWN_TEST,-1,224,224,3,JPEG,32646
Image_2622,test/Image_2622.jpg,Image_2622.jpg,UNKNOWN_TEST,-1,224,224,3,JPEG,20749
Image_1440,test/Image_1440.jpg,Image_1440.jpg,UNKNOWN_TEST,-1,224,224,3,JPEG,20705
Image_624,test/Image_624.jpg,Image_624.jpg,UNKNOWN_TEST,-1,224,224,3,JPEG,23158
Image_2538,test/Image_2538.jpg,Image_2538.jpg,UNKNOWN_TEST,-1,224,224,3,JPEG,26024
Image_560,test/Image_560.jpg,Image_560.jpg,UNKNOWN_TEST,-1,224,224,3,JPEG,25356
Image_2480,test/Image_2480.jpg,Image_2480.jpg,UNKNOWN_TEST,-1,224,224,3,JPEG,30195
Image_2426,test/Image_2426.jpg,Image_2426.jpg,UNKNOWN_TEST,-1,224,224,3,JPEG,30637
Image_1970,test/Image_1970.jpg,Image_1970.jpg,UNKNOWN_TEST,-1,224,224,3,JPEG,23183
Image_2694,test/Image_2694.jpg,Image_2694.jpg,UNKNOWN_TEST,-1,224,224,3,JPEG,36041
Image_1699,test/Image_1699.jpg,Image_1699.jpg,UNKNOWN_TEST,-1,224,224,3,JPEG,18418
Image_2774,test/Image_2774.jpg,Image_2774.jpg,UNKNOWN_TEST,-1,224,224,3,JPEG,29544
Image_162,test/Image_162.jpg,Image_162.jpg,UNKNOWN_TEST,-1,224,224,3,JPEG,33123
Image_115,test/Image_115.jpg,Image_115.jpg,UNKNOWN_TEST,-1,224,224,3,JPEG,26449
Image_2320,test/Image_2320.jpg,Image_2320.jpg,UNKNOWN_TEST,-1,224,224,3,JPEG,22452
Image_1437,test/Image_1437.jpg,Image_1437.jpg,UNKNOWN_TEST,-1,224,224,3,JPEG,23117
Image_2435,test/Image_2435.jpg,Image_2435.jpg,UNKNOWN_TEST,-1,224,224,3,JPEG,25968
Image_1124,test/Image_1124.jpg,Image_1124.jpg,UNKNOWN_TEST,-1,224,224,3,JPEG,31594
Image_1270,test/Image_1270.jpg,Image_1270.jpg,UNKNOWN_TEST,-1,224,224,3,JPEG,23757
Image_2163,test/Image_2163.jpg,Image_2163.jpg,UNKNOWN_TEST,-1,224,224,3,JPEG,29369
Image_28,test/Image_28.jpg,Image_28.jpg,UNKNOWN_TEST,-1,224,224,3,JPEG,29999
Image_2720,test/Image_2720.jpg,Image_2720.jpg,UNKNOWN_TEST,-1,224,224,3,JPEG,25265
Image_523,test/Image_523.jpg,Image_523.jpg,UNKNOWN_TEST,-1,224,224,3,JPEG,28575
Image_2682,test/Image_2682.jpg,Image_2682.jpg,UNKNOWN_TEST,-1,224,224,3,JPEG,25665
Image_1404,test/Image_1404.jpg,Image_1404.jpg,UNKNOWN_TEST,-1,224,224,3,JPEG,27124
Image_172,test/Image_172.jpg,Image_172.jpg,UNKNOWN_TEST,-1,224,224,3,JPEG,28125
Image_561,test/Image_561.jpg,Image_561.jpg,UNKNOWN_TEST,-1,224,224,3,JPEG,19908
Image_1763,test/Image_1763.jpg,Image_1763.jpg,UNKNOWN_TEST,-1,224,224,3,JPEG,20566
Image_655,test/Image_655.jpg,Image_655.jpg,UNKNOWN_TEST,-1,224,224,3,JPEG,23992
Image_613,test/Image_613.jpg,Image_613.jpg,UNKNOWN_TEST,-1,224,224,3,JPEG,25051
Image_2490,test/Image_2490.jpg,Image_2490.jpg,UNKNOWN_TEST,-1,224,224,3,JPEG,27211
Image_2214,test/Image_2214.jpg,Image_2214.jpg,UNKNOWN_TEST,-1,224,224,3,JPEG,23698
Image_1066,test/Image_1066.jpg,Image_1066.jpg,UNKNOWN_TEST,-1,224,224,3,JPEG,21585
Image_321,test/Image_321.jpg,Image_321.jpg,UNKNOWN_TEST,-1,224,224,3,JPEG,21571
Image_1720,test/Image_1720.jpg,Image_1720.jpg,UNKNOWN_TEST,-1,224,224,3,JPEG,23030
Image_2069,test/Image_2069.jpg,Image_2069.jpg,UNKNOWN_TEST,-1,224,224,3,JPEG,27771
Image_947,test/Image_947.jpg,Image_947.jpg,UNKNOWN_TEST,-1,224,224,3,JPEG,26231
Image_920,test/Image_920.jpg,Image_920.jpg,UNKNOWN_TEST,-1,224,224,3,JPEG,30039
Image_1995,test/Image_1995.jpg,Image_1995.jpg,UNKNOWN_TEST,-1,224,224,3,JPEG,26293
Image_1691,test/Image_1691.jpg,Image_1691.jpg,UNKNOWN_TEST,-1,224,224,3,JPEG,31362
Image_854,test/Image_854.jpg,Image_854.jpg,UNKNOWN_TEST,-1,224,224,3,JPEG,32312
Image_2215,test/Image_2215.jpg,Image_2215.jpg,UNKNOWN_TEST,-1,224,224,3,JPEG,34543
Image_2701,test/Image_2701.jpg,Image_2701.jpg,UNKNOWN_TEST,-1,224,224,3,JPEG,27071
Image_301,test/Image_301.jpg,Image_301.jpg,UNKNOWN_TEST,-1,224,224,3,JPEG,17417
Image_2422,test/Image_2422.jpg,Image_2422.jpg,UNKNOWN_TEST,-1,224,224,3,JPEG,39733
Image_2326,test/Image_2326.jpg,Image_2326.jpg,UNKNOWN_TEST,-1,224,224,3,JPEG,21136
Image_689,test/Image_689.jpg,Image_689.jpg,UNKNOWN_TEST,-1,224,224,3,JPEG,22405
Image_1508,test/Image_1508.jpg,Image_1508.jpg,UNKNOWN_TEST,-1,224,224,3,JPEG,20913
Image_2294,test/Image_2294.jpg,Image_2294.jpg,UNKNOWN_TEST,-1,224,224,3,JPEG,16377
Image_2629,test/Image_2629.jpg,Image_2629.jpg,UNKNOWN_TEST,-1,224,224,3,JPEG,19118
Image_909,test/Image_909.jpg,Image_909.jpg,UNKNOWN_TEST,-1,224,224,3,JPEG,29911
Image_166,test/Image_166.jpg,Image_166.jpg,UNKNOWN_TEST,-1,224,224,3,JPEG,35857
Image_1835,test/Image_1835.jpg,Image_1835.jpg,UNKNOWN_TEST,-1,224,224,3,JPEG,31008
Image_1502,test/Image_1502.jpg,Image_1502.jpg,UNKNOWN_TEST,-1,224,224,3,JPEG,24371
Image_2135,test/Image_2135.jpg,Image_2135.jpg,UNKNOWN_TEST,-1,224,224,3,JPEG,24666
Image_225,test/Image_225.jpg,Image_225.jpg,UNKNOWN_TEST,-1,224,224,3,JPEG,17137
Image_1621,test/Image_1621.jpg,Image_1621.jpg,UNKNOWN_TEST,-1,224,224,3,JPEG,20612
Image_1391,test/Image_1391.jpg,Image_1391.jpg,UNKNOWN_TEST,-1,224,224,3,JPEG,27374
Image_2695,test/Image_2695.jpg,Image_2695.jpg,UNKNOWN_TEST,-1,224,224,3,JPEG,23582
Image_1850,test/Image_1850.jpg,Image_1850.jpg,UNKNOWN_TEST,-1,224,224,3,JPEG,18118
Image_2110,test/Image_2110.jpg,Image_2110.jpg,UNKNOWN_TEST,-1,224,224,3,JPEG,33404
Image_2037,test/Image_2037.jpg,Image_2037.jpg,UNKNOWN_TEST,-1,224,224,3,JPEG,21833
Image_1008,test/Image_1008.jpg,Image_1008.jpg,UNKNOWN_TEST,-1,224,224,3,JPEG,23684
Image_2272,test/Image_2272.jpg,Image_2272.jpg,UNKNOWN_TEST,-1,224,224,3,JPEG,24403
Image_2553,test/Image_2553.jpg,Image_2553.jpg,UNKNOWN_TEST,-1,224,224,3,JPEG,23684
Image_1511,test/Image_1511.jpg,Image_1511.jpg,UNKNOWN_TEST,-1,224,224,3,JPEG,23801
Image_1000,test/Image_1000.jpg,Image_1000.jpg,UNKNOWN_TEST,-1,224,224,3,JPEG,26371
Image_1533,test/Image_1533.jpg,Image_1533.jpg,UNKNOWN_TEST,-1,224,224,3,JPEG,30830
Image_1096,test/Image_1096.jpg,Image_1096.jpg,UNKNOWN_TEST,-1,224,224,3,JPEG,24533
Image_2489,test/Image_2489.jpg,Image_2489.jpg,UNKNOWN_TEST,-1,224,224,3,JPEG,20048
Image_2379,test/Image_2379.jpg,Image_2379.jpg,UNKNOWN_TEST,-1,224,224,3,JPEG,16887
Image_1980,test/Image_1980.jpg,Image_1980.jpg,UNKNOWN_TEST,-1,224,224,3,JPEG,25819
Image_1988,test/Image_1988.jpg,Image_1988.jpg,UNKNOWN_TEST,-1,224,224,3,JPEG,18615
Image_2637,test/Image_2637.jpg,Image_2637.jpg,UNKNOWN_TEST,-1,224,224,3,JPEG,21913
Image_2525,test/Image_2525.jpg,Image_2525.jpg,UNKNOWN_TEST,-1,224,224,3,JPEG,23843
Image_765,test/Image_765.jpg,Image_765.jpg,UNKNOWN_TEST,-1,224,224,3,JPEG,21252
Image_734,test/Image_734.jpg,Image_734.jpg,UNKNOWN_TEST,-1,224,224,3,JPEG,24757
Image_1273,test/Image_1273.jpg,Image_1273.jpg,UNKNOWN_TEST,-1,224,224,3,JPEG,31915
Image_1873,test/Image_1873.jpg,Image_1873.jpg,UNKNOWN_TEST,-1,224,224,3,JPEG,28906
Image_756,test/Image_756.jpg,Image_756.jpg,UNKNOWN_TEST,-1,224,224,3,JPEG,27473
Image_2255,test/Image_2255.jpg,Image_2255.jpg,UNKNOWN_TEST,-1,224,224,3,JPEG,19643
Image_1956,test/Image_1956.jpg,Image_1956.jpg,UNKNOWN_TEST,-1,224,224,3,JPEG,17527
Image_2111,test/Image_2111.jpg,Image_2111.jpg,UNKNOWN_TEST,-1,224,224,3,JPEG,25410
Image_2772,test/Image_2772.jpg,Image_2772.jpg,UNKNOWN_TEST,-1,224,224,3,JPEG,34376
Image_1785,test/Image_1785.jpg,Image_1785.jpg,UNKNOWN_TEST,-1,224,224,3,JPEG,25352
Image_58,test/Image_58.jpg,Image_58.jpg,UNKNOWN_TEST,-1,224,224,3,JPEG,21013
Image_731,test/Image_731.jpg,Image_731.jpg,UNKNOWN_TEST,-1,224,224,3,JPEG,19224
Image_1211,test/Image_1211.jpg,Image_1211.jpg,UNKNOWN_TEST,-1,224,224,3,JPEG,30855
Image_2033,test/Image_2033.jpg,Image_2033.jpg,UNKNOWN_TEST,-1,224,224,3,JPEG,27221
Image_401,test/Image_401.jpg,Image_401.jpg,UNKNOWN_TEST,-1,224,224,3,JPEG,38816
Image_931,test/Image_931.jpg,Image_931.jpg,UNKNOWN_TEST,-1,224,224,3,JPEG,24927
Image_1646,test/Image_1646.jpg,Image_1646.jpg,UNKNOWN_TEST,-1,224,224,3,JPEG,32560
Image_287,test/Image_287.jpg,Image_287.jpg,UNKNOWN_TEST,-1,224,224,3,JPEG,23717
Image_1902,test/Image_1902.jpg,Image_1902.jpg,UNKNOWN_TEST,-1,224,224,3,JPEG,21584
Image_848,test/Image_848.jpg,Image_848.jpg,UNKNOWN_TEST,-1,224,224,3,JPEG,27133
Image_323,test/Image_323.jpg,Image_323.jpg,UNKNOWN_TEST,-1,224,224,3,JPEG,31872
Image_2594,test/Image_2594.jpg,Image_2594.jpg,UNKNOWN_TEST,-1,224,224,3,JPEG,25907
Image_2439,test/Image_2439.jpg,Image_2439.jpg,UNKNOWN_TEST,-1,224,224,3,JPEG,24772
Image_177,test/Image_177.jpg,Image_177.jpg,UNKNOWN_TEST,-1,224,224,3,JPEG,35531
Image_1189,test/Image_1189.jpg,Image_1189.jpg,UNKNOWN_TEST,-1,224,224,3,JPEG,21771
Image_403,test/Image_403.jpg,Image_403.jpg,UNKNOWN_TEST,-1,224,224,3,JPEG,14078
Image_2208,test/Image_2208.jpg,Image_2208.jpg,UNKNOWN_TEST,-1,224,224,3,JPEG,34055
Image_1852,test/Image_1852.jpg,Image_1852.jpg,UNKNOWN_TEST,-1,224,224,3,JPEG,30349
Image_1233,test/Image_1233.jpg,Image_1233.jpg,UNKNOWN_TEST,-1,224,224,3,JPEG,23416
Image_1769,test/Image_1769.jpg,Image_1769.jpg,UNKNOWN_TEST,-1,224,224,3,JPEG,32922
Image_2653,test/Image_2653.jpg,Image_2653.jpg,UNKNOWN_TEST,-1,224,224,3,JPEG,25584
Image_1293,test/Image_1293.jpg,Image_1293.jpg,UNKNOWN_TEST,-1,224,224,3,JPEG,30410
Image_1781,test/Image_1781.jpg,Image_1781.jpg,UNKNOWN_TEST,-1,224,224,3,JPEG,15696
Image_1436,test/Image_1436.jpg,Image_1436.jpg,UNKNOWN_TEST,-1,224,224,3,JPEG,25561
Image_789,test/Image_789.jpg,Image_789.jpg,UNKNOWN_TEST,-1,224,224,3,JPEG,24845
Image_1165,test/Image_1165.jpg,Image_1165.jpg,UNKNOWN_TEST,-1,224,224,3,JPEG,31922
Image_700,test/Image_700.jpg,Image_700.jpg,UNKNOWN_TEST,-1,224,224,3,JPEG,29659
Image_1950,test/Image_1950.jpg,Image_1950.jpg,UNKNOWN_TEST,-1,224,224,3,JPEG,29490
Image_274,test/Image_274.jpg,Image_274.jpg,UNKNOWN_TEST,-1,224,224,3,JPEG,25948
Image_691,test/Image_691.jpg,Image_691.jpg,UNKNOWN_TEST,-1,224,224,3,JPEG,28960
Image_2118,test/Image_2118.jpg,Image_2118.jpg,UNKNOWN_TEST,-1,224,224,3,JPEG,21533
Image_490,test/Image_490.jpg,Image_490.jpg,UNKNOWN_TEST,-1,224,224,3,JPEG,21882
Image_53,test/Image_53.jpg,Image_53.jpg,UNKNOWN_TEST,-1,224,224,3,JPEG,23098
Image_2019,test/Image_2019.jpg,Image_2019.jpg,UNKNOWN_TEST,-1,224,224,3,JPEG,18779
Image_602,test/Image_602.jpg,Image_602.jpg,UNKNOWN_TEST,-1,224,224,3,JPEG,15971
Image_1052,test/Image_1052.jpg,Image_1052.jpg,UNKNOWN_TEST,-1,224,224,3,JPEG,22355
Image_371,test/Image_371.jpg,Image_371.jpg,UNKNOWN_TEST,-1,224,224,3,JPEG,31558
Image_1445,test/Image_1445.jpg,Image_1445.jpg,UNKNOWN_TEST,-1,224,224,3,JPEG,28434
Image_59,test/Image_59.jpg,Image_59.jpg,UNKNOWN_TEST,-1,224,224,3,JPEG,13414
Image_2100,test/Image_2100.jpg,Image_2100.jpg,UNKNOWN_TEST,-1,224,224,3,JPEG,18654
Image_1020,test/Image_1020.jpg,Image_1020.jpg,UNKNOWN_TEST,-1,224,224,3,JPEG,24903
Image_2282,test/Image_2282.jpg,Image_2282.jpg,UNKNOWN_TEST,-1,224,224,3,JPEG,20650
Image_1286,test/Image_1286.jpg,Image_1286.jpg,UNKNOWN_TEST,-1,224,224,3,JPEG,30454
Image_2164,test/Image_2164.jpg,Image_2164.jpg,UNKNOWN_TEST,-1,224,224,3,JPEG,18843
Image_125,test/Image_125.jpg,Image_125.jpg,UNKNOWN_TEST,-1,224,224,3,JPEG,22988
Image_2016,test/Image_2016.jpg,Image_2016.jpg,UNKNOWN_TEST,-1,224,224,3,JPEG,36415
Image_1598,test/Image_1598.jpg,Image_1598.jpg,UNKNOWN_TEST,-1,224,224,3,JPEG,27664
Image_695,test/Image_695.jpg,Image_695.jpg,UNKNOWN_TEST,-1,224,224,3,JPEG,28219
Image_673,test/Image_673.jpg,Image_673.jpg,UNKNOWN_TEST,-1,224,224,3,JPEG,16888
Image_348,test/Image_348.jpg,Image_348.jpg,UNKNOWN_TEST,-1,224,224,3,JPEG,24433
Image_463,test/Image_463.jpg,Image_463.jpg,UNKNOWN_TEST,-1,224,224,3,JPEG,24101
Image_1143,test/Image_1143.jpg,Image_1143.jpg,UNKNOWN_TEST,-1,224,224,3,JPEG,34882
Image_423,test/Image_423.jpg,Image_423.jpg,UNKNOWN_TEST,-1,224,224,3,JPEG,27224
Image_339,test/Image_339.jpg,Image_339.jpg,UNKNOWN_TEST,-1,224,224,3,JPEG,21304
Image_2566,test/Image_2566.jpg,Image_2566.jpg,UNKNOWN_TEST,-1,224,224,3,JPEG,34562
Image_493,test/Image_493.jpg,Image_493.jpg,UNKNOWN_TEST,-1,224,224,3,JPEG,21514
Image_1844,test/Image_1844.jpg,Image_1844.jpg,UNKNOWN_TEST,-1,224,224,3,JPEG,18345
Image_2761,test/Image_2761.jpg,Image_2761.jpg,UNKNOWN_TEST,-1,224,224,3,JPEG,28850
Image_1807,test/Image_1807.jpg,Image_1807.jpg,UNKNOWN_TEST,-1,224,224,3,JPEG,27763
Image_1907,test/Image_1907.jpg,Image_1907.jpg,UNKNOWN_TEST,-1,224,224,3,JPEG,27778
Image_1866,test/Image_1866.jpg,Image_1866.jpg,UNKNOWN_TEST,-1,224,224,3,JPEG,21237
Image_1148,test/Image_1148.jpg,Image_1148.jpg,UNKNOWN_TEST,-1,224,224,3,JPEG,28048
Image_755,test/Image_755.jpg,Image_755.jpg,UNKNOWN_TEST,-1,224,224,3,JPEG,24551
Image_601,test/Image_601.jpg,Image_601.jpg,UNKNOWN_TEST,-1,224,224,3,JPEG,30971
Image_472,test/Image_472.jpg,Image_472.jpg,UNKNOWN_TEST,-1,224,224,3,JPEG,29587
Image_382,test/Image_382.jpg,Image_382.jpg,UNKNOWN_TEST,-1,224,224,3,JPEG,32280
Image_2671,test/Image_2671.jpg,Image_2671.jpg,UNKNOWN_TEST,-1,224,224,3,JPEG,29493
Image_1685,test/Image_1685.jpg,Image_1685.jpg,UNKNOWN_TEST,-1,224,224,3,JPEG,32288
Image_419,test/Image_419.jpg,Image_419.jpg,UNKNOWN_TEST,-1,224,224,3,JPEG,21781
Image_1466,test/Image_1466.jpg,Image_1466.jpg,UNKNOWN_TEST,-1,224,224,3,JPEG,30300
Image_874,test/Image_874.jpg,Image_874.jpg,UNKNOWN_TEST,-1,224,224,3,JPEG,25454
Image_194,test/Image_194.jpg,Image_194.jpg,UNKNOWN_TEST,-1,224,224,3,JPEG,26843
Image_1909,test/Image_1909.jpg,Image_1909.jpg,UNKNOWN_TEST,-1,224,224,3,JPEG,24637
Image_2663,test/Image_2663.jpg,Image_2663.jpg,UNKNOWN_TEST,-1,224,224,3,JPEG,24511
Image_2258,test/Image_2258.jpg,Image_2258.jpg,UNKNOWN_TEST,-1,224,224,3,JPEG,18213
Image_415,test/Image_415.jpg,Image_415.jpg,UNKNOWN_TEST,-1,224,224,3,JPEG,28546
Image_1583,test/Image_1583.jpg,Image_1583.jpg,UNKNOWN_TEST,-1,224,224,3,JPEG,25088
Image_2783,test/Image_2783.jpg,Image_2783.jpg,UNKNOWN_TEST,-1,224,224,3,JPEG,21924
Image_439,test/Image_439.jpg,Image_439.jpg,UNKNOWN_TEST,-1,224,224,3,JPEG,30966
Image_263,test/Image_263.jpg,Image_263.jpg,UNKNOWN_TEST,-1,224,224,3,JPEG,34811
Image_325,test/Image_325.jpg,Image_325.jpg,UNKNOWN_TEST,-1,224,224,3,JPEG,22329
Image_1682,test/Image_1682.jpg,Image_1682.jpg,UNKNOWN_TEST,-1,224,224,3,JPEG,25381
Image_2589,test/Image_2589.jpg,Image_2589.jpg,UNKNOWN_TEST,-1,224,224,3,JPEG,22760
Image_1239,test/Image_1239.jpg,Image_1239.jpg,UNKNOWN_TEST,-1,224,224,3,JPEG,21188
Image_1574,test/Image_1574.jpg,Image_1574.jpg,UNKNOWN_TEST,-1,224,224,3,JPEG,27519
Image_2257,test/Image_2257.jpg,Image_2257.jpg,UNKNOWN_TEST,-1,224,224,3,JPEG,25268
Image_671,test/Image_671.jpg,Image_671.jpg,UNKNOWN_TEST,-1,224,224,3,JPEG,32965
Image_915,test/Image_915.jpg,Image_915.jpg,UNKNOWN_TEST,-1,224,224,3,JPEG,26031
Image_666,test/Image_666.jpg,Image_666.jpg,UNKNOWN_TEST,-1,224,224,3,JPEG,25809
Image_2557,test/Image_2557.jpg,Image_2557.jpg,UNKNOWN_TEST,-1,224,224,3,JPEG,30943
Image_1652,test/Image_1652.jpg,Image_1652.jpg,UNKNOWN_TEST,-1,224,224,3,JPEG,23499
Image_358,test/Image_358.jpg,Image_358.jpg,UNKNOWN_TEST,-1,224,224,3,JPEG,27467
Image_954,test/Image_954.jpg,Image_954.jpg,UNKNOWN_TEST,-1,224,224,3,JPEG,21713
Image_1040,test/Image_1040.jpg,Image_1040.jpg,UNKNOWN_TEST,-1,224,224,3,JPEG,28985
Image_1477,test/Image_1477.jpg,Image_1477.jpg,UNKNOWN_TEST,-1,224,224,3,JPEG,13022
Image_2387,test/Image_2387.jpg,Image_2387.jpg,UNKNOWN_TEST,-1,224,224,3,JPEG,15844
Image_740,test/Image_740.jpg,Image_740.jpg,UNKNOWN_TEST,-1,224,224,3,JPEG,23730
Image_1032,test/Image_1032.jpg,Image_1032.jpg,UNKNOWN_TEST,-1,224,224,3,JPEG,28800
Image_212,test/Image_212.jpg,Image_212.jpg,UNKNOWN_TEST,-1,224,224,3,JPEG,17435
Image_1435,test/Image_1435.jpg,Image_1435.jpg,UNKNOWN_TEST,-1,224,224,3,JPEG,16474
Image_1771,test/Image_1771.jpg,Image_1771.jpg,UNKNOWN_TEST,-1,224,224,3,JPEG,28569
Image_2616,test/Image_2616.jpg,Image_2616.jpg,UNKNOWN_TEST,-1,224,224,3,JPEG,24880
Image_1134,test/Image_1134.jpg,Image_1134.jpg,UNKNOWN_TEST,-1,224,224,3,JPEG,27743
Image_1409,test/Image_1409.jpg,Image_1409.jpg,UNKNOWN_TEST,-1,224,224,3,JPEG,24343
Image_1181,test/Image_1181.jpg,Image_1181.jpg,UNKNOWN_TEST,-1,224,224,3,JPEG,14311
Image_1688,test/Image_1688.jpg,Image_1688.jpg,UNKNOWN_TEST,-1,224,224,3,JPEG,25664
Image_2355,test/Image_2355.jpg,Image_2355.jpg,UNKNOWN_TEST,-1,224,224,3,JPEG,24495
Image_256,test/Image_256.jpg,Image_256.jpg,UNKNOWN_TEST,-1,224,224,3,JPEG,35618
Image_2550,test/Image_2550.jpg,Image_2550.jpg,UNKNOWN_TEST,-1,224,224,3,JPEG,28485
Image_1454,test/Image_1454.jpg,Image_1454.jpg,UNKNOWN_TEST,-1,224,224,3,JPEG,35105
Image_961,test/Image_961.jpg,Image_961.jpg,UNKNOWN_TEST,-1,224,224,3,JPEG,37771
Image_2710,test/Image_2710.jpg,Image_2710.jpg,UNKNOWN_TEST,-1,224,224,3,JPEG,31090
Image_1039,test/Image_1039.jpg,Image_1039.jpg,UNKNOWN_TEST,-1,224,224,3,JPEG,26229
Image_943,test/Image_943.jpg,Image_943.jpg,UNKNOWN_TEST,-1,224,224,3,JPEG,28517
Image_2058,test/Image_2058.jpg,Image_2058.jpg,UNKNOWN_TEST,-1,224,224,3,JPEG,29040
Image_383,test/Image_383.jpg,Image_383.jpg,UNKNOWN_TEST,-1,224,224,3,JPEG,27463
Image_2587,test/Image_2587.jpg,Image_2587.jpg,UNKNOWN_TEST,-1,224,224,3,JPEG,30107
Image_1130,test/Image_1130.jpg,Image_1130.jpg,UNKNOWN_TEST,-1,224,224,3,JPEG,22608
Image_1662,test/Image_1662.jpg,Image_1662.jpg,UNKNOWN_TEST,-1,224,224,3,JPEG,30619
Image_995,test/Image_995.jpg,Image_995.jpg,UNKNOWN_TEST,-1,224,224,3,JPEG,30664
Image_1761,test/Image_1761.jpg,Image_1761.jpg,UNKNOWN_TEST,-1,224,224,3,JPEG,23231
Image_2358,test/Image_2358.jpg,Image_2358.jpg,UNKNOWN_TEST,-1,224,224,3,JPEG,21171
Image_2690,test/Image_2690.jpg,Image_2690.jpg,UNKNOWN_TEST,-1,224,224,3,JPEG,25936
Image_1891,test/Image_1891.jpg,Image_1891.jpg,UNKNOWN_TEST,-1,224,224,3,JPEG,27213
Image_1360,test/Image_1360.jpg,Image_1360.jpg,UNKNOWN_TEST,-1,224,224,3,JPEG,24521
Image_2677,test/Image_2677.jpg,Image_2677.jpg,UNKNOWN_TEST,-1,224,224,3,JPEG,25865
Image_1089,test/Image_1089.jpg,Image_1089.jpg,UNKNOWN_TEST,-1,224,224,3,JPEG,29082
Image_346,test/Image_346.jpg,Image_346.jpg,UNKNOWN_TEST,-1,224,224,3,JPEG,25088
Image_1154,test/Image_1154.jpg,Image_1154.jpg,UNKNOWN_TEST,-1,224,224,3,JPEG,20829
Image_2751,test/Image_2751.jpg,Image_2751.jpg,UNKNOWN_TEST,-1,224,224,3,JPEG,24196
Image_883,test/Image_883.jpg,Image_883.jpg,UNKNOWN_TEST,-1,224,224,3,JPEG,19690
Image_1320,test/Image_1320.jpg,Image_1320.jpg,UNKNOWN_TEST,-1,224,224,3,JPEG,28935
Image_2555,test/Image_2555.jpg,Image_2555.jpg,UNKNOWN_TEST,-1,224,224,3,JPEG,38696
Image_311,test/Image_311.jpg,Image_311.jpg,UNKNOWN_TEST,-1,224,224,3,JPEG,33679
Image_2586,test/Image_2586.jpg,Image_2586.jpg,UNKNOWN_TEST,-1,224,224,3,JPEG,26577
Image_1408,test/Image_1408.jpg,Image_1408.jpg,UNKNOWN_TEST,-1,224,224,3,JPEG,25984
Image_2233,test/Image_2233.jpg,Image_2233.jpg,UNKNOWN_TEST,-1,224,224,3,JPEG,21316
Image_2670,test/Image_2670.jpg,Image_2670.jpg,UNKNOWN_TEST,-1,224,224,3,JPEG,23530
Image_2224,test/Image_2224.jpg,Image_2224.jpg,UNKNOWN_TEST,-1,224,224,3,JPEG,25206
Image_724,test/Image_724.jpg,Image_724.jpg,UNKNOWN_TEST,-1,224,224,3,JPEG,27363
Image_1812,test/Image_1812.jpg,Image_1812.jpg,UNKNOWN_TEST,-1,224,224,3,JPEG,21876
Image_1753,test/Image_1753.jpg,Image_1753.jpg,UNKNOWN_TEST,-1,224,224,3,JPEG,35498
Image_846,test/Image_846.jpg,Image_846.jpg,UNKNOWN_TEST,-1,224,224,3,JPEG,31811
Image_414,test/Image_414.jpg,Image_414.jpg,UNKNOWN_TEST,-1,224,224,3,JPEG,22775
Image_2356,test/Image_2356.jpg,Image_2356.jpg,UNKNOWN_TEST,-1,224,224,3,JPEG,28916
Image_903,test/Image_903.jpg,Image_903.jpg,UNKNOWN_TEST,-1,224,224,3,JPEG,35512
Image_2210,test/Image_2210.jpg,Image_2210.jpg,UNKNOWN_TEST,-1,224,224,3,JPEG,20310
Image_906,test/Image_906.jpg,Image_906.jpg,UNKNOWN_TEST,-1,224,224,3,JPEG,33453
Image_74,test/Image_74.jpg,Image_74.jpg,UNKNOWN_TEST,-1,224,224,3,JPEG,20043
Image_742,test/Image_742.jpg,Image_742.jpg,UNKNOWN_TEST,-1,224,224,3,JPEG,34515
Image_1388,test/Image_1388.jpg,Image_1388.jpg,UNKNOWN_TEST,-1,224,224,3,JPEG,15571
Image_1802,test/Image_1802.jpg,Image_1802.jpg,UNKNOWN_TEST,-1,224,224,3,JPEG,23528
Image_2600,test/Image_2600.jpg,Image_2600.jpg,UNKNOWN_TEST,-1,224,224,3,JPEG,28311
Image_855,test/Image_855.jpg,Image_855.jpg,UNKNOWN_TEST,-1,224,224,3,JPEG,28171
Image_1196,test/Image_1196.jpg,Image_1196.jpg,UNKNOWN_TEST,-1,224,224,3,JPEG,28167
Image_2243,test/Image_2243.jpg,Image_2243.jpg,UNKNOWN_TEST,-1,224,224,3,JPEG,34825
Image_1191,test/Image_1191.jpg,Image_1191.jpg,UNKNOWN_TEST,-1,224,224,3,JPEG,14715
Image_2527,test/Image_2527.jpg,Image_2527.jpg,UNKNOWN_TEST,-1,224,224,3,JPEG,28429
Image_2372,test/Image_2372.jpg,Image_2372.jpg,UNKNOWN_TEST,-1,224,224,3,JPEG,32273
Image_1028,test/Image_1028.jpg,Image_1028.jpg,UNKNOWN_TEST,-1,224,224,3,JPEG,25583
Image_1068,test/Image_1068.jpg,Image_1068.jpg,UNKNOWN_TEST,-1,224,224,3,JPEG,29256
Image_509,test/Image_509.jpg,Image_509.jpg,UNKNOWN_TEST,-1,224,224,3,JPEG,27320
Image_2595,test/Image_2595.jpg,Image_2595.jpg,UNKNOWN_TEST,-1,224,224,3,JPEG,20666
Image_1126,test/Image_1126.jpg,Image_1126.jpg,UNKNOWN_TEST,-1,224,224,3,JPEG,35038
Image_1898,test/Image_1898.jpg,Image_1898.jpg,UNKNOWN_TEST,-1,224,224,3,JPEG,30844
Image_699,test/Image_699.jpg,Image_699.jpg,UNKNOWN_TEST,-1,224,224,3,JPEG,22105
Image_2479,test/Image_2479.jpg,Image_2479.jpg,UNKNOWN_TEST,-1,224,224,3,JPEG,20409
Image_1975,test/Image_1975.jpg,Image_1975.jpg,UNKNOWN_TEST,-1,224,224,3,JPEG,31902
Image_2022,test/Image_2022.jpg,Image_2022.jpg,UNKNOWN_TEST,-1,224,224,3,JPEG,22399
Image_1526,test/Image_1526.jpg,Image_1526.jpg,UNKNOWN_TEST,-1,224,224,3,JPEG,27299
Image_1557,test/Image_1557.jpg,Image_1557.jpg,UNKNOWN_TEST,-1,224,224,3,JPEG,30170
Image_582,test/Image_582.jpg,Image_582.jpg,UNKNOWN_TEST,-1,224,224,3,JPEG,21301
Image_871,test/Image_871.jpg,Image_871.jpg,UNKNOWN_TEST,-1,224,224,3,JPEG,21203
Image_896,test/Image_896.jpg,Image_896.jpg,UNKNOWN_TEST,-1,224,224,3,JPEG,28991
Image_2530,test/Image_2530.jpg,Image_2530.jpg,UNKNOWN_TEST,-1,224,224,3,JPEG,35409
Image_159,test/Image_159.jpg,Image_159.jpg,UNKNOWN_TEST,-1,224,224,3,JPEG,24180
Image_1709,test/Image_1709.jpg,Image_1709.jpg,UNKNOWN_TEST,-1,224,224,3,JPEG,25136
Image_132,test/Image_132.jpg,Image_132.jpg,UNKNOWN_TEST,-1,224,224,3,JPEG,25584
Image_1504,test/Image_1504.jpg,Image_1504.jpg,UNKNOWN_TEST,-1,224,224,3,JPEG,24138
Image_1717,test/Image_1717.jpg,Image_1717.jpg,UNKNOWN_TEST,-1,224,224,3,JPEG,25695
Image_792,test/Image_792.jpg,Image_792.jpg,UNKNOWN_TEST,-1,224,224,3,JPEG,22862
Image_429,test/Image_429.jpg,Image_429.jpg,UNKNOWN_TEST,-1,224,224,3,JPEG,23354
Image_2283,test/Image_2283.jpg,Image_2283.jpg,UNKNOWN_TEST,-1,224,224,3,JPEG,25852
Image_1752,test/Image_1752.jpg,Image_1752.jpg,UNKNOWN_TEST,-1,224,224,3,JPEG,20682
Image_2397,test/Image_2397.jpg,Image_2397.jpg,UNKNOWN_TEST,-1,224,224,3,JPEG,21485
Image_2347,test/Image_2347.jpg,Image_2347.jpg,UNKNOWN_TEST,-1,224,224,3,JPEG,25287
Image_980,test/Image_980.jpg,Image_980.jpg,UNKNOWN_TEST,-1,224,224,3,JPEG,37906
Image_2646,test/Image_2646.jpg,Image_2646.jpg,UNKNOWN_TEST,-1,224,224,3,JPEG,25012
Image_1123,test/Image_1123.jpg,Image_1123.jpg,UNKNOWN_TEST,-1,224,224,3,JPEG,22249
Image_1814,test/Image_1814.jpg,Image_1814.jpg,UNKNOWN_TEST,-1,224,224,3,JPEG,30489
Image_437,test/Image_437.jpg,Image_437.jpg,UNKNOWN_TEST,-1,224,224,3,JPEG,25889
Image_1371,test/Image_1371.jpg,Image_1371.jpg,UNKNOWN_TEST,-1,224,224,3,JPEG,21747
Image_2581,test/Image_2581.jpg,Image_2581.jpg,UNKNOWN_TEST,-1,224,224,3,JPEG,26810
Image_124,test/Image_124.jpg,Image_124.jpg,UNKNOWN_TEST,-1,224,224,3,JPEG,30411
Image_2040,test/Image_2040.jpg,Image_2040.jpg,UNKNOWN_TEST,-1,224,224,3,JPEG,39908
Image_1149,test/Image_1149.jpg,Image_1149.jpg,UNKNOWN_TEST,-1,224,224,3,JPEG,25406
Image_2478,test/Image_2478.jpg,Image_2478.jpg,UNKNOWN_TEST,-1,224,224,3,JPEG,30360
Image_1776,test/Image_1776.jpg,Image_1776.jpg,UNKNOWN_TEST,-1,224,224,3,JPEG,29172
Image_1603,test/Image_1603.jpg,Image_1603.jpg,UNKNOWN_TEST,-1,224,224,3,JPEG,29567
Image_1335,test/Image_1335.jpg,Image_1335.jpg,UNKNOWN_TEST,-1,224,224,3,JPEG,26579
Image_1563,test/Image_1563.jpg,Image_1563.jpg,UNKNOWN_TEST,-1,224,224,3,JPEG,21389
Image_398,test/Image_398.jpg,Image_398.jpg,UNKNOWN_TEST,-1,224,224,3,JPEG,22015
Image_1528,test/Image_1528.jpg,Image_1528.jpg,UNKNOWN_TEST,-1,224,224,3,JPEG,19960
Image_889,test/Image_889.jpg,Image_889.jpg,UNKNOWN_TEST,-1,224,224,3,JPEG,19361
Image_230,test/Image_230.jpg,Image_230.jpg,UNKNOWN_TEST,-1,224,224,3,JPEG,24514
Image_584,test/Image_584.jpg,Image_584.jpg,UNKNOWN_TEST,-1,224,224,3,JPEG,22623
Image_622,test/Image_622.jpg,Image_622.jpg,UNKNOWN_TEST,-1,224,224,3,JPEG,28393
Image_2640,test/Image_2640.jpg,Image_2640.jpg,UNKNOWN_TEST,-1,224,224,3,JPEG,34964
Image_2410,test/Image_2410.jpg,Image_2410.jpg,UNKNOWN_TEST,-1,224,224,3,JPEG,24864
Image_351,test/Image_351.jpg,Image_351.jpg,UNKNOWN_TEST,-1,224,224,3,JPEG,20682
Image_2465,test/Image_2465.jpg,Image_2465.jpg,UNKNOWN_TEST,-1,224,224,3,JPEG,25662
Image_2735,test/Image_2735.jpg,Image_2735.jpg,UNKNOWN_TEST,-1,224,224,3,JPEG,19795
Image_2267,test/Image_2267.jpg,Image_2267.jpg,UNKNOWN_TEST,-1,224,224,3,JPEG,29635
Image_186,test/Image_186.jpg,Image_186.jpg,UNKNOWN_TEST,-1,224,224,3,JPEG,23948
Image_824,test/Image_824.jpg,Image_824.jpg,UNKNOWN_TEST,-1,224,224,3,JPEG,27134
Image_788,test/Image_788.jpg,Image_788.jpg,UNKNOWN_TEST,-1,224,224,3,JPEG,16156
Image_2508,test/Image_2508.jpg,Image_2508.jpg,UNKNOWN_TEST,-1,224,224,3,JPEG,23854
Image_872,test/Image_872.jpg,Image_872.jpg,UNKNOWN_TEST,-1,224,224,3,JPEG,29901
Image_922,test/Image_922.jpg,Image_922.jpg,UNKNOWN_TEST,-1,224,224,3,JPEG,29119
Image_146,test/Image_146.jpg,Image_146.jpg,UNKNOWN_TEST,-1,224,224,3,JPEG,24191
Image_2430,test/Image_2430.jpg,Image_2430.jpg,UNKNOWN_TEST,-1,224,224,3,JPEG,28571
Image_1258,test/Image_1258.jpg,Image_1258.jpg,UNKNOWN_TEST,-1,224,224,3,JPEG,27762
Image_2344,test/Image_2344.jpg,Image_2344.jpg,UNKNOWN_TEST,-1,224,224,3,JPEG,24316
Image_1185,test/Image_1185.jpg,Image_1185.jpg,UNKNOWN_TEST,-1,224,224,3,JPEG,34420
Image_859,test/Image_859.jpg,Image_859.jpg,UNKNOWN_TEST,-1,224,224,3,JPEG,31969
Image_1153,test/Image_1153.jpg,Image_1153.jpg,UNKNOWN_TEST,-1,224,224,3,JPEG,22020
Image_1411,test/Image_1411.jpg,Image_1411.jpg,UNKNOWN_TEST,-1,224,224,3,JPEG,21012
Image_1722,test/Image_1722.jpg,Image_1722.jpg,UNKNOWN_TEST,-1,224,224,3,JPEG,26044
Image_1107,test/Image_1107.jpg,Image_1107.jpg,UNKNOWN_TEST,-1,224,224,3,JPEG,26458
Image_489,test/Image_489.jpg,Image_489.jpg,UNKNOWN_TEST,-1,224,224,3,JPEG,17117
Image_1834,test/Image_1834.jpg,Image_1834.jpg,UNKNOWN_TEST,-1,224,224,3,JPEG,34285
Image_2123,test/Image_2123.jpg,Image_2123.jpg,UNKNOWN_TEST,-1,224,224,3,JPEG,27387
Image_1421,test/Image_1421.jpg,Image_1421.jpg,UNKNOWN_TEST,-1,224,224,3,JPEG,19902
Image_2423,test/Image_2423.jpg,Image_2423.jpg,UNKNOWN_TEST,-1,224,224,3,JPEG,26382
Image_253,test/Image_253.jpg,Image_253.jpg,UNKNOWN_TEST,-1,224,224,3,JPEG,25619
Image_57,test/Image_57.jpg,Image_57.jpg,UNKNOWN_TEST,-1,224,224,3,JPEG,25689
Image_483,test/Image_483.jpg,Image_483.jpg,UNKNOWN_TEST,-1,224,224,3,JPEG,24474
Image_1200,test/Image_1200.jpg,Image_1200.jpg,UNKNOWN_TEST,-1,224,224,3,JPEG,26127
Image_2563,test/Image_2563.jpg,Image_2563.jpg,UNKNOWN_TEST,-1,224,224,3,JPEG,20597
Image_1172,test/Image_1172.jpg,Image_1172.jpg,UNKNOWN_TEST,-1,224,224,3,JPEG,25216
Image_1640,test/Image_1640.jpg,Image_1640.jpg,UNKNOWN_TEST,-1,224,224,3,JPEG,23230
Image_189,test/Image_189.jpg,Image_189.jpg,UNKNOWN_TEST,-1,224,224,3,JPEG,24922
Image_1369,test/Image_1369.jpg,Image_1369.jpg,UNKNOWN_TEST,-1,224,224,3,JPEG,17752
Image_674,test/Image_674.jpg,Image_674.jpg,UNKNOWN_TEST,-1,224,224,3,JPEG,31046
Image_1875,test/Image_1875.jpg,Image_1875.jpg,UNKNOWN_TEST,-1,224,224,3,JPEG,25311
Image_192,test/Image_192.jpg,Image_192.jpg,UNKNOWN_TEST,-1,224,224,3,JPEG,21596
Image_1345,test/Image_1345.jpg,Image_1345.jpg,UNKNOWN_TEST,-1,224,224,3,JPEG,18755
Image_1116,test/Image_1116.jpg,Image_1116.jpg,UNKNOWN_TEST,-1,224,224,3,JPEG,29769
Image_1976,test/Image_1976.jpg,Image_1976.jpg,UNKNOWN_TEST,-1,224,224,3,JPEG,34861
Image_1832,test/Image_1832.jpg,Image_1832.jpg,UNKNOWN_TEST,-1,224,224,3,JPEG,29057
Image_2730,test/Image_2730.jpg,Image_2730.jpg,UNKNOWN_TEST,-1,224,224,3,JPEG,27734
Image_488,test/Image_488.jpg,Image_488.jpg,UNKNOWN_TEST,-1,224,224,3,JPEG,30041
Image_850,test/Image_850.jpg,Image_850.jpg,UNKNOWN_TEST,-1,224,224,3,JPEG,31756
Image_1817,test/Image_1817.jpg,Image_1817.jpg,UNKNOWN_TEST,-1,224,224,3,JPEG,30894
Image_1353,test/Image_1353.jpg,Image_1353.jpg,UNKNOWN_TEST,-1,224,224,3,JPEG,24309
Image_2459,test/Image_2459.jpg,Image_2459.jpg,UNKNOWN_TEST,-1,224,224,3,JPEG,19208
Image_2495,test/Image_2495.jpg,Image_2495.jpg,UNKNOWN_TEST,-1,224,224,3,JPEG,33277
Image_2338,test/Image_2338.jpg,Image_2338.jpg,UNKNOWN_TEST,-1,224,224,3,JPEG,30485
Image_960,test/Image_960.jpg,Image_960.jpg,UNKNOWN_TEST,-1,224,224,3,JPEG,22969
Image_1689,test/Image_1689.jpg,Image_1689.jpg,UNKNOWN_TEST,-1,224,224,3,JPEG,18032
Image_94,test/Image_94.jpg,Image_94.jpg,UNKNOWN_TEST,-1,224,224,3,JPEG,34655
Image_1690,test/Image_1690.jpg,Image_1690.jpg,UNKNOWN_TEST,-1,224,224,3,JPEG,27809
Image_1929,test/Image_1929.jpg,Image_1929.jpg,UNKNOWN_TEST,-1,224,224,3,JPEG,26313
Image_2001,test/Image_2001.jpg,Image_2001.jpg,UNKNOWN_TEST,-1,224,224,3,JPEG,18330
Image_522,test/Image_522.jpg,Image_522.jpg,UNKNOWN_TEST,-1,224,224,3,JPEG,21136
Image_113,test/Image_113.jpg,Image_113.jpg,UNKNOWN_TEST,-1,224,224,3,JPEG,27169
Image_249,test/Image_249.jpg,Image_249.jpg,UNKNOWN_TEST,-1,224,224,3,JPEG,25004
Image_2782,test/Image_2782.jpg,Image_2782.jpg,UNKNOWN_TEST,-1,224,224,3,JPEG,26679
Image_1048,test/Image_1048.jpg,Image_1048.jpg,UNKNOWN_TEST,-1,224,224,3,JPEG,20697
Image_1291,test/Image_1291.jpg,Image_1291.jpg,UNKNOWN_TEST,-1,224,224,3,JPEG,21025
Image_1307,test/Image_1307.jpg,Image_1307.jpg,UNKNOWN_TEST,-1,224,224,3,JPEG,29119
Image_2254,test/Image_2254.jpg,Image_2254.jpg,UNKNOWN_TEST,-1,224,224,3,JPEG,19788
Image_989,test/Image_989.jpg,Image_989.jpg,UNKNOWN_TEST,-1,224,224,3,JPEG,30040
Image_347,test/Image_347.jpg,Image_347.jpg,UNKNOWN_TEST,-1,224,224,3,JPEG,19966
Image_406,test/Image_406.jpg,Image_406.jpg,UNKNOWN_TEST,-1,224,224,3,JPEG,25513
Image_2074,test/Image_2074.jpg,Image_2074.jpg,UNKNOWN_TEST,-1,224,224,3,JPEG,19770
Image_1626,test/Image_1626.jpg,Image_1626.jpg,UNKNOWN_TEST,-1,224,224,3,JPEG,22810
Image_1414,test/Image_1414.jpg,Image_1414.jpg,UNKNOWN_TEST,-1,224,224,3,JPEG,23729
Image_268,test/Image_268.jpg,Image_268.jpg,UNKNOWN_TEST,-1,224,224,3,JPEG,28777
Image_2727,test/Image_2727.jpg,Image_2727.jpg,UNKNOWN_TEST,-1,224,224,3,JPEG,31415
Image_966,test/Image_966.jpg,Image_966.jpg,UNKNOWN_TEST,-1,224,224,3,JPEG,23411
Image_2196,test/Image_2196.jpg,Image_2196.jpg,UNKNOWN_TEST,-1,224,224,3,JPEG,21092
Image_1225,test/Image_1225.jpg,Image_1225.jpg,UNKNOWN_TEST,-1,224,224,3,JPEG,33005
Image_2638,test/Image_2638.jpg,Image_2638.jpg,UNKNOWN_TEST,-1,224,224,3,JPEG,20093
Image_372,test/Image_372.jpg,Image_372.jpg,UNKNOWN_TEST,-1,224,224,3,JPEG,31919
Image_2055,test/Image_2055.jpg,Image_2055.jpg,UNKNOWN_TEST,-1,224,224,3,JPEG,31777
Image_2279,test/Image_2279.jpg,Image_2279.jpg,UNKNOWN_TEST,-1,224,224,3,JPEG,24579
Image_1105,test/Image_1105.jpg,Image_1105.jpg,UNKNOWN_TEST,-1,224,224,3,JPEG,26665
Image_355,test/Image_355.jpg,Image_355.jpg,UNKNOWN_TEST,-1,224,224,3,JPEG,22269
Image_2579,test/Image_2579.jpg,Image_2579.jpg,UNKNOWN_TEST,-1,224,224,3,JPEG,32219
Image_1422,test/Image_1422.jpg,Image_1422.jpg,UNKNOWN_TEST,-1,224,224,3,JPEG,32168
Image_1228,test/Image_1228.jpg,Image_1228.jpg,UNKNOWN_TEST,-1,224,224,3,JPEG,27537
Image_921,test/Image_921.jpg,Image_921.jpg,UNKNOWN_TEST,-1,224,224,3,JPEG,26743
Image_2119,test/Image_2119.jpg,Image_2119.jpg,UNKNOWN_TEST,-1,224,224,3,JPEG,24296
Image_111,test/Image_111.jpg,Image_111.jpg,UNKNOWN_TEST,-1,224,224,3,JPEG,32088
Image_2034,test/Image_2034.jpg,Image_2034.jpg,UNKNOWN_TEST,-1,224,224,3,JPEG,20247
Image_868,test/Image_868.jpg,Image_868.jpg,UNKNOWN_TEST,-1,224,224,3,JPEG,21462
Image_244,test/Image_244.jpg,Image_244.jpg,UNKNOWN_TEST,-1,224,224,3,JPEG,31976
Image_1983,test/Image_1983.jpg,Image_1983.jpg,UNKNOWN_TEST,-1,224,224,3,JPEG,33594
Image_2362,test/Image_2362.jpg,Image_2362.jpg,UNKNOWN_TEST,-1,224,224,3,JPEG,22071
Image_1780,test/Image_1780.jpg,Image_1780.jpg,UNKNOWN_TEST,-1,224,224,3,JPEG,28491
Image_114,test/Image_114.jpg,Image_114.jpg,UNKNOWN_TEST,-1,224,224,3,JPEG,24207
Image_2769,test/Image_2769.jpg,Image_2769.jpg,UNKNOWN_TEST,-1,224,224,3,JPEG,26146
Image_1872,test/Image_1872.jpg,Image_1872.jpg,UNKNOWN_TEST,-1,224,224,3,JPEG,30532
Image_553,test/Image_553.jpg,Image_553.jpg,UNKNOWN_TEST,-1,224,224,3,JPEG,29444
Image_2377,test/Image_2377.jpg,Image_2377.jpg,UNKNOWN_TEST,-1,224,224,3,JPEG,25850
Image_913,test/Image_913.jpg,Image_913.jpg,UNKNOWN_TEST,-1,224,224,3,JPEG,29054
Image_1159,test/Image_1159.jpg,Image_1159.jpg,UNKNOWN_TEST,-1,224,224,3,JPEG,24955
Image_486,test/Image_486.jpg,Image_486.jpg,UNKNOWN_TEST,-1,224,224,3,JPEG,26965
Image_1944,test/Image_1944.jpg,Image_1944.jpg,UNKNOWN_TEST,-1,224,224,3,JPEG,19127
Image_2161,test/Image_2161.jpg,Image_2161.jpg,UNKNOWN_TEST,-1,224,224,3,JPEG,19911
Image_38,test/Image_38.jpg,Image_38.jpg,UNKNOWN_TEST,-1,224,224,3,JPEG,16834
Image_1205,test/Image_1205.jpg,Image_1205.jpg,UNKNOWN_TEST,-1,224,224,3,JPEG,32391
Image_891,test/Image_891.jpg,Image_891.jpg,UNKNOWN_TEST,-1,224,224,3,JPEG,26763
Image_2777,test/Image_2777.jpg,Image_2777.jpg,UNKNOWN_TEST,-1,224,224,3,JPEG,29270
Image_2647,test/Image_2647.jpg,Image_2647.jpg,UNKNOWN_TEST,-1,224,224,3,JPEG,21259
Image_1955,test/Image_1955.jpg,Image_1955.jpg,UNKNOWN_TEST,-1,224,224,3,JPEG,18059
Image_75,test/Image_75.jpg,Image_75.jpg,UNKNOWN_TEST,-1,224,224,3,JPEG,25100
Image_2188,test/Image_2188.jpg,Image_2188.jpg,UNKNOWN_TEST,-1,224,224,3,JPEG,20528
Image_1548,test/Image_1548.jpg,Image_1548.jpg,UNKNOWN_TEST,-1,224,224,3,JPEG,30739
Image_373,test/Image_373.jpg,Image_373.jpg,UNKNOWN_TEST,-1,224,224,3,JPEG,15601
Image_116,test/Image_116.jpg,Image_116.jpg,UNKNOWN_TEST,-1,224,224,3,JPEG,21584
Image_753,test/Image_753.jpg,Image_753.jpg,UNKNOWN_TEST,-1,224,224,3,JPEG,28753
Image_2467,test/Image_2467.jpg,Image_2467.jpg,UNKNOWN_TEST,-1,224,224,3,JPEG,19746
Image_764,test/Image_764.jpg,Image_764.jpg,UNKNOWN_TEST,-1,224,224,3,JPEG,19323
Image_2177,test/Image_2177.jpg,Image_2177.jpg,UNKNOWN_TEST,-1,224,224,3,JPEG,28315
Image_1940,test/Image_1940.jpg,Image_1940.jpg,UNKNOWN_TEST,-1,224,224,3,JPEG,21335
Image_2470,test/Image_2470.jpg,Image_2470.jpg,UNKNOWN_TEST,-1,224,224,3,JPEG,23944
Image_1592,test/Image_1592.jpg,Image_1592.jpg,UNKNOWN_TEST,-1,224,224,3,JPEG,31478
Image_1044,test/Image_1044.jpg,Image_1044.jpg,UNKNOWN_TEST,-1,224,224,3,JPEG,29395
Image_793,test/Image_793.jpg,Image_793.jpg,UNKNOWN_TEST,-1,224,224,3,JPEG,23358
Image_2240,test/Image_2240.jpg,Image_2240.jpg,UNKNOWN_TEST,-1,224,224,3,JPEG,25334
Image_1037,test/Image_1037.jpg,Image_1037.jpg,UNKNOWN_TEST,-1,224,224,3,JPEG,23772
Image_1687,test/Image_1687.jpg,Image_1687.jpg,UNKNOWN_TEST,-1,224,224,3,JPEG,26693
Image_2311,test/Image_2311.jpg,Image_2311.jpg,UNKNOWN_TEST,-1,224,224,3,JPEG,35919
Image_1321,test/Image_1321.jpg,Image_1321.jpg,UNKNOWN_TEST,-1,224,224,3,JPEG,27077
Image_473,test/Image_473.jpg,Image_473.jpg,UNKNOWN_TEST,-1,224,224,3,JPEG,23391
Image_2469,test/Image_2469.jpg,Image_2469.jpg,UNKNOWN_TEST,-1,224,224,3,JPEG,21136
Image_2654,test/Image_2654.jpg,Image_2654.jpg,UNKNOWN_TEST,-1,224,224,3,JPEG,26856
Image_733,test/Image_733.jpg,Image_733.jpg,UNKNOWN_TEST,-1,224,224,3,JPEG,30860
Image_562,test/Image_562.jpg,Image_562.jpg,UNKNOWN_TEST,-1,224,224,3,JPEG,25338
Image_1199,test/Image_1199.jpg,Image_1199.jpg,UNKNOWN_TEST,-1,224,224,3,JPEG,16807
Image_234,test/Image_234.jpg,Image_234.jpg,UNKNOWN_TEST,-1,224,224,3,JPEG,30483
Image_1797,test/Image_1797.jpg,Image_1797.jpg,UNKNOWN_TEST,-1,224,224,3,JPEG,26026
Image_799,test/Image_799.jpg,Image_799.jpg,UNKNOWN_TEST,-1,224,224,3,JPEG,13600
Image_1629,test/Image_1629.jpg,Image_1629.jpg,UNKNOWN_TEST,-1,224,224,3,JPEG,25060
Image_638,test/Image_638.jpg,Image_638.jpg,UNKNOWN_TEST,-1,224,224,3,JPEG,29583
Image_1571,test/Image_1571.jpg,Image_1571.jpg,UNKNOWN_TEST,-1,224,224,3,JPEG,25949
Image_1757,test/Image_1757.jpg,Image_1757.jpg,UNKNOWN_TEST,-1,224,224,3,JPEG,22771
Image_992,test/Image_992.jpg,Image_992.jpg,UNKNOWN_TEST,-1,224,224,3,JPEG,25521
Image_286,test/Image_286.jpg,Image_286.jpg,UNKNOWN_TEST,-1,224,224,3,JPEG,25163
Image_2253,test/Image_2253.jpg,Image_2253.jpg,UNKNOWN_TEST,-1,224,224,3,JPEG,21400
Image_2071,test/Image_2071.jpg,Image_2071.jpg,UNKNOWN_TEST,-1,224,224,3,JPEG,33298
Image_2440,test/Image_2440.jpg,Image_2440.jpg,UNKNOWN_TEST,-1,224,224,3,JPEG,20139
Image_809,test/Image_809.jpg,Image_809.jpg,UNKNOWN_TEST,-1,224,224,3,JPEG,22303
Image_2574,test/Image_2574.jpg,Image_2574.jpg,UNKNOWN_TEST,-1,224,224,3,JPEG,29798
Image_1703,test/Image_1703.jpg,Image_1703.jpg,UNKNOWN_TEST,-1,224,224,3,JPEG,37795
Image_1584,test/Image_1584.jpg,Image_1584.jpg,UNKNOWN_TEST,-1,224,224,3,JPEG,25268
Image_694,test/Image_694.jpg,Image_694.jpg,UNKNOWN_TEST,-1,224,224,3,JPEG,21586
Image_2363,test/Image_2363.jpg,Image_2363.jpg,UNKNOWN_TEST,-1,224,224,3,JPEG,20158
Image_1448,test/Image_1448.jpg,Image_1448.jpg,UNKNOWN_TEST,-1,224,224,3,JPEG,34407
Image_44,test/Image_44.jpg,Image_44.jpg,UNKNOWN_TEST,-1,224,224,3,JPEG,25230
Image_2200,test/Image_2200.jpg,Image_2200.jpg,UNKNOWN_TEST,-1,224,224,3,JPEG,26690
Image_1098,test/Image_1098.jpg,Image_1098.jpg,UNKNOWN_TEST,-1,224,224,3,JPEG,24771
Image_537,test/Image_537.jpg,Image_537.jpg,UNKNOWN_TEST,-1,224,224,3,JPEG,26795
Image_1319,test/Image_1319.jpg,Image_1319.jpg,UNKNOWN_TEST,-1,224,224,3,JPEG,25120
Image_1849,test/Image_1849.jpg,Image_1849.jpg,UNKNOWN_TEST,-1,224,224,3,JPEG,25864
Image_1979,test/Image_1979.jpg,Image_1979.jpg,UNKNOWN_TEST,-1,224,224,3,JPEG,24055
Image_2617,test/Image_2617.jpg,Image_2617.jpg,UNKNOWN_TEST,-1,224,224,3,JPEG,35170
Image_1097,test/Image_1097.jpg,Image_1097.jpg,UNKNOWN_TEST,-1,224,224,3,JPEG,27958
Image_88,test/Image_88.jpg,Image_88.jpg,UNKNOWN_TEST,-1,224,224,3,JPEG,25024
Image_873,test/Image_873.jpg,Image_873.jpg,UNKNOWN_TEST,-1,224,224,3,JPEG,22251
Image_1593,test/Image_1593.jpg,Image_1593.jpg,UNKNOWN_TEST,-1,224,224,3,JPEG,22677
Image_520,test/Image_520.jpg,Image_520.jpg,UNKNOWN_TEST,-1,224,224,3,JPEG,26788
Image_2460,test/Image_2460.jpg,Image_2460.jpg,UNKNOWN_TEST,-1,224,224,3,JPEG,34682
Image_1265,test/Image_1265.jpg,Image_1265.jpg,UNKNOWN_TEST,-1,224,224,3,JPEG,26026
Image_2582,test/Image_2582.jpg,Image_2582.jpg,UNKNOWN_TEST,-1,224,224,3,JPEG,28886
Image_1269,test/Image_1269.jpg,Image_1269.jpg,UNKNOWN_TEST,-1,224,224,3,JPEG,29825
Image_1327,test/Image_1327.jpg,Image_1327.jpg,UNKNOWN_TEST,-1,224,224,3,JPEG,13582
Image_862,test/Image_862.jpg,Image_862.jpg,UNKNOWN_TEST,-1,224,224,3,JPEG,29257
Image_2618,test/Image_2618.jpg,Image_2618.jpg,UNKNOWN_TEST,-1,224,224,3,JPEG,23864
Image_1480,test/Image_1480.jpg,Image_1480.jpg,UNKNOWN_TEST,-1,224,224,3,JPEG,26777
Image_1304,test/Image_1304.jpg,Image_1304.jpg,UNKNOWN_TEST,-1,224,224,3,JPEG,16502
Image_521,test/Image_521.jpg,Image_521.jpg,UNKNOWN_TEST,-1,224,224,3,JPEG,22104
Image_1653,test/Image_1653.jpg,Image_1653.jpg,UNKNOWN_TEST,-1,224,224,3,JPEG,19948
Image_1054,test/Image_1054.jpg,Image_1054.jpg,UNKNOWN_TEST,-1,224,224,3,JPEG,30777
Image_910,test/Image_910.jpg,Image_910.jpg,UNKNOWN_TEST,-1,224,224,3,JPEG,29453
Image_2066,test/Image_2066.jpg,Image_2066.jpg,UNKNOWN_TEST,-1,224,224,3,JPEG,25892
Image_1210,test/Image_1210.jpg,Image_1210.jpg,UNKNOWN_TEST,-1,224,224,3,JPEG,20988
Image_2691,test/Image_2691.jpg,Image_2691.jpg,UNKNOWN_TEST,-1,224,224,3,JPEG,18092
Image_2213,test/Image_2213.jpg,Image_2213.jpg,UNKNOWN_TEST,-1,224,224,3,JPEG,22459
Image_2674,test/Image_2674.jpg,Image_2674.jpg,UNKNOWN_TEST,-1,224,224,3,JPEG,30279
Image_1349,test/Image_1349.jpg,Image_1349.jpg,UNKNOWN_TEST,-1,224,224,3,JPEG,23492
Image_1399,test/Image_1399.jpg,Image_1399.jpg,UNKNOWN_TEST,-1,224,224,3,JPEG,17463
Image_1643,test/Image_1643.jpg,Image_1643.jpg,UNKNOWN_TEST,-1,224,224,3,JPEG,27722
Image_2390,test/Image_2390.jpg,Image_2390.jpg,UNKNOWN_TEST,-1,224,224,3,JPEG,25423
Image_719,test/Image_719.jpg,Image_719.jpg,UNKNOWN_TEST,-1,224,224,3,JPEG,23072
Image_360,test/Image_360.jpg,Image_360.jpg,UNKNOWN_TEST,-1,224,224,3,JPEG,19251
Image_2116,test/Image_2116.jpg,Image_2116.jpg,UNKNOWN_TEST,-1,224,224,3,JPEG,25365
Image_1679,test/Image_1679.jpg,Image_1679.jpg,UNKNOWN_TEST,-1,224,224,3,JPEG,21539
Image_1170,test/Image_1170.jpg,Image_1170.jpg,UNKNOWN_TEST,-1,224,224,3,JPEG,27982
Image_2285,test/Image_2285.jpg,Image_2285.jpg,UNKNOWN_TEST,-1,224,224,3,JPEG,19642
Image_2325,test/Image_2325.jpg,Image_2325.jpg,UNKNOWN_TEST,-1,224,224,3,JPEG,17024
Image_2151,test/Image_2151.jpg,Image_2151.jpg,UNKNOWN_TEST,-1,224,224,3,JPEG,23471
Image_501,test/Image_501.jpg,Image_501.jpg,UNKNOWN_TEST,-1,224,224,3,JPEG,21591
Image_714,test/Image_714.jpg,Image_714.jpg,UNKNOWN_TEST,-1,224,224,3,JPEG,37816
Image_1957,test/Image_1957.jpg,Image_1957.jpg,UNKNOWN_TEST,-1,224,224,3,JPEG,26205
Image_2421,test/Image_2421.jpg,Image_2421.jpg,UNKNOWN_TEST,-1,224,224,3,JPEG,24333
Image_1207,test/Image_1207.jpg,Image_1207.jpg,UNKNOWN_TEST,-1,224,224,3,JPEG,23294
Image_1542,test/Image_1542.jpg,Image_1542.jpg,UNKNOWN_TEST,-1,224,224,3,JPEG,28894
Image_2138,test/Image_2138.jpg,Image_2138.jpg,UNKNOWN_TEST,-1,224,224,3,JPEG,33492
Image_1176,test/Image_1176.jpg,Image_1176.jpg,UNKNOWN_TEST,-1,224,224,3,JPEG,29332
Image_1607,test/Image_1607.jpg,Image_1607.jpg,UNKNOWN_TEST,-1,224,224,3,JPEG,24590
Image_1173,test/Image_1173.jpg,Image_1173.jpg,UNKNOWN_TEST,-1,224,224,3,JPEG,29384
Image_1530,test/Image_1530.jpg,Image_1530.jpg,UNKNOWN_TEST,-1,224,224,3,JPEG,15210
Image_2216,test/Image_2216.jpg,Image_2216.jpg,UNKNOWN_TEST,-1,224,224,3,JPEG,24565
Image_1806,test/Image_1806.jpg,Image_1806.jpg,UNKNOWN_TEST,-1,224,224,3,JPEG,23510
Image_936,test/Image_936.jpg,Image_936.jpg,UNKNOWN_TEST,-1,224,224,3,JPEG,18089
Image_2384,test/Image_2384.jpg,Image_2384.jpg,UNKNOWN_TEST,-1,224,224,3,JPEG,28931
Image_2369,test/Image_2369.jpg,Image_2369.jpg,UNKNOWN_TEST,-1,224,224,3,JPEG,28954
Image_686,test/Image_686.jpg,Image_686.jpg,UNKNOWN_TEST,-1,224,224,3,JPEG,23606
Image_1981,test/Image_1981.jpg,Image_1981.jpg,UNKNOWN_TEST,-1,224,224,3,JPEG,30805
Image_2169,test/Image_2169.jpg,Image_2169.jpg,UNKNOWN_TEST,-1,224,224,3,JPEG,25114
Image_92,test/Image_92.jpg,Image_92.jpg,UNKNOWN_TEST,-1,224,224,3,JPEG,28261
Image_1782,test/Image_1782.jpg,Image_1782.jpg,UNKNOWN_TEST,-1,224,224,3,JPEG,24230
Image_623,test/Image_623.jpg,Image_623.jpg,UNKNOWN_TEST,-1,224,224,3,JPEG,28837
Image_207,test/Image_207.jpg,Image_207.jpg,UNKNOWN_TEST,-1,224,224,3,JPEG,25219
Image_1650,test/Image_1650.jpg,Image_1650.jpg,UNKNOWN_TEST,-1,224,224,3,JPEG,16814
Image_1379,test/Image_1379.jpg,Image_1379.jpg,UNKNOWN_TEST,-1,224,224,3,JPEG,26819
Image_2526,test/Image_2526.jpg,Image_2526.jpg,UNKNOWN_TEST,-1,224,224,3,JPEG,23818
Image_1163,test/Image_1163.jpg,Image_1163.jpg,UNKNOWN_TEST,-1,224,224,3,JPEG,31027
Image_1905,test/Image_1905.jpg,Image_1905.jpg,UNKNOWN_TEST,-1,224,224,3,JPEG,28193
Image_357,test/Image_357.jpg,Image_357.jpg,UNKNOWN_TEST,-1,224,224,3,JPEG,18221
Image_806,test/Image_806.jpg,Image_806.jpg,UNKNOWN_TEST,-1,224,224,3,JPEG,22717
Image_1298,test/Image_1298.jpg,Image_1298.jpg,UNKNOWN_TEST,-1,224,224,3,JPEG,20796
Image_1968,test/Image_1968.jpg,Image_1968.jpg,UNKNOWN_TEST,-1,224,224,3,JPEG,24806
Image_1749,test/Image_1749.jpg,Image_1749.jpg,UNKNOWN_TEST,-1,224,224,3,JPEG,20273
Image_89,test/Image_89.jpg,Image_89.jpg,UNKNOWN_TEST,-1,224,224,3,JPEG,21831
Image_1888,test/Image_1888.jpg,Image_1888.jpg,UNKNOWN_TEST,-1,224,224,3,JPEG,17667
Image_16,test/Image_16.jpg,Image_16.jpg,UNKNOWN_TEST,-1,224,224,3,JPEG,19703
Image_2129,test/Image_2129.jpg,Image_2129.jpg,UNKNOWN_TEST,-1,224,224,3,JPEG,31224
Image_2340,test/Image_2340.jpg,Image_2340.jpg,UNKNOWN_TEST,-1,224,224,3,JPEG,22807
Image_1994,test/Image_1994.jpg,Image_1994.jpg,UNKNOWN_TEST,-1,224,224,3,JPEG,29277
Image_390,test/Image_390.jpg,Image_390.jpg,UNKNOWN_TEST,-1,224,224,3,JPEG,26855
Image_170,test/Image_170.jpg,Image_170.jpg,UNKNOWN_TEST,-1,224,224,3,JPEG,26774
Image_1899,test/Image_1899.jpg,Image_1899.jpg,UNKNOWN_TEST,-1,224,224,3,JPEG,24252
Image_2743,test/Image_2743.jpg,Image_2743.jpg,UNKNOWN_TEST,-1,224,224,3,JPEG,26592
Image_2541,test/Image_2541.jpg,Image_2541.jpg,UNKNOWN_TEST,-1,224,224,3,JPEG,39367
Image_314,test/Image_314.jpg,Image_314.jpg,UNKNOWN_TEST,-1,224,224,3,JPEG,23603
Image_2145,test/Image_2145.jpg,Image_2145.jpg,UNKNOWN_TEST,-1,224,224,3,JPEG,27802
Image_171,test/Image_171.jpg,Image_171.jpg,UNKNOWN_TEST,-1,224,224,3,JPEG,27895
Image_1811,test/Image_1811.jpg,Image_1811.jpg,UNKNOWN_TEST,-1,224,224,3,JPEG,29666
Image_1855,test/Image_1855.jpg,Image_1855.jpg,UNKNOWN_TEST,-1,224,224,3,JPEG,35472
Image_1447,test/Image_1447.jpg,Image_1447.jpg,UNKNOWN_TEST,-1,224,224,3,JPEG,26106
Image_1057,test/Image_1057.jpg,Image_1057.jpg,UNKNOWN_TEST,-1,224,224,3,JPEG,36066
Image_1483,test/Image_1483.jpg,Image_1483.jpg,UNKNOWN_TEST,-1,224,224,3,JPEG,35960
Image_1010,test/Image_1010.jpg,Image_1010.jpg,UNKNOWN_TEST,-1,224,224,3,JPEG,25889
Image_1361,test/Image_1361.jpg,Image_1361.jpg,UNKNOWN_TEST,-1,224,224,3,JPEG,33180
Image_353,test/Image_353.jpg,Image_353.jpg,UNKNOWN_TEST,-1,224,224,3,JPEG,21202
Image_804,test/Image_804.jpg,Image_804.jpg,UNKNOWN_TEST,-1,224,224,3,JPEG,22544
Image_1308,test/Image_1308.jpg,Image_1308.jpg,UNKNOWN_TEST,-1,224,224,3,JPEG,17610
Image_710,test/Image_710.jpg,Image_710.jpg,UNKNOWN_TEST,-1,224,224,3,JPEG,25436
Image_784,test/Image_784.jpg,Image_784.jpg,UNKNOWN_TEST,-1,224,224,3,JPEG,16426
Image_1868,test/Image_1868.jpg,Image_1868.jpg,UNKNOWN_TEST,-1,224,224,3,JPEG,22865
Image_2634,test/Image_2634.jpg,Image_2634.jpg,UNKNOWN_TEST,-1,224,224,3,JPEG,28608
Image_1595,test/Image_1595.jpg,Image_1595.jpg,UNKNOWN_TEST,-1,224,224,3,JPEG,30874
Image_2114,test/Image_2114.jpg,Image_2114.jpg,UNKNOWN_TEST,-1,224,224,3,JPEG,29224
Image_1453,test/Image_1453.jpg,Image_1453.jpg,UNKNOWN_TEST,-1,224,224,3,JPEG,20800
Image_69,test/Image_69.jpg,Image_69.jpg,UNKNOWN_TEST,-1,224,224,3,JPEG,36301
Image_121,test/Image_121.jpg,Image_121.jpg,UNKNOWN_TEST,-1,224,224,3,JPEG,24153
Image_1060,test/Image_1060.jpg,Image_1060.jpg,UNKNOWN_TEST,-1,224,224,3,JPEG,31712
Image_1014,test/Image_1014.jpg,Image_1014.jpg,UNKNOWN_TEST,-1,224,224,3,JPEG,21414
Image_2724,test/Image_2724.jpg,Image_2724.jpg,UNKNOWN_TEST,-1,224,224,3,JPEG,23583
Image_2411,test/Image_2411.jpg,Image_2411.jpg,UNKNOWN_TEST,-1,224,224,3,JPEG,19830
Image_1726,test/Image_1726.jpg,Image_1726.jpg,UNKNOWN_TEST,-1,224,224,3,JPEG,22323
Image_1492,test/Image_1492.jpg,Image_1492.jpg,UNKNOWN_TEST,-1,224,224,3,JPEG,26783
Image_2204,test/Image_2204.jpg,Image_2204.jpg,UNKNOWN_TEST,-1,224,224,3,JPEG,32309
Image_495,test/Image_495.jpg,Image_495.jpg,UNKNOWN_TEST,-1,224,224,3,JPEG,27012
Image_2334,test/Image_2334.jpg,Image_2334.jpg,UNKNOWN_TEST,-1,224,224,3,JPEG,20139
Image_215,test/Image_215.jpg,Image_215.jpg,UNKNOWN_TEST,-1,224,224,3,JPEG,25493
Image_1486,test/Image_1486.jpg,Image_1486.jpg,UNKNOWN_TEST,-1,224,224,3,JPEG,26199
Image_863,test/Image_863.jpg,Image_863.jpg,UNKNOWN_TEST,-1,224,224,3,JPEG,18518
Image_1322,test/Image_1322.jpg,Image_1322.jpg,UNKNOWN_TEST,-1,224,224,3,JPEG,20931
Image_1846,test/Image_1846.jpg,Image_1846.jpg,UNKNOWN_TEST,-1,224,224,3,JPEG,22293
Image_289,test/Image_289.jpg,Image_289.jpg,UNKNOWN_TEST,-1,224,224,3,JPEG,22353
Image_1678,test/Image_1678.jpg,Image_1678.jpg,UNKNOWN_TEST,-1,224,224,3,JPEG,33678
Image_1952,test/Image_1952.jpg,Image_1952.jpg,UNKNOWN_TEST,-1,224,224,3,JPEG,28503
Image_630,test/Image_630.jpg,Image_630.jpg,UNKNOWN_TEST,-1,224,224,3,JPEG,29440
Image_2592,test/Image_2592.jpg,Image_2592.jpg,UNKNOWN_TEST,-1,224,224,3,JPEG,31046
Image_1224,test/Image_1224.jpg,Image_1224.jpg,UNKNOWN_TEST,-1,224,224,3,JPEG,21187
Image_1461,test/Image_1461.jpg,Image_1461.jpg,UNKNOWN_TEST,-1,224,224,3,JPEG,38194
Image_175,test/Image_175.jpg,Image_175.jpg,UNKNOWN_TEST,-1,224,224,3,JPEG,14181
Image_1464,test/Image_1464.jpg,Image_1464.jpg,UNKNOWN_TEST,-1,224,224,3,JPEG,23345
Image_2443,test/Image_2443.jpg,Image_2443.jpg,UNKNOWN_TEST,-1,224,224,3,JPEG,31372
Image_1087,test/Image_1087.jpg,Image_1087.jpg,UNKNOWN_TEST,-1,224,224,3,JPEG,21270
Image_1628,test/Image_1628.jpg,Image_1628.jpg,UNKNOWN_TEST,-1,224,224,3,JPEG,21441
Image_1372,test/Image_1372.jpg,Image_1372.jpg,UNKNOWN_TEST,-1,224,224,3,JPEG,38768
Image_2562,test/Image_2562.jpg,Image_2562.jpg,UNKNOWN_TEST,-1,224,224,3,JPEG,30679
Image_2348,test/Image_2348.jpg,Image_2348.jpg,UNKNOWN_TEST,-1,224,224,3,JPEG,22724
Image_2091,test/Image_2091.jpg,Image_2091.jpg,UNKNOWN_TEST,-1,224,224,3,JPEG,25933
Image_120,test/Image_120.jpg,Image_120.jpg,UNKNOWN_TEST,-1,224,224,3,JPEG,23190
Image_790,test/Image_790.jpg,Image_790.jpg,UNKNOWN_TEST,-1,224,224,3,JPEG,25055
Image_1402,test/Image_1402.jpg,Image_1402.jpg,UNKNOWN_TEST,-1,224,224,3,JPEG,23113
Image_2017,test/Image_2017.jpg,Image_2017.jpg,UNKNOWN_TEST,-1,224,224,3,JPEG,18369
Image_876,test/Image_876.jpg,Image_876.jpg,UNKNOWN_TEST,-1,224,224,3,JPEG,24353
Image_156,test/Image_156.jpg,Image_156.jpg,UNKNOWN_TEST,-1,224,224,3,JPEG,35314
Image_185,test/Image_185.jpg,Image_185.jpg,UNKNOWN_TEST,-1,224,224,3,JPEG,27540
Image_1843,test/Image_1843.jpg,Image_1843.jpg,UNKNOWN_TEST,-1,224,224,3,JPEG,30659
Image_1290,test/Image_1290.jpg,Image_1290.jpg,UNKNOWN_TEST,-1,224,224,3,JPEG,28336
Image_1913,test/Image_1913.jpg,Image_1913.jpg,UNKNOWN_TEST,-1,224,224,3,JPEG,27560
Image_578,test/Image_578.jpg,Image_578.jpg,UNKNOWN_TEST,-1,224,224,3,JPEG,29214
Image_2104,test/Image_2104.jpg,Image_2104.jpg,UNKNOWN_TEST,-1,224,224,3,JPEG,21795
Image_510,test/Image_510.jpg,Image_510.jpg,UNKNOWN_TEST,-1,224,224,3,JPEG,18111
Image_1559,test/Image_1559.jpg,Image_1559.jpg,UNKNOWN_TEST,-1,224,224,3,JPEG,26675
Image_2572,test/Image_2572.jpg,Image_2572.jpg,UNKNOWN_TEST,-1,224,224,3,JPEG,23870
Image_8,test/Image_8.jpg,Image_8.jpg,UNKNOWN_TEST,-1,224,224,3,JPEG,26883
Image_632,test/Image_632.jpg,Image_632.jpg,UNKNOWN_TEST,-1,224,224,3,JPEG,22373
Image_2556,test/Image_2556.jpg,Image_2556.jpg,UNKNOWN_TEST,-1,224,224,3,JPEG,32380
Image_1091,test/Image_1091.jpg,Image_1091.jpg,UNKNOWN_TEST,-1,224,224,3,JPEG,34231
Image_1597,test/Image_1597.jpg,Image_1597.jpg,UNKNOWN_TEST,-1,224,224,3,JPEG,23614
Image_2291,test/Image_2291.jpg,Image_2291.jpg,UNKNOWN_TEST,-1,224,224,3,JPEG,21195
Image_262,test/Image_262.jpg,Image_262.jpg,UNKNOWN_TEST,-1,224,224,3,JPEG,29013
Image_2231,test/Image_2231.jpg,Image_2231.jpg,UNKNOWN_TEST,-1,224,224,3,JPEG,25467
Image_2352,test/Image_2352.jpg,Image_2352.jpg,UNKNOWN_TEST,-1,224,224,3,JPEG,20256
Image_331,test/Image_331.jpg,Image_331.jpg,UNKNOWN_TEST,-1,224,224,3,JPEG,18477
Image_1697,test/Image_1697.jpg,Image_1697.jpg,UNKNOWN_TEST,-1,224,224,3,JPEG,24157
Image_1403,test/Image_1403.jpg,Image_1403.jpg,UNKNOWN_TEST,-1,224,224,3,JPEG,19671
Image_2602,test/Image_2602.jpg,Image_2602.jpg,UNKNOWN_TEST,-1,224,224,3,JPEG,17340
Image_329,test/Image_329.jpg,Image_329.jpg,UNKNOWN_TEST,-1,224,224,3,JPEG,21363
Image_504,test/Image_504.jpg,Image_504.jpg,UNKNOWN_TEST,-1,224,224,3,JPEG,20405
Image_2513,test/Image_2513.jpg,Image_2513.jpg,UNKNOWN_TEST,-1,224,224,3,JPEG,16568
Image_2364,test/Image_2364.jpg,Image_2364.jpg,UNKNOWN_TEST,-1,224,224,3,JPEG,32013
Image_2086,test/Image_2086.jpg,Image_2086.jpg,UNKNOWN_TEST,-1,224,224,3,JPEG,29872
Image_783,test/Image_783.jpg,Image_783.jpg,UNKNOWN_TEST,-1,224,224,3,JPEG,21823
Image_43,test/Image_43.jpg,Image_43.jpg,UNKNOWN_TEST,-1,224,224,3,JPEG,25081
Image_2466,test/Image_2466.jpg,Image_2466.jpg,UNKNOWN_TEST,-1,224,224,3,JPEG,26302
Image_50,test/Image_50.jpg,Image_50.jpg,UNKNOWN_TEST,-1,224,224,3,JPEG,19537
Image_457,test/Image_457.jpg,Image_457.jpg,UNKNOWN_TEST,-1,224,224,3,JPEG,22696
Image_1075,test/Image_1075.jpg,Image_1075.jpg,UNKNOWN_TEST,-1,224,224,3,JPEG,29379
Image_1858,test/Image_1858.jpg,Image_1858.jpg,UNKNOWN_TEST,-1,224,224,3,JPEG,23583
Image_572,test/Image_572.jpg,Image_572.jpg,UNKNOWN_TEST,-1,224,224,3,JPEG,16346
Image_1538,test/Image_1538.jpg,Image_1538.jpg,UNKNOWN_TEST,-1,224,224,3,JPEG,26330
Image_1700,test/Image_1700.jpg,Image_1700.jpg,UNKNOWN_TEST,-1,224,224,3,JPEG,42525
Image_823,test/Image_823.jpg,Image_823.jpg,UNKNOWN_TEST,-1,224,224,3,JPEG,25739
Image_2346,test/Image_2346.jpg,Image_2346.jpg,UNKNOWN_TEST,-1,224,224,3,JPEG,19667
Image_51,test/Image_51.jpg,Image_51.jpg,UNKNOWN_TEST,-1,224,224,3,JPEG,19263
Image_2580,test/Image_2580.jpg,Image_2580.jpg,UNKNOWN_TEST,-1,224,224,3,JPEG,22885
Image_2328,test/Image_2328.jpg,Image_2328.jpg,UNKNOWN_TEST,-1,224,224,3,JPEG,24869
Image_17,test/Image_17.jpg,Image_17.jpg,UNKNOWN_TEST,-1,224,224,3,JPEG,28208
Image_2697,test/Image_2697.jpg,Image_2697.jpg,UNKNOWN_TEST,-1,224,224,3,JPEG,25580
Image_565,test/Image_565.jpg,Image_565.jpg,UNKNOWN_TEST,-1,224,224,3,JPEG,37320
Image_2475,test/Image_2475.jpg,Image_2475.jpg,UNKNOWN_TEST,-1,224,224,3,JPEG,21970
Image_1564,test/Image_1564.jpg,Image_1564.jpg,UNKNOWN_TEST,-1,224,224,3,JPEG,24195
Image_210,test/Image_210.jpg,Image_210.jpg,UNKNOWN_TEST,-1,224,224,3,JPEG,23576
Image_2627,test/Image_2627.jpg,Image_2627.jpg,UNKNOWN_TEST,-1,224,224,3,JPEG,42875
Image_1565,test/Image_1565.jpg,Image_1565.jpg,UNKNOWN_TEST,-1,224,224,3,JPEG,26344
Image_178,test/Image_178.jpg,Image_178.jpg,UNKNOWN_TEST,-1,224,224,3,JPEG,25259
Image_308,test/Image_308.jpg,Image_308.jpg,UNKNOWN_TEST,-1,224,224,3,JPEG,24232
Image_548,test/Image_548.jpg,Image_548.jpg,UNKNOWN_TEST,-1,224,224,3,JPEG,23778
Image_1617,test/Image_1617.jpg,Image_1617.jpg,UNKNOWN_TEST,-1,224,224,3,JPEG,26470
Image_1808,test/Image_1808.jpg,Image_1808.jpg,UNKNOWN_TEST,-1,224,224,3,JPEG,25040
Image_1569,test/Image_1569.jpg,Image_1569.jpg,UNKNOWN_TEST,-1,224,224,3,JPEG,28718
Image_1816,test/Image_1816.jpg,Image_1816.jpg,UNKNOWN_TEST,-1,224,224,3,JPEG,24314
Image_2094,test/Image_2094.jpg,Image_2094.jpg,UNKNOWN_TEST,-1,224,224,3,JPEG,24073
Image_1272,test/Image_1272.jpg,Image_1272.jpg,UNKNOWN_TEST,-1,224,224,3,JPEG,29054
Image_1485,test/Image_1485.jpg,Image_1485.jpg,UNKNOWN_TEST,-1,224,224,3,JPEG,17673
Image_1631,test/Image_1631.jpg,Image_1631.jpg,UNKNOWN_TEST,-1,224,224,3,JPEG,23808
Image_296,test/Image_296.jpg,Image_296.jpg,UNKNOWN_TEST,-1,224,224,3,JPEG,32735
Image_2672,test/Image_2672.jpg,Image_2672.jpg,UNKNOWN_TEST,-1,224,224,3,JPEG,25998
Image_2764,test/Image_2764.jpg,Image_2764.jpg,UNKNOWN_TEST,-1,224,224,3,JPEG,21476
Image_518,test/Image_518.jpg,Image_518.jpg,UNKNOWN_TEST,-1,224,224,3,JPEG,33816
Image_2601,test/Image_2601.jpg,Image_2601.jpg,UNKNOWN_TEST,-1,224,224,3,JPEG,23639
Image_36,test/Image_36.jpg,Image_36.jpg,UNKNOWN_TEST,-1,224,224,3,JPEG,21186
Image_2207,test/Image_2207.jpg,Image_2207.jpg,UNKNOWN_TEST,-1,224,224,3,JPEG,28246
Image_2353,test/Image_2353.jpg,Image_2353.jpg,UNKNOWN_TEST,-1,224,224,3,JPEG,28892
Image_2366,test/Image_2366.jpg,Image_2366.jpg,UNKNOWN_TEST,-1,224,224,3,JPEG,37663
Image_1108,test/Image_1108.jpg,Image_1108.jpg,UNKNOWN_TEST,-1,224,224,3,JPEG,19910
Image_2766,test/Image_2766.jpg,Image_2766.jpg,UNKNOWN_TEST,-1,224,224,3,JPEG,28850
Image_2713,test/Image_2713.jpg,Image_2713.jpg,UNKNOWN_TEST,-1,224,224,3,JPEG,18824
Image_1842,test/Image_1842.jpg,Image_1842.jpg,UNKNOWN_TEST,-1,224,224,3,JPEG,17841
Image_536,test/Image_536.jpg,Image_536.jpg,UNKNOWN_TEST,-1,224,224,3,JPEG,36001
Image_1702,test/Image_1702.jpg,Image_1702.jpg,UNKNOWN_TEST,-1,224,224,3,JPEG,26158
Image_670,test/Image_670.jpg,Image_670.jpg,UNKNOWN_TEST,-1,224,224,3,JPEG,31610
Image_984,test/Image_984.jpg,Image_984.jpg,UNKNOWN_TEST,-1,224,224,3,JPEG,31469
Image_2659,test/Image_2659.jpg,Image_2659.jpg,UNKNOWN_TEST,-1,224,224,3,JPEG,23926
Image_579,test/Image_579.jpg,Image_579.jpg,UNKNOWN_TEST,-1,224,224,3,JPEG,26683
Image_1590,test/Image_1590.jpg,Image_1590.jpg,UNKNOWN_TEST,-1,224,224,3,JPEG,22362
Image_991,test/Image_991.jpg,Image_991.jpg,UNKNOWN_TEST,-1,224,224,3,JPEG,25158
Image_266,test/Image_266.jpg,Image_266.jpg,UNKNOWN_TEST,-1,224,224,3,JPEG,29834
Image_581,test/Image_581.jpg,Image_581.jpg,UNKNOWN_TEST,-1,224,224,3,JPEG,26406
Image_1942,test/Image_1942.jpg,Image_1942.jpg,UNKNOWN_TEST,-1,224,224,3,JPEG,22907
Image_2684,test/Image_2684.jpg,Image_2684.jpg,UNKNOWN_TEST,-1,224,224,3,JPEG,28677
Image_399,test/Image_399.jpg,Image_399.jpg,UNKNOWN_TEST,-1,224,224,3,JPEG,31937
Image_2312,test/Image_2312.jpg,Image_2312.jpg,UNKNOWN_TEST,-1,224,224,3,JPEG,27696
Image_1716,test/Image_1716.jpg,Image_1716.jpg,UNKNOWN_TEST,-1,224,224,3,JPEG,29051
Image_1647,test/Image_1647.jpg,Image_1647.jpg,UNKNOWN_TEST,-1,224,224,3,JPEG,15944
Image_1295,test/Image_1295.jpg,Image_1295.jpg,UNKNOWN_TEST,-1,224,224,3,JPEG,21073
Image_27,test/Image_27.jpg,Image_27.jpg,UNKNOWN_TEST,-1,224,224,3,JPEG,13533
Image_1934,test/Image_1934.jpg,Image_1934.jpg,UNKNOWN_TEST,-1,224,224,3,JPEG,25717
Image_631,test/Image_631.jpg,Image_631.jpg,UNKNOWN_TEST,-1,224,224,3,JPEG,20614
Image_2583,test/Image_2583.jpg,Image_2583.jpg,UNKNOWN_TEST,-1,224,224,3,JPEG,29534
Image_72,test/Image_72.jpg,Image_72.jpg,UNKNOWN_TEST,-1,224,224,3,JPEG,21593
Image_1830,test/Image_1830.jpg,Image_1830.jpg,UNKNOWN_TEST,-1,224,224,3,JPEG,20552
Image_1236,test/Image_1236.jpg,Image_1236.jpg,UNKNOWN_TEST,-1,224,224,3,JPEG,31283
Image_749,test/Image_749.jpg,Image_749.jpg,UNKNOWN_TEST,-1,224,224,3,JPEG,19733
Image_1796,test/Image_1796.jpg,Image_1796.jpg,UNKNOWN_TEST,-1,224,224,3,JPEG,28700
Image_2623,test/Image_2623.jpg,Image_2623.jpg,UNKNOWN_TEST,-1,224,224,3,JPEG,23116
Image_1195,test/Image_1195.jpg,Image_1195.jpg,UNKNOWN_TEST,-1,224,224,3,JPEG,29243
Image_1144,test/Image_1144.jpg,Image_1144.jpg,UNKNOWN_TEST,-1,224,224,3,JPEG,29372
Image_5,test/Image_5.jpg,Image_5.jpg,UNKNOWN_TEST,-1,224,224,3,JPEG,40003
Image_511,test/Image_511.jpg,Image_511.jpg,UNKNOWN_TEST,-1,224,224,3,JPEG,31265
Image_1249,test/Image_1249.jpg,Image_1249.jpg,UNKNOWN_TEST,-1,224,224,3,JPEG,24581
Image_593,test/Image_593.jpg,Image_593.jpg,UNKNOWN_TEST,-1,224,224,3,JPEG,34700
Image_25,test/Image_25.jpg,Image_25.jpg,UNKNOWN_TEST,-1,224,224,3,JPEG,15014
Image_295,test/Image_295.jpg,Image_295.jpg,UNKNOWN_TEST,-1,224,224,3,JPEG,29852
Image_1490,test/Image_1490.jpg,Image_1490.jpg,UNKNOWN_TEST,-1,224,224,3,JPEG,24339
Image_2265,test/Image_2265.jpg,Image_2265.jpg,UNKNOWN_TEST,-1,224,224,3,JPEG,25560
Image_925,test/Image_925.jpg,Image_925.jpg,UNKNOWN_TEST,-1,224,224,3,JPEG,20704
Image_1665,test/Image_1665.jpg,Image_1665.jpg,UNKNOWN_TEST,-1,224,224,3,JPEG,15681
Image_1848,test/Image_1848.jpg,Image_1848.jpg,UNKNOWN_TEST,-1,224,224,3,JPEG,27444
Image_2451,test/Image_2451.jpg,Image_2451.jpg,UNKNOWN_TEST,-1,224,224,3,JPEG,27012
Image_1585,test/Image_1585.jpg,Image_1585.jpg,UNKNOWN_TEST,-1,224,224,3,JPEG,22475
Image_1314,test/Image_1314.jpg,Image_1314.jpg,UNKNOWN_TEST,-1,224,224,3,JPEG,25350
Image_659,test/Image_659.jpg,Image_659.jpg,UNKNOWN_TEST,-1,224,224,3,JPEG,33598
Image_972,test/Image_972.jpg,Image_972.jpg,UNKNOWN_TEST,-1,224,224,3,JPEG,17463
Image_1847,test/Image_1847.jpg,Image_1847.jpg,UNKNOWN_TEST,-1,224,224,3,JPEG,17175
Image_987,test/Image_987.jpg,Image_987.jpg,UNKNOWN_TEST,-1,224,224,3,JPEG,24193
Image_604,test/Image_604.jpg,Image_604.jpg,UNKNOWN_TEST,-1,224,224,3,JPEG,27151
Image_1246,test/Image_1246.jpg,Image_1246.jpg,UNKNOWN_TEST,-1,224,224,3,JPEG,27150
Image_1481,test/Image_1481.jpg,Image_1481.jpg,UNKNOWN_TEST,-1,224,224,3,JPEG,21595
Image_497,test/Image_497.jpg,Image_497.jpg,UNKNOWN_TEST,-1,224,224,3,JPEG,23301
Image_2039,test/Image_2039.jpg,Image_2039.jpg,UNKNOWN_TEST,-1,224,224,3,JPEG,22034
Image_356,test/Image_356.jpg,Image_356.jpg,UNKNOWN_TEST,-1,224,224,3,JPEG,28345
Image_2013,test/Image_2013.jpg,Image_2013.jpg,UNKNOWN_TEST,-1,224,224,3,JPEG,25090
Image_2445,test/Image_2445.jpg,Image_2445.jpg,UNKNOWN_TEST,-1,224,224,3,JPEG,38574
Image_60,test/Image_60.jpg,Image_60.jpg,UNKNOWN_TEST,-1,224,224,3,JPEG,27039
Image_1230,test/Image_1230.jpg,Image_1230.jpg,UNKNOWN_TEST,-1,224,224,3,JPEG,20574
Image_2249,test/Image_2249.jpg,Image_2249.jpg,UNKNOWN_TEST,-1,224,224,3,JPEG,22139
Image_62,test/Image_62.jpg,Image_62.jpg,UNKNOWN_TEST,-1,224,224,3,JPEG,32167
Image_1959,test/Image_1959.jpg,Image_1959.jpg,UNKNOWN_TEST,-1,224,224,3,JPEG,21158
Image_478,test/Image_478.jpg,Image_478.jpg,UNKNOWN_TEST,-1,224,224,3,JPEG,22387
Image_1099,test/Image_1099.jpg,Image_1099.jpg,UNKNOWN_TEST,-1,224,224,3,JPEG,18507
Image_105,test/Image_105.jpg,Image_105.jpg,UNKNOWN_TEST,-1,224,224,3,JPEG,22645
Image_609,test/Image_609.jpg,Image_609.jpg,UNKNOWN_TEST,-1,224,224,3,JPEG,20215
Image_435,test/Image_435.jpg,Image_435.jpg,UNKNOWN_TEST,-1,224,224,3,JPEG,21848
Image_1783,test/Image_1783.jpg,Image_1783.jpg,UNKNOWN_TEST,-1,224,224,3,JPEG,30115
Image_2329,test/Image_2329.jpg,Image_2329.jpg,UNKNOWN_TEST,-1,224,224,3,JPEG,23713
Image_1577,test/Image_1577.jpg,Image_1577.jpg,UNKNOWN_TEST,-1,224,224,3,JPEG,26920
Image_2289,test/Image_2289.jpg,Image_2289.jpg,UNKNOWN_TEST,-1,224,224,3,JPEG,25736
Image_2771,test/Image_2771.jpg,Image_2771.jpg,UNKNOWN_TEST,-1,224,224,3,JPEG,20021
Image_2264,test/Image_2264.jpg,Image_2264.jpg,UNKNOWN_TEST,-1,224,224,3,JPEG,35550
Image_1961,test/Image_1961.jpg,Image_1961.jpg,UNKNOWN_TEST,-1,224,224,3,JPEG,20641
Image_350,test/Image_350.jpg,Image_350.jpg,UNKNOWN_TEST,-1,224,224,3,JPEG,22030
Image_2768,test/Image_2768.jpg,Image_2768.jpg,UNKNOWN_TEST,-1,224,224,3,JPEG,33752
Image_2273,test/Image_2273.jpg,Image_2273.jpg,UNKNOWN_TEST,-1,224,224,3,JPEG,26394
Image_2081,test/Image_2081.jpg,Image_2081.jpg,UNKNOWN_TEST,-1,224,224,3,JPEG,25481
Image_2190,test/Image_2190.jpg,Image_2190.jpg,UNKNOWN_TEST,-1,224,224,3,JPEG,26786
Image_2221,test/Image_2221.jpg,Image_2221.jpg,UNKNOWN_TEST,-1,224,224,3,JPEG,25987
Image_2425,test/Image_2425.jpg,Image_2425.jpg,UNKNOWN_TEST,-1,224,224,3,JPEG,28205
Image_1527,test/Image_1527.jpg,Image_1527.jpg,UNKNOWN_TEST,-1,224,224,3,JPEG,27852
Image_1267,test/Image_1267.jpg,Image_1267.jpg,UNKNOWN_TEST,-1,224,224,3,JPEG,19506
Image_374,test/Image_374.jpg,Image_374.jpg,UNKNOWN_TEST,-1,224,224,3,JPEG,27287
Image_1963,test/Image_1963.jpg,Image_1963.jpg,UNKNOWN_TEST,-1,224,224,3,JPEG,34616
Image_443,test/Image_443.jpg,Image_443.jpg,UNKNOWN_TEST,-1,224,224,3,JPEG,25845
Image_250,test/Image_250.jpg,Image_250.jpg,UNKNOWN_TEST,-1,224,224,3,JPEG,32287
Image_425,test/Image_425.jpg,Image_425.jpg,UNKNOWN_TEST,-1,224,224,3,JPEG,20485
Image_484,test/Image_484.jpg,Image_484.jpg,UNKNOWN_TEST,-1,224,224,3,JPEG,23035
Image_1506,test/Image_1506.jpg,Image_1506.jpg,UNKNOWN_TEST,-1,224,224,3,JPEG,26232
Image_1993,test/Image_1993.jpg,Image_1993.jpg,UNKNOWN_TEST,-1,224,224,3,JPEG,39435
Image_2079,test/Image_2079.jpg,Image_2079.jpg,UNKNOWN_TEST,-1,224,224,3,JPEG,27108
Image_2650,test/Image_2650.jpg,Image_2650.jpg,UNKNOWN_TEST,-1,224,224,3,JPEG,18527
Image_1656,test/Image_1656.jpg,Image_1656.jpg,UNKNOWN_TEST,-1,224,224,3,JPEG,22225
Image_826,test/Image_826.jpg,Image_826.jpg,UNKNOWN_TEST,-1,224,224,3,JPEG,38705
Image_219,test/Image_219.jpg,Image_219.jpg,UNKNOWN_TEST,-1,224,224,3,JPEG,23872
Image_1140,test/Image_1140.jpg,Image_1140.jpg,UNKNOWN_TEST,-1,224,224,3,JPEG,24298
Image_1171,test/Image_1171.jpg,Image_1171.jpg,UNKNOWN_TEST,-1,224,224,3,JPEG,20106
Image_1237,test/Image_1237.jpg,Image_1237.jpg,UNKNOWN_TEST,-1,224,224,3,JPEG,35990
Image_2060,test/Image_2060.jpg,Image_2060.jpg,UNKNOWN_TEST,-1,224,224,3,JPEG,22516
Image_1517,test/Image_1517.jpg,Image_1517.jpg,UNKNOWN_TEST,-1,224,224,3,JPEG,17825
Image_1704,test/Image_1704.jpg,Image_1704.jpg,UNKNOWN_TEST,-1,224,224,3,JPEG,31256
Image_1744,test/Image_1744.jpg,Image_1744.jpg,UNKNOWN_TEST,-1,224,224,3,JPEG,30887
Image_2219,test/Image_2219.jpg,Image_2219.jpg,UNKNOWN_TEST,-1,224,224,3,JPEG,32052
Image_2639,test/Image_2639.jpg,Image_2639.jpg,UNKNOWN_TEST,-1,224,224,3,JPEG,24964
Image_1774,test/Image_1774.jpg,Image_1774.jpg,UNKNOWN_TEST,-1,224,224,3,JPEG,33219
Image_983,test/Image_983.jpg,Image_983.jpg,UNKNOWN_TEST,-1,224,224,3,JPEG,25667
Image_1553,test/Image_1553.jpg,Image_1553.jpg,UNKNOWN_TEST,-1,224,224,3,JPEG,26946
Image_1503,test/Image_1503.jpg,Image_1503.jpg,UNKNOWN_TEST,-1,224,224,3,JPEG,30842
Image_2171,test/Image_2171.jpg,Image_2171.jpg,UNKNOWN_TEST,-1,224,224,3,JPEG,27875
Image_110,test/Image_110.jpg,Image_110.jpg,UNKNOWN_TEST,-1,224,224,3,JPEG,23491
Image_647,test/Image_647.jpg,Image_647.jpg,UNKNOWN_TEST,-1,224,224,3,JPEG,23893
Image_1575,test/Image_1575.jpg,Image_1575.jpg,UNKNOWN_TEST,-1,224,224,3,JPEG,21682
Image_730,test/Image_730.jpg,Image_730.jpg,UNKNOWN_TEST,-1,224,224,3,JPEG,20831
Image_1244,test/Image_1244.jpg,Image_1244.jpg,UNKNOWN_TEST,-1,224,224,3,JPEG,17845
Image_273,test/Image_273.jpg,Image_273.jpg,UNKNOWN_TEST,-1,224,224,3,JPEG,24736
Image_1384,test/Image_1384.jpg,Image_1384.jpg,UNKNOWN_TEST,-1,224,224,3,JPEG,16876
Image_2537,test/Image_2537.jpg,Image_2537.jpg,UNKNOWN_TEST,-1,224,224,3,JPEG,27659
Image_1906,test/Image_1906.jpg,Image_1906.jpg,UNKNOWN_TEST,-1,224,224,3,JPEG,27227
Image_482,test/Image_482.jpg,Image_482.jpg,UNKNOWN_TEST,-1,224,224,3,JPEG,30207
Image_849,test/Image_849.jpg,Image_849.jpg,UNKNOWN_TEST,-1,224,224,3,JPEG,25821
Image_851,test/Image_851.jpg,Image_851.jpg,UNKNOWN_TEST,-1,224,224,3,JPEG,23474
Image_1610,test/Image_1610.jpg,Image_1610.jpg,UNKNOWN_TEST,-1,224,224,3,JPEG,17813
Image_1026,test/Image_1026.jpg,Image_1026.jpg,UNKNOWN_TEST,-1,224,224,3,JPEG,24304
Image_1671,test/Image_1671.jpg,Image_1671.jpg,UNKNOWN_TEST,-1,224,224,3,JPEG,15759
Image_1512,test/Image_1512.jpg,Image_1512.jpg,UNKNOWN_TEST,-1,224,224,3,JPEG,20875
Image_73,test/Image_73.jpg,Image_73.jpg,UNKNOWN_TEST,-1,224,224,3,JPEG,28857
Image_1516,test/Image_1516.jpg,Image_1516.jpg,UNKNOWN_TEST,-1,224,224,3,JPEG,22891
Image_1809,test/Image_1809.jpg,Image_1809.jpg,UNKNOWN_TEST,-1,224,224,3,JPEG,31569
Image_2144,test/Image_2144.jpg,Image_2144.jpg,UNKNOWN_TEST,-1,224,224,3,JPEG,26984
Image_829,test/Image_829.jpg,Image_829.jpg,UNKNOWN_TEST,-1,224,224,3,JPEG,32714
Image_272,test/Image_272.jpg,Image_272.jpg,UNKNOWN_TEST,-1,224,224,3,JPEG,31819
Image_1609,test/Image_1609.jpg,Image_1609.jpg,UNKNOWN_TEST,-1,224,224,3,JPEG,31273
Image_927,test/Image_927.jpg,Image_927.jpg,UNKNOWN_TEST,-1,224,224,3,JPEG,26053
Image_657,test/Image_657.jpg,Image_657.jpg,UNKNOWN_TEST,-1,224,224,3,JPEG,21277
Image_2189,test/Image_2189.jpg,Image_2189.jpg,UNKNOWN_TEST,-1,224,224,3,JPEG,22786
Image_2024,test/Image_2024.jpg,Image_2024.jpg,UNKNOWN_TEST,-1,224,224,3,JPEG,25799
Image_470,test/Image_470.jpg,Image_470.jpg,UNKNOWN_TEST,-1,224,224,3,JPEG,24532
Image_433,test/Image_433.jpg,Image_433.jpg,UNKNOWN_TEST,-1,224,224,3,JPEG,20986
Image_1770,test/Image_1770.jpg,Image_1770.jpg,UNKNOWN_TEST,-1,224,224,3,JPEG,20379
Image_544,test/Image_544.jpg,Image_544.jpg,UNKNOWN_TEST,-1,224,224,3,JPEG,29136
Image_1177,test/Image_1177.jpg,Image_1177.jpg,UNKNOWN_TEST,-1,224,224,3,JPEG,16215
Image_248,test/Image_248.jpg,Image_248.jpg,UNKNOWN_TEST,-1,224,224,3,JPEG,17930
Image_1197,test/Image_1197.jpg,Image_1197.jpg,UNKNOWN_TEST,-1,224,224,3,JPEG,37524
Image_2552,test/Image_2552.jpg,Image_2552.jpg,UNKNOWN_TEST,-1,224,224,3,JPEG,37438
Image_1594,test/Image_1594.jpg,Image_1594.jpg,UNKNOWN_TEST,-1,224,224,3,JPEG,26513
Image_1586,test/Image_1586.jpg,Image_1586.jpg,UNKNOWN_TEST,-1,224,224,3,JPEG,31307
Image_499,test/Image_499.jpg,Image_499.jpg,UNKNOWN_TEST,-1,224,224,3,JPEG,37354
Image_2274,test/Image_2274.jpg,Image_2274.jpg,UNKNOWN_TEST,-1,224,224,3,JPEG,15021
Image_942,test/Image_942.jpg,Image_942.jpg,UNKNOWN_TEST,-1,224,224,3,JPEG,32279
Image_1602,test/Image_1602.jpg,Image_1602.jpg,UNKNOWN_TEST,-1,224,224,3,JPEG,23343
Image_1914,test/Image_1914.jpg,Image_1914.jpg,UNKNOWN_TEST,-1,224,224,3,JPEG,25458
Image_763,test/Image_763.jpg,Image_763.jpg,UNKNOWN_TEST,-1,224,224,3,JPEG,24339
Image_515,test/Image_515.jpg,Image_515.jpg,UNKNOWN_TEST,-1,224,224,3,JPEG,25188
Image_2087,test/Image_2087.jpg,Image_2087.jpg,UNKNOWN_TEST,-1,224,224,3,JPEG,27640
Image_502,test/Image_502.jpg,Image_502.jpg,UNKNOWN_TEST,-1,224,224,3,JPEG,23891
Image_679,test/Image_679.jpg,Image_679.jpg,UNKNOWN_TEST,-1,224,224,3,JPEG,16561
Image_1746,test/Image_1746.jpg,Image_1746.jpg,UNKNOWN_TEST,-1,224,224,3,JPEG,20527
Image_1055,test/Image_1055.jpg,Image_1055.jpg,UNKNOWN_TEST,-1,224,224,3,JPEG,27985
Image_240,test/Image_240.jpg,Image_240.jpg,UNKNOWN_TEST,-1,224,224,3,JPEG,24320
Image_2006,test/Image_2006.jpg,Image_2006.jpg,UNKNOWN_TEST,-1,224,224,3,JPEG,29680
Image_1226,test/Image_1226.jpg,Image_1226.jpg,UNKNOWN_TEST,-1,224,224,3,JPEG,23978
Image_1375,test/Image_1375.jpg,Image_1375.jpg,UNKNOWN_TEST,-1,224,224,3,JPEG,37507
Image_165,test/Image_165.jpg,Image_165.jpg,UNKNOWN_TEST,-1,224,224,3,JPEG,28368
Image_1560,test/Image_1560.jpg,Image_1560.jpg,UNKNOWN_TEST,-1,224,224,3,JPEG,25038
Image_1731,test/Image_1731.jpg,Image_1731.jpg,UNKNOWN_TEST,-1,224,224,3,JPEG,35069
Image_2357,test/Image_2357.jpg,Image_2357.jpg,UNKNOWN_TEST,-1,224,224,3,JPEG,26534
Image_893,test/Image_893.jpg,Image_893.jpg,UNKNOWN_TEST,-1,224,224,3,JPEG,24886
Image_2502,test/Image_2502.jpg,Image_2502.jpg,UNKNOWN_TEST,-1,224,224,3,JPEG,24850
Image_512,test/Image_512.jpg,Image_512.jpg,UNKNOWN_TEST,-1,224,224,3,JPEG,21850
Image_908,test/Image_908.jpg,Image_908.jpg,UNKNOWN_TEST,-1,224,224,3,JPEG,37873
Image_2500,test/Image_2500.jpg,Image_2500.jpg,UNKNOWN_TEST,-1,224,224,3,JPEG,37145
Image_606,test/Image_606.jpg,Image_606.jpg,UNKNOWN_TEST,-1,224,224,3,JPEG,25820
Image_1551,test/Image_1551.jpg,Image_1551.jpg,UNKNOWN_TEST,-1,224,224,3,JPEG,26218
Image_2750,test/Image_2750.jpg,Image_2750.jpg,UNKNOWN_TEST,-1,224,224,3,JPEG,31024
Image_1920,test/Image_1920.jpg,Image_1920.jpg,UNKNOWN_TEST,-1,224,224,3,JPEG,27443
Image_967,test/Image_967.jpg,Image_967.jpg,UNKNOWN_TEST,-1,224,224,3,JPEG,22363
Image_1306,test/Image_1306.jpg,Image_1306.jpg,UNKNOWN_TEST,-1,224,224,3,JPEG,25129
Image_728,test/Image_728.jpg,Image_728.jpg,UNKNOWN_TEST,-1,224,224,3,JPEG,20609
Image_2093,test/Image_2093.jpg,Image_2093.jpg,UNKNOWN_TEST,-1,224,224,3,JPEG,17941
Image_1059,test/Image_1059.jpg,Image_1059.jpg,UNKNOWN_TEST,-1,224,224,3,JPEG,32252
Image_2585,test/Image_2585.jpg,Image_2585.jpg,UNKNOWN_TEST,-1,224,224,3,JPEG,17913
Image_612,test/Image_612.jpg,Image_612.jpg,UNKNOWN_TEST,-1,224,224,3,JPEG,25637
Image_2237,test/Image_2237.jpg,Image_2237.jpg,UNKNOWN_TEST,-1,224,224,3,JPEG,27003
Image_1825,test/Image_1825.jpg,Image_1825.jpg,UNKNOWN_TEST,-1,224,224,3,JPEG,27909
Image_1223,test/Image_1223.jpg,Image_1223.jpg,UNKNOWN_TEST,-1,224,224,3,JPEG,21169
Image_811,test/Image_811.jpg,Image_811.jpg,UNKNOWN_TEST,-1,224,224,3,JPEG,23324
Image_1482,test/Image_1482.jpg,Image_1482.jpg,UNKNOWN_TEST,-1,224,224,3,JPEG,34009
Image_1714,test/Image_1714.jpg,Image_1714.jpg,UNKNOWN_TEST,-1,224,224,3,JPEG,24041
Image_1800,test/Image_1800.jpg,Image_1800.jpg,UNKNOWN_TEST,-1,224,224,3,JPEG,20630
Image_1793,test/Image_1793.jpg,Image_1793.jpg,UNKNOWN_TEST,-1,224,224,3,JPEG,23646
Image_1080,test/Image_1080.jpg,Image_1080.jpg,UNKNOWN_TEST,-1,224,224,3,JPEG,17269
Image_2004,test/Image_2004.jpg,Image_2004.jpg,UNKNOWN_TEST,-1,224,224,3,JPEG,31614
Image_1212,test/Image_1212.jpg,Image_1212.jpg,UNKNOWN_TEST,-1,224,224,3,JPEG,24132
Image_412,test/Image_412.jpg,Image_412.jpg,UNKNOWN_TEST,-1,224,224,3,JPEG,30475
Image_96,test/Image_96.jpg,Image_96.jpg,UNKNOWN_TEST,-1,224,224,3,JPEG,22761
Image_332,test/Image_332.jpg,Image_332.jpg,UNKNOWN_TEST,-1,224,224,3,JPEG,31926
Image_232,test/Image_232.jpg,Image_232.jpg,UNKNOWN_TEST,-1,224,224,3,JPEG,32529
Image_1070,test/Image_1070.jpg,Image_1070.jpg,UNKNOWN_TEST,-1,224,224,3,JPEG,30026
Image_2712,test/Image_2712.jpg,Image_2712.jpg,UNKNOWN_TEST,-1,224,224,3,JPEG,23751
Image_1634,test/Image_1634.jpg,Image_1634.jpg,UNKNOWN_TEST,-1,224,224,3,JPEG,27792
Image_2380,test/Image_2380.jpg,Image_2380.jpg,UNKNOWN_TEST,-1,224,224,3,JPEG,23683
Image_1383,test/Image_1383.jpg,Image_1383.jpg,UNKNOWN_TEST,-1,224,224,3,JPEG,36340
Image_209,test/Image_209.jpg,Image_209.jpg,UNKNOWN_TEST,-1,224,224,3,JPEG,20878
Image_2409,test/Image_2409.jpg,Image_2409.jpg,UNKNOWN_TEST,-1,224,224,3,JPEG,38615
Image_2707,test/Image_2707.jpg,Image_2707.jpg,UNKNOWN_TEST,-1,224,224,3,JPEG,29848
Image_567,test/Image_567.jpg,Image_567.jpg,UNKNOWN_TEST,-1,224,224,3,JPEG,24383
Image_1766,test/Image_1766.jpg,Image_1766.jpg,UNKNOWN_TEST,-1,224,224,3,JPEG,20412
Image_2136,test/Image_2136.jpg,Image_2136.jpg,UNKNOWN_TEST,-1,224,224,3,JPEG,26202
Image_534,test/Image_534.jpg,Image_534.jpg,UNKNOWN_TEST,-1,224,224,3,JPEG,34257
Image_2767,test/Image_2767.jpg,Image_2767.jpg,UNKNOWN_TEST,-1,224,224,3,JPEG,30125
Image_2226,test/Image_2226.jpg,Image_2226.jpg,UNKNOWN_TEST,-1,224,224,3,JPEG,19755
Image_61,test/Image_61.jpg,Image_61.jpg,UNKNOWN_TEST,-1,224,224,3,JPEG,24504
Image_1410,test/Image_1410.jpg,Image_1410.jpg,UNKNOWN_TEST,-1,224,224,3,JPEG,19375
Image_1025,train/Image_1025.jpg,Image_1025.jpg,SILVER SPOT SKIPPER,63,224,224,3,JPEG,32283
Image_994,train/Image_994.jpg,Image_994.jpg,BLUE MORPHO,10,224,224,3,JPEG,29999
Image_5642,train/Image_5642.jpg,Image_5642.jpg,QUESTION MARK,57,224,224,3,JPEG,35174
Image_142,train/Image_142.jpg,Image_142.jpg,PURPLE HAIRSTREAK,55,224,224,3,JPEG,21757
Image_1374,train/Image_1374.jpg,Image_1374.jpg,ZEBRA LONG WING,74,224,224,3,JPEG,23263
Image_2481,train/Image_2481.jpg,Image_2481.jpg,RED SPOTTED PURPLE,61,224,224,3,JPEG,27732
Image_4013,train/Image_4013.jpg,Image_4013.jpg,PIPEVINE SWALLOW,53,224,224,3,JPEG,20999
Image_3921,train/Image_3921.jpg,Image_3921.jpg,JULIA,37,224,224,3,JPEG,20844
Image_4711,train/Image_4711.jpg,Image_4711.jpg,TWO BARRED FLASHER,69,224,224,3,JPEG,25004
Image_1316,train/Image_1316.jpg,Image_1316.jpg,BANDED ORANGE HELICONIAN,6,224,224,3,JPEG,30212
Image_3507,train/Image_3507.jpg,Image_3507.jpg,ULYSES,70,224,224,3,JPEG,23089
Image_161,train/Image_161.jpg,Image_161.jpg,PEACOCK,51,224,224,3,JPEG,37460
Image_1282,train/Image_1282.jpg,Image_1282.jpg,COPPER TAIL,22,224,224,3,JPEG,26896
Image_3752,train/Image_3752.jpg,Image_3752.jpg,RED POSTMAN,60,224,224,3,JPEG,26548
Image_3408,train/Image_3408.jpg,Image_3408.jpg,MESTRA,41,224,224,3,JPEG,14045
Image_424,train/Image_424.jpg,Image_424.jpg,EASTERN PINE ELFIN,28,224,224,3,JPEG,20244
Image_1555,train/Image_1555.jpg,Image_1555.jpg,POPINJAY,54,224,224,3,JPEG,20190
Image_3920,train/Image_3920.jpg,Image_3920.jpg,COMMON WOOD-NYMPH,21,224,224,3,JPEG,25342
Image_3730,train/Image_3730.jpg,Image_3730.jpg,COMMON BANDED AWL,20,224,224,3,JPEG,19958
Image_5233,train/Image_5233.jpg,Image_5233.jpg,CABBAGE WHITE,13,224,224,3,JPEG,17626
Image_2438,train/Image_2438.jpg,Image_2438.jpg,ORCHARD SWALLOW,48,224,224,3,JPEG,25025
Image_2531,train/Image_2531.jpg,Image_2531.jpg,IPHICLUS SISTER,36,224,224,3,JPEG,22106
Image_4098,train/Image_4098.jpg,Image_4098.jpg,PURPLISH COPPER,56,224,224,3,JPEG,20625
Image_2813,train/Image_2813.jpg,Image_2813.jpg,IPHICLUS SISTER,36,224,224,3,JPEG,23937
Image_3296,train/Image_3296.jpg,Image_3296.jpg,ZEBRA LONG WING,74,224,224,3,JPEG,24650
Image_722,train/Image_722.jpg,Image_722.jpg,POPINJAY,54,224,224,3,JPEG,32465
Image_6401,train/Image_6401.jpg,Image_6401.jpg,CLODIUS PARNASSIAN,18,224,224,3,JPEG,23684
Image_668,train/Image_668.jpg,Image_668.jpg,COMMON WOOD-NYMPH,21,224,224,3,JPEG,38893
Image_2339,train/Image_2339.jpg,Image_2339.jpg,GREAT EGGFLY,31,224,224,3,JPEG,36339
Image_4082,train/Image_4082.jpg,Image_4082.jpg,CRIMSON PATCH,24,224,224,3,JPEG,28370
Image_3349,train/Image_3349.jpg,Image_3349.jpg,APPOLLO,4,224,224,3,JPEG,16790
Image_5711,train/Image_5711.jpg,Image_5711.jpg,MOURNING CLOAK,45,224,224,3,JPEG,31753
Image_306,train/Image_306.jpg,Image_306.jpg,ORCHARD SWALLOW,48,224,224,3,JPEG,20786
Image_4742,train/Image_4742.jpg,Image_4742.jpg,SLEEPY ORANGE,64,224,224,3,JPEG,24974
Image_5260,train/Image_5260.jpg,Image_5260.jpg,RED POSTMAN,60,224,224,3,JPEG,28774
Image_3310,train/Image_3310.jpg,Image_3310.jpg,EASTERN DAPPLE WHITE,27,224,224,3,JPEG,19539
Image_3278,train/Image_3278.jpg,Image_3278.jpg,PAINTED LADY,49,224,224,3,JPEG,22303
Image_2979,train/Image_2979.jpg,Image_2979.jpg,RED ADMIRAL,58,224,224,3,JPEG,30063
Image_3541,train/Image_3541.jpg,Image_3541.jpg,PURPLISH COPPER,56,224,224,3,JPEG,19011
Image_5371,train/Image_5371.jpg,Image_5371.jpg,SCARCE SWALLOW,62,224,224,3,JPEG,17341
Image_354,train/Image_354.jpg,Image_354.jpg,CABBAGE WHITE,13,224,224,3,JPEG,28109
Image_6177,train/Image_6177.jpg,Image_6177.jpg,BLACK HAIRSTREAK,9,224,224,3,JPEG,18829
Image_1357,train/Image_1357.jpg,Image_1357.jpg,PURPLISH COPPER,56,224,224,3,JPEG,29619
Image_1897,train/Image_1897.jpg,Image_1897.jpg,PIPEVINE SWALLOW,53,224,224,3,JPEG,27249
Image_1284,train/Image_1284.jpg,Image_1284.jpg,STRAITED QUEEN,67,224,224,3,JPEG,33055
Image_1042,train/Image_1042.jpg,Image_1042.jpg,SCARCE SWALLOW,62,224,224,3,JPEG,34630
Image_1208,train/Image_1208.jpg,Image_1208.jpg,RED ADMIRAL,58,224,224,3,JPEG,28611
Image_866,train/Image_866.jpg,Image_866.jpg,RED CRACKER,59,224,224,3,JPEG,27930
Image_6088,train/Image_6088.jpg,Image_6088.jpg,ATALA,5,224,224,3,JPEG,16240
Image_2757,train/Image_2757.jpg,Image_2757.jpg,YELLOW SWALLOW TAIL,73,224,224,3,JPEG,32785
Image_3072,train/Image_3072.jpg,Image_3072.jpg,PAINTED LADY,49,224,224,3,JPEG,35245
Image_1002,train/Image_1002.jpg,Image_1002.jpg,CRECENT,23,224,224,3,JPEG,24386
Image_169,train/Image_169.jpg,Image_169.jpg,MESTRA,41,224,224,3,JPEG,22295
Image_4429,train/Image_4429.jpg,Image_4429.jpg,RED ADMIRAL,58,224,224,3,JPEG,30046
Image_3538,train/Image_3538.jpg,Image_3538.jpg,AFRICAN GIANT SWALLOWTAIL,1,224,224,3,JPEG,25469
Image_5741,train/Image_5741.jpg,Image_5741.jpg,CLOUDED SULPHUR,19,224,224,3,JPEG,24232
Image_2923,train/Image_2923.jpg,Image_2923.jpg,WOOD SATYR,72,224,224,3,JPEG,27640
Image_3848,train/Image_3848.jpg,Image_3848.jpg,SCARCE SWALLOW,62,224,224,3,JPEG,28855
Image_856,train/Image_856.jpg,Image_856.jpg,GREAT JAY,32,224,224,3,JPEG,22871
Image_795,train/Image_795.jpg,Image_795.jpg,EASTERN COMA,26,224,224,3,JPEG,34715
Image_3705,train/Image_3705.jpg,Image_3705.jpg,POPINJAY,54,224,224,3,JPEG,34459
Image_3006,train/Image_3006.jpg,Image_3006.jpg,MESTRA,41,224,224,3,JPEG,20093
Image_5218,train/Image_5218.jpg,Image_5218.jpg,BANDED PEACOCK,7,224,224,3,JPEG,21710
Image_6497,train/Image_6497.jpg,Image_6497.jpg,APPOLLO,4,224,224,3,JPEG,16881
Image_2624,train/Image_2624.jpg,Image_2624.jpg,RED POSTMAN,60,224,224,3,JPEG,21405
Image_6441,train/Image_6441.jpg,Image_6441.jpg,YELLOW SWALLOW TAIL,73,224,224,3,JPEG,28482
Image_2619,train/Image_2619.jpg,Image_2619.jpg,BROWN SIPROETA,12,224,224,3,JPEG,19415
Image_2419,train/Image_2419.jpg,Image_2419.jpg,RED ADMIRAL,58,224,224,3,JPEG,32758
Image_1061,train/Image_1061.jpg,Image_1061.jpg,MANGROVE SKIPPER,40,224,224,3,JPEG,28463
Image_4146,train/Image_4146.jpg,Image_4146.jpg,SILVER SPOT SKIPPER,63,224,224,3,JPEG,17005
Image_4927,train/Image_4927.jpg,Image_4927.jpg,SOUTHERN DOGFACE,66,224,224,3,JPEG,23538
Image_1765,train/Image_1765.jpg,Image_1765.jpg,ZEBRA LONG WING,74,224,224,3,JPEG,29108
Image_3338,train/Image_3338.jpg,Image_3338.jpg,RED POSTMAN,60,224,224,3,JPEG,22244
Image_3231,train/Image_3231.jpg,Image_3231.jpg,APPOLLO,4,224,224,3,JPEG,24871
Image_3933,train/Image_3933.jpg,Image_3933.jpg,ULYSES,70,224,224,3,JPEG,27615
Image_1837,train/Image_1837.jpg,Image_1837.jpg,AN 88,3,224,224,3,JPEG,24838
Image_958,train/Image_958.jpg,Image_958.jpg,CAIRNS BIRDWING,14,224,224,3,JPEG,23362
Image_2948,train/Image_2948.jpg,Image_2948.jpg,PAPER KITE,50,224,224,3,JPEG,30756
Image_3710,train/Image_3710.jpg,Image_3710.jpg,CLEOPATRA,17,224,224,3,JPEG,27374
Image_3289,train/Image_3289.jpg,Image_3289.jpg,APPOLLO,4,224,224,3,JPEG,20009
Image_4906,train/Image_4906.jpg,Image_4906.jpg,SILVER SPOT SKIPPER,63,224,224,3,JPEG,25950
Image_3823,train/Image_3823.jpg,Image_3823.jpg,ATALA,5,224,224,3,JPEG,25108
Image_2496,train/Image_2496.jpg,Image_2496.jpg,SCARCE SWALLOW,62,224,224,3,JPEG,24299
Image_6179,train/Image_6179.jpg,Image_6179.jpg,BANDED ORANGE HELICONIAN,6,224,224,3,JPEG,25714
Image_2958,train/Image_2958.jpg,Image_2958.jpg,PAINTED LADY,49,224,224,3,JPEG,26175
Image_2197,train/Image_2197.jpg,Image_2197.jpg,MOURNING CLOAK,45,224,224,3,JPEG,33517
Image_1138,train/Image_1138.jpg,Image_1138.jpg,GREAT JAY,32,224,224,3,JPEG,20885
Image_1510,train/Image_1510.jpg,Image_1510.jpg,GREY HAIRSTREAK,34,224,224,3,JPEG,26534
Image_5596,train/Image_5596.jpg,Image_5596.jpg,PAINTED LADY,49,224,224,3,JPEG,31099
Image_1186,train/Image_1186.jpg,Image_1186.jpg,MONARCH,44,224,224,3,JPEG,27862
Image_6199,train/Image_6199.jpg,Image_6199.jpg,WOOD SATYR,72,224,224,3,JPEG,33244
Image_2997,train/Image_2997.jpg,Image_2997.jpg,POPINJAY,54,224,224,3,JPEG,30821
Image_2378,train/Image_2378.jpg,Image_2378.jpg,APPOLLO,4,224,224,3,JPEG,38407
Image_3260,train/Image_3260.jpg,Image_3260.jpg,PINE WHITE,52,224,224,3,JPEG,25068
Image_821,train/Image_821.jpg,Image_821.jpg,GREEN CELLED CATTLEHEART,33,224,224,3,JPEG,21630
Image_2788,train/Image_2788.jpg,Image_2788.jpg,PAINTED LADY,49,224,224,3,JPEG,23969
Image_1854,train/Image_1854.jpg,Image_1854.jpg,ZEBRA LONG WING,74,224,224,3,JPEG,22625
Image_4560,train/Image_4560.jpg,Image_4560.jpg,METALMARK,42,224,224,3,JPEG,24858
Image_4453,train/Image_4453.jpg,Image_4453.jpg,MOURNING CLOAK,45,224,224,3,JPEG,26520
Image_4201,train/Image_4201.jpg,Image_4201.jpg,ORANGE TIP,47,224,224,3,JPEG,19942
Image_2391,train/Image_2391.jpg,Image_2391.jpg,BLACK HAIRSTREAK,9,224,224,3,JPEG,23671
Image_1499,train/Image_1499.jpg,Image_1499.jpg,QUESTION MARK,57,224,224,3,JPEG,22296
Image_5247,train/Image_5247.jpg,Image_5247.jpg,EASTERN PINE ELFIN,28,224,224,3,JPEG,32863
Image_5044,train/Image_5044.jpg,Image_5044.jpg,AN 88,3,224,224,3,JPEG,24531
Image_4699,train/Image_4699.jpg,Image_4699.jpg,MILBERTS TORTOISESHELL,43,224,224,3,JPEG,31888
Image_5487,train/Image_5487.jpg,Image_5487.jpg,SLEEPY ORANGE,64,224,224,3,JPEG,24088
Image_312,train/Image_312.jpg,Image_312.jpg,DANAID EGGFLY,25,224,224,3,JPEG,20343
Image_4600,train/Image_4600.jpg,Image_4600.jpg,BLACK HAIRSTREAK,9,224,224,3,JPEG,30199
Image_5907,train/Image_5907.jpg,Image_5907.jpg,MALACHITE,39,224,224,3,JPEG,34151
Image_1467,train/Image_1467.jpg,Image_1467.jpg,ORANGE TIP,47,224,224,3,JPEG,15369
Image_4713,train/Image_4713.jpg,Image_4713.jpg,GREEN CELLED CATTLEHEART,33,224,224,3,JPEG,23138
Image_3798,train/Image_3798.jpg,Image_3798.jpg,PEACOCK,51,224,224,3,JPEG,26963
Image_985,train/Image_985.jpg,Image_985.jpg,CHECQUERED SKIPPER,15,224,224,3,JPEG,30337
Image_1536,train/Image_1536.jpg,Image_1536.jpg,LARGE MARBLE,38,224,224,3,JPEG,27210
Image_4831,train/Image_4831.jpg,Image_4831.jpg,CLOUDED SULPHUR,19,224,224,3,JPEG,26258
Image_322,train/Image_322.jpg,Image_322.jpg,GREEN CELLED CATTLEHEART,33,224,224,3,JPEG,30615
Image_5619,train/Image_5619.jpg,Image_5619.jpg,BLUE SPOTTED CROW,11,224,224,3,JPEG,17288
Image_2043,train/Image_2043.jpg,Image_2043.jpg,APPOLLO,4,224,224,3,JPEG,37560
Image_5332,train/Image_5332.jpg,Image_5332.jpg,MONARCH,44,224,224,3,JPEG,29117
Image_776,train/Image_776.jpg,Image_776.jpg,CLOUDED SULPHUR,19,224,224,3,JPEG,21931
Image_417,train/Image_417.jpg,Image_417.jpg,APPOLLO,4,224,224,3,JPEG,18987
Image_2404,train/Image_2404.jpg,Image_2404.jpg,WOOD SATYR,72,224,224,3,JPEG,33656
Image_1639,train/Image_1639.jpg,Image_1639.jpg,MANGROVE SKIPPER,40,224,224,3,JPEG,18345
Image_6080,train/Image_6080.jpg,Image_6080.jpg,ORANGE OAKLEAF,46,224,224,3,JPEG,35122
Image_3001,train/Image_3001.jpg,Image_3001.jpg,EASTERN PINE ELFIN,28,224,224,3,JPEG,25420
Image_3795,train/Image_3795.jpg,Image_3795.jpg,GREAT JAY,32,224,224,3,JPEG,25583
Image_4523,train/Image_4523.jpg,Image_4523.jpg,YELLOW SWALLOW TAIL,73,224,224,3,JPEG,31260
Image_2063,train/Image_2063.jpg,Image_2063.jpg,CHESTNUT,16,224,224,3,JPEG,36710
Image_4213,train/Image_4213.jpg,Image_4213.jpg,MANGROVE SKIPPER,40,224,224,3,JPEG,21017
Image_1635,train/Image_1635.jpg,Image_1635.jpg,COMMON WOOD-NYMPH,21,224,224,3,JPEG,32007
Image_136,train/Image_136.jpg,Image_136.jpg,CABBAGE WHITE,13,224,224,3,JPEG,22994
Image_1302,train/Image_1302.jpg,Image_1302.jpg,PEACOCK,51,224,224,3,JPEG,30224
Image_2558,train/Image_2558.jpg,Image_2558.jpg,EASTERN PINE ELFIN,28,224,224,3,JPEG,33040
Image_2726,train/Image_2726.jpg,Image_2726.jpg,CRECENT,23,224,224,3,JPEG,33392
Image_2307,train/Image_2307.jpg,Image_2307.jpg,BECKERS WHITE,8,224,224,3,JPEG,22939
Image_6155,train/Image_6155.jpg,Image_6155.jpg,PURPLE HAIRSTREAK,55,224,224,3,JPEG,21770
Image_3299,train/Image_3299.jpg,Image_3299.jpg,ATALA,5,224,224,3,JPEG,17904
Image_508,train/Image_508.jpg,Image_508.jpg,METALMARK,42,224,224,3,JPEG,38757
Image_5466,train/Image_5466.jpg,Image_5466.jpg,METALMARK,42,224,224,3,JPEG,19867
Image_5455,train/Image_5455.jpg,Image_5455.jpg,COMMON WOOD-NYMPH,21,224,224,3,JPEG,27915
Image_6210,train/Image_6210.jpg,Image_6210.jpg,PIPEVINE SWALLOW,53,224,224,3,JPEG,27130
Image_3076,train/Image_3076.jpg,Image_3076.jpg,BECKERS WHITE,8,224,224,3,JPEG,29376
Image_505,train/Image_505.jpg,Image_505.jpg,BLACK HAIRSTREAK,9,224,224,3,JPEG,21834
Image_3382,train/Image_3382.jpg,Image_3382.jpg,YELLOW SWALLOW TAIL,73,224,224,3,JPEG,22852
Image_6385,train/Image_6385.jpg,Image_6385.jpg,PEACOCK,51,224,224,3,JPEG,25768
Image_324,train/Image_324.jpg,Image_324.jpg,BLUE MORPHO,10,224,224,3,JPEG,17126
Image_2263,train/Image_2263.jpg,Image_2263.jpg,AN 88,3,224,224,3,JPEG,26248
Image_2705,train/Image_2705.jpg,Image_2705.jpg,SOUTHERN DOGFACE,66,224,224,3,JPEG,24675
Image_5191,train/Image_5191.jpg,Image_5191.jpg,BLUE SPOTTED CROW,11,224,224,3,JPEG,20300
Image_3759,train/Image_3759.jpg,Image_3759.jpg,BLUE MORPHO,10,224,224,3,JPEG,27392
Image_3731,train/Image_3731.jpg,Image_3731.jpg,MOURNING CLOAK,45,224,224,3,JPEG,22686
Image_1534,train/Image_1534.jpg,Image_1534.jpg,RED POSTMAN,60,224,224,3,JPEG,19291
Image_6461,train/Image_6461.jpg,Image_6461.jpg,SOUTHERN DOGFACE,66,224,224,3,JPEG,25256
Image_861,train/Image_861.jpg,Image_861.jpg,MILBERTS TORTOISESHELL,43,224,224,3,JPEG,37363
Image_4988,train/Image_4988.jpg,Image_4988.jpg,ELBOWED PIERROT,29,224,224,3,JPEG,25131
Image_336,train/Image_336.jpg,Image_336.jpg,EASTERN COMA,26,224,224,3,JPEG,29192
Image_4109,train/Image_4109.jpg,Image_4109.jpg,COMMON WOOD-NYMPH,21,224,224,3,JPEG,25199
Image_5717,train/Image_5717.jpg,Image_5717.jpg,PAPER KITE,50,224,224,3,JPEG,29556
Image_5860,train/Image_5860.jpg,Image_5860.jpg,CLEOPATRA,17,224,224,3,JPEG,19885
Image_3246,train/Image_3246.jpg,Image_3246.jpg,ELBOWED PIERROT,29,224,224,3,JPEG,26637
Image_2429,train/Image_2429.jpg,Image_2429.jpg,RED ADMIRAL,58,224,224,3,JPEG,25348
Image_2780,train/Image_2780.jpg,Image_2780.jpg,PINE WHITE,52,224,224,3,JPEG,22589
Image_5992,train/Image_5992.jpg,Image_5992.jpg,SLEEPY ORANGE,64,224,224,3,JPEG,30489
Image_3254,train/Image_3254.jpg,Image_3254.jpg,CRIMSON PATCH,24,224,224,3,JPEG,28932
Image_2703,train/Image_2703.jpg,Image_2703.jpg,MOURNING CLOAK,45,224,224,3,JPEG,39714
Image_2927,train/Image_2927.jpg,Image_2927.jpg,SOOTYWING,65,224,224,3,JPEG,17939
Image_4252,train/Image_4252.jpg,Image_4252.jpg,CRECENT,23,224,224,3,JPEG,28370
Image_4435,train/Image_4435.jpg,Image_4435.jpg,TROPICAL LEAFWING,68,224,224,3,JPEG,23659
Image_5458,train/Image_5458.jpg,Image_5458.jpg,BLACK HAIRSTREAK,9,224,224,3,JPEG,30968
Image_5885,train/Image_5885.jpg,Image_5885.jpg,COPPER TAIL,22,224,224,3,JPEG,26050
Image_1431,train/Image_1431.jpg,Image_1431.jpg,MOURNING CLOAK,45,224,224,3,JPEG,33953
Image_1479,train/Image_1479.jpg,Image_1479.jpg,METALMARK,42,224,224,3,JPEG,31720
Image_1285,train/Image_1285.jpg,Image_1285.jpg,CAIRNS BIRDWING,14,224,224,3,JPEG,27260
Image_4974,train/Image_4974.jpg,Image_4974.jpg,METALMARK,42,224,224,3,JPEG,22729
Image_158,train/Image_158.jpg,Image_158.jpg,WOOD SATYR,72,224,224,3,JPEG,29064
Image_251,train/Image_251.jpg,Image_251.jpg,MOURNING CLOAK,45,224,224,3,JPEG,43054
Image_1822,train/Image_1822.jpg,Image_1822.jpg,BLUE MORPHO,10,224,224,3,JPEG,28115
Image_2752,train/Image_2752.jpg,Image_2752.jpg,IPHICLUS SISTER,36,224,224,3,JPEG,19337
Image_944,train/Image_944.jpg,Image_944.jpg,CLODIUS PARNASSIAN,18,224,224,3,JPEG,26014
Image_6365,train/Image_6365.jpg,Image_6365.jpg,CLEOPATRA,17,224,224,3,JPEG,22726
Image_4994,train/Image_4994.jpg,Image_4994.jpg,METALMARK,42,224,224,3,JPEG,37577
Image_1772,train/Image_1772.jpg,Image_1772.jpg,ADONIS,0,224,224,3,JPEG,24360
Image_4967,train/Image_4967.jpg,Image_4967.jpg,GREY HAIRSTREAK,34,224,224,3,JPEG,22348
Image_4099,train/Image_4099.jpg,Image_4099.jpg,BLUE SPOTTED CROW,11,224,224,3,JPEG,25220
Image_5490,train/Image_5490.jpg,Image_5490.jpg,DANAID EGGFLY,25,224,224,3,JPEG,18958
Image_6152,train/Image_6152.jpg,Image_6152.jpg,INDRA SWALLOW,35,224,224,3,JPEG,24704
Image_3773,train/Image_3773.jpg,Image_3773.jpg,CLEOPATRA,17,224,224,3,JPEG,21616
Image_3989,train/Image_3989.jpg,Image_3989.jpg,AMERICAN SNOOT,2,224,224,3,JPEG,35789
Image_5008,train/Image_5008.jpg,Image_5008.jpg,CAIRNS BIRDWING,14,224,224,3,JPEG,26188
Image_4305,train/Image_4305.jpg,Image_4305.jpg,STRAITED QUEEN,67,224,224,3,JPEG,32372
Image_6322,train/Image_6322.jpg,Image_6322.jpg,ATALA,5,224,224,3,JPEG,30788
Image_6480,train/Image_6480.jpg,Image_6480.jpg,CHESTNUT,16,224,224,3,JPEG,25454
Image_4534,train/Image_4534.jpg,Image_4534.jpg,COMMON WOOD-NYMPH,21,224,224,3,JPEG,32642
Image_5052,train/Image_5052.jpg,Image_5052.jpg,GOLD BANDED,30,224,224,3,JPEG,19190
Image_3858,train/Image_3858.jpg,Image_3858.jpg,QUESTION MARK,57,224,224,3,JPEG,25023
Image_4158,train/Image_4158.jpg,Image_4158.jpg,STRAITED QUEEN,67,224,224,3,JPEG,26001
Image_5666,train/Image_5666.jpg,Image_5666.jpg,BANDED PEACOCK,7,224,224,3,JPEG,28780
Image_5532,train/Image_5532.jpg,Image_5532.jpg,CRIMSON PATCH,24,224,224,3,JPEG,22573
Image_4007,train/Image_4007.jpg,Image_4007.jpg,MESTRA,41,224,224,3,JPEG,17626
Image_2673,train/Image_2673.jpg,Image_2673.jpg,SCARCE SWALLOW,62,224,224,3,JPEG,26768
Image_663,train/Image_663.jpg,Image_663.jpg,BLUE MORPHO,10,224,224,3,JPEG,17845
Image_335,train/Image_335.jpg,Image_335.jpg,AMERICAN SNOOT,2,224,224,3,JPEG,24873
Image_1386,train/Image_1386.jpg,Image_1386.jpg,PURPLISH COPPER,56,224,224,3,JPEG,22767
Image_91,train/Image_91.jpg,Image_91.jpg,PIPEVINE SWALLOW,53,224,224,3,JPEG,21712
Image_3765,train/Image_3765.jpg,Image_3765.jpg,EASTERN PINE ELFIN,28,224,224,3,JPEG,27904
Image_6338,train/Image_6338.jpg,Image_6338.jpg,BLACK HAIRSTREAK,9,224,224,3,JPEG,27081
Image_5629,train/Image_5629.jpg,Image_5629.jpg,COPPER TAIL,22,224,224,3,JPEG,34394
Image_216,train/Image_216.jpg,Image_216.jpg,COMMON BANDED AWL,20,224,224,3,JPEG,23188
Image_2120,train/Image_2120.jpg,Image_2120.jpg,EASTERN DAPPLE WHITE,27,224,224,3,JPEG,18431
Image_280,train/Image_280.jpg,Image_280.jpg,ADONIS,0,224,224,3,JPEG,27544
Image_2432,train/Image_2432.jpg,Image_2432.jpg,PIPEVINE SWALLOW,53,224,224,3,JPEG,24683
Image_1986,train/Image_1986.jpg,Image_1986.jpg,BLUE MORPHO,10,224,224,3,JPEG,21385
Image_3862,train/Image_3862.jpg,Image_3862.jpg,ORANGE TIP,47,224,224,3,JPEG,20472
Image_4807,train/Image_4807.jpg,Image_4807.jpg,SLEEPY ORANGE,64,224,224,3,JPEG,29919
Image_5908,train/Image_5908.jpg,Image_5908.jpg,ORCHARD SWALLOW,48,224,224,3,JPEG,26769
Image_138,train/Image_138.jpg,Image_138.jpg,METALMARK,42,224,224,3,JPEG,23973
Image_2568,train/Image_2568.jpg,Image_2568.jpg,ULYSES,70,224,224,3,JPEG,31515
Image_5182,train/Image_5182.jpg,Image_5182.jpg,LARGE MARBLE,38,224,224,3,JPEG,26111
Image_828,train/Image_828.jpg,Image_828.jpg,BANDED ORANGE HELICONIAN,6,224,224,3,JPEG,26845
Image_3615,train/Image_3615.jpg,Image_3615.jpg,PURPLE HAIRSTREAK,55,224,224,3,JPEG,30971
Image_2450,train/Image_2450.jpg,Image_2450.jpg,IPHICLUS SISTER,36,224,224,3,JPEG,25810
Image_1179,train/Image_1179.jpg,Image_1179.jpg,BECKERS WHITE,8,224,224,3,JPEG,29990
Image_853,train/Image_853.jpg,Image_853.jpg,POPINJAY,54,224,224,3,JPEG,26429
Image_4496,train/Image_4496.jpg,Image_4496.jpg,PAPER KITE,50,224,224,3,JPEG,32619
Image_4894,train/Image_4894.jpg,Image_4894.jpg,BROWN SIPROETA,12,224,224,3,JPEG,24299
Image_4313,train/Image_4313.jpg,Image_4313.jpg,MESTRA,41,224,224,3,JPEG,21394
Image_260,train/Image_260.jpg,Image_260.jpg,CAIRNS BIRDWING,14,224,224,3,JPEG,24176
Image_1232,train/Image_1232.jpg,Image_1232.jpg,EASTERN COMA,26,224,224,3,JPEG,25012
Image_2841,train/Image_2841.jpg,Image_2841.jpg,QUESTION MARK,57,224,224,3,JPEG,29316
Image_3116,train/Image_3116.jpg,Image_3116.jpg,GREY HAIRSTREAK,34,224,224,3,JPEG,22654
Image_2540,train/Image_2540.jpg,Image_2540.jpg,MILBERTS TORTOISESHELL,43,224,224,3,JPEG,28251
Image_77,train/Image_77.jpg,Image_77.jpg,QUESTION MARK,57,224,224,3,JPEG,22359
Image_6007,train/Image_6007.jpg,Image_6007.jpg,GREY HAIRSTREAK,34,224,224,3,JPEG,17463
Image_2507,train/Image_2507.jpg,Image_2507.jpg,COMMON WOOD-NYMPH,21,224,224,3,JPEG,29211
Image_3037,train/Image_3037.jpg,Image_3037.jpg,GREY HAIRSTREAK,34,224,224,3,JPEG,19841
Image_1229,train/Image_1229.jpg,Image_1229.jpg,CLOUDED SULPHUR,19,224,224,3,JPEG,25474
Image_3141,train/Image_3141.jpg,Image_3141.jpg,ADONIS,0,224,224,3,JPEG,30745
Image_6284,train/Image_6284.jpg,Image_6284.jpg,ORANGE TIP,47,224,224,3,JPEG,16995
Image_635,train/Image_635.jpg,Image_635.jpg,COPPER TAIL,22,224,224,3,JPEG,27741
Image_1755,train/Image_1755.jpg,Image_1755.jpg,CRIMSON PATCH,24,224,224,3,JPEG,28239
Image_6127,train/Image_6127.jpg,Image_6127.jpg,GREAT EGGFLY,31,224,224,3,JPEG,28592
Image_924,train/Image_924.jpg,Image_924.jpg,GREEN CELLED CATTLEHEART,33,224,224,3,JPEG,25270
Image_709,train/Image_709.jpg,Image_709.jpg,VICEROY,71,224,224,3,JPEG,26035
Image_4502,train/Image_4502.jpg,Image_4502.jpg,BLUE MORPHO,10,224,224,3,JPEG,28980
Image_573,train/Image_573.jpg,Image_573.jpg,METALMARK,42,224,224,3,JPEG,25057
Image_2054,train/Image_2054.jpg,Image_2054.jpg,LARGE MARBLE,38,224,224,3,JPEG,17597
Image_1668,train/Image_1668.jpg,Image_1668.jpg,EASTERN PINE ELFIN,28,224,224,3,JPEG,31989
Image_2898,train/Image_2898.jpg,Image_2898.jpg,PIPEVINE SWALLOW,53,224,224,3,JPEG,24074
Image_2922,train/Image_2922.jpg,Image_2922.jpg,QUESTION MARK,57,224,224,3,JPEG,26808
Image_1119,train/Image_1119.jpg,Image_1119.jpg,PURPLE HAIRSTREAK,55,224,224,3,JPEG,25797
Image_1931,train/Image_1931.jpg,Image_1931.jpg,PURPLE HAIRSTREAK,55,224,224,3,JPEG,25565
Image_1738,train/Image_1738.jpg,Image_1738.jpg,GREAT JAY,32,224,224,3,JPEG,18766
Image_6233,train/Image_6233.jpg,Image_6233.jpg,CRECENT,23,224,224,3,JPEG,29741
Image_1739,train/Image_1739.jpg,Image_1739.jpg,CRIMSON PATCH,24,224,224,3,JPEG,23704
Image_4293,train/Image_4293.jpg,Image_4293.jpg,ADONIS,0,224,224,3,JPEG,20036
Image_5041,train/Image_5041.jpg,Image_5041.jpg,MILBERTS TORTOISESHELL,43,224,224,3,JPEG,32617
Image_4462,train/Image_4462.jpg,Image_4462.jpg,MESTRA,41,224,224,3,JPEG,25064
Image_2098,train/Image_2098.jpg,Image_2098.jpg,CRECENT,23,224,224,3,JPEG,22374
Image_4941,train/Image_4941.jpg,Image_4941.jpg,CAIRNS BIRDWING,14,224,224,3,JPEG,25887
Image_1810,train/Image_1810.jpg,Image_1810.jpg,GOLD BANDED,30,224,224,3,JPEG,25353
Image_3915,train/Image_3915.jpg,Image_3915.jpg,SILVER SPOT SKIPPER,63,224,224,3,JPEG,26265
Image_5820,train/Image_5820.jpg,Image_5820.jpg,PINE WHITE,52,224,224,3,JPEG,24993
Image_2837,train/Image_2837.jpg,Image_2837.jpg,BLUE MORPHO,10,224,224,3,JPEG,31905
Image_3919,train/Image_3919.jpg,Image_3919.jpg,EASTERN PINE ELFIN,28,224,224,3,JPEG,22151
Image_4192,train/Image_4192.jpg,Image_4192.jpg,ATALA,5,224,224,3,JPEG,28294
Image_526,train/Image_526.jpg,Image_526.jpg,GREEN CELLED CATTLEHEART,33,224,224,3,JPEG,13167
Image_4164,train/Image_4164.jpg,Image_4164.jpg,CLODIUS PARNASSIAN,18,224,224,3,JPEG,25985
Image_5275,train/Image_5275.jpg,Image_5275.jpg,GREY HAIRSTREAK,34,224,224,3,JPEG,22265
Image_4075,train/Image_4075.jpg,Image_4075.jpg,PURPLE HAIRSTREAK,55,224,224,3,JPEG,26499
Image_5440,train/Image_5440.jpg,Image_5440.jpg,ORANGE OAKLEAF,46,224,224,3,JPEG,32756
Image_4309,train/Image_4309.jpg,Image_4309.jpg,VICEROY,71,224,224,3,JPEG,24443
Image_5638,train/Image_5638.jpg,Image_5638.jpg,RED CRACKER,59,224,224,3,JPEG,25775
Image_3010,train/Image_3010.jpg,Image_3010.jpg,MESTRA,41,224,224,3,JPEG,15989
Image_5368,train/Image_5368.jpg,Image_5368.jpg,GREAT JAY,32,224,224,3,JPEG,16751
Image_5876,train/Image_5876.jpg,Image_5876.jpg,BROWN SIPROETA,12,224,224,3,JPEG,25091
Image_904,train/Image_904.jpg,Image_904.jpg,PAPER KITE,50,224,224,3,JPEG,30385
Image_5721,train/Image_5721.jpg,Image_5721.jpg,SOOTYWING,65,224,224,3,JPEG,20329
Image_2763,train/Image_2763.jpg,Image_2763.jpg,INDRA SWALLOW,35,224,224,3,JPEG,21967
Image_6214,train/Image_6214.jpg,Image_6214.jpg,CLEOPATRA,17,224,224,3,JPEG,26081
Image_881,train/Image_881.jpg,Image_881.jpg,PURPLE HAIRSTREAK,55,224,224,3,JPEG,16319
Image_5685,train/Image_5685.jpg,Image_5685.jpg,IPHICLUS SISTER,36,224,224,3,JPEG,26867
Image_3511,train/Image_3511.jpg,Image_3511.jpg,METALMARK,42,224,224,3,JPEG,35066
Image_174,train/Image_174.jpg,Image_174.jpg,RED SPOTTED PURPLE,61,224,224,3,JPEG,25597
Image_4963,train/Image_4963.jpg,Image_4963.jpg,GREAT JAY,32,224,224,3,JPEG,23882
Image_2521,train/Image_2521.jpg,Image_2521.jpg,SILVER SPOT SKIPPER,63,224,224,3,JPEG,22446
Image_2643,train/Image_2643.jpg,Image_2643.jpg,INDRA SWALLOW,35,224,224,3,JPEG,36521
Image_4864,train/Image_4864.jpg,Image_4864.jpg,STRAITED QUEEN,67,224,224,3,JPEG,24427
Image_5386,train/Image_5386.jpg,Image_5386.jpg,PEACOCK,51,224,224,3,JPEG,27174
Image_2891,train/Image_2891.jpg,Image_2891.jpg,SLEEPY ORANGE,64,224,224,3,JPEG,23125
Image_4592,train/Image_4592.jpg,Image_4592.jpg,SILVER SPOT SKIPPER,63,224,224,3,JPEG,22217
Image_4378,train/Image_4378.jpg,Image_4378.jpg,COMMON BANDED AWL,20,224,224,3,JPEG,12370
Image_15,train/Image_15.jpg,Image_15.jpg,PAINTED LADY,49,224,224,3,JPEG,31908
Image_2389,train/Image_2389.jpg,Image_2389.jpg,RED ADMIRAL,58,224,224,3,JPEG,17926
Image_4755,train/Image_4755.jpg,Image_4755.jpg,BLACK HAIRSTREAK,9,224,224,3,JPEG,30458
Image_2376,train/Image_2376.jpg,Image_2376.jpg,PURPLISH COPPER,56,224,224,3,JPEG,21682
Image_2693,train/Image_2693.jpg,Image_2693.jpg,RED ADMIRAL,58,224,224,3,JPEG,25882
Image_2395,train/Image_2395.jpg,Image_2395.jpg,COMMON BANDED AWL,20,224,224,3,JPEG,14966
Image_5866,train/Image_5866.jpg,Image_5866.jpg,PURPLISH COPPER,56,224,224,3,JPEG,19063
Image_4905,train/Image_4905.jpg,Image_4905.jpg,SCARCE SWALLOW,62,224,224,3,JPEG,23427
Image_3481,train/Image_3481.jpg,Image_3481.jpg,BLACK HAIRSTREAK,9,224,224,3,JPEG,24011
Image_3822,train/Image_3822.jpg,Image_3822.jpg,ORANGE OAKLEAF,46,224,224,3,JPEG,23118
Image_1890,train/Image_1890.jpg,Image_1890.jpg,EASTERN COMA,26,224,224,3,JPEG,40008
Image_52,train/Image_52.jpg,Image_52.jpg,COMMON WOOD-NYMPH,21,224,224,3,JPEG,26861
Image_1456,train/Image_1456.jpg,Image_1456.jpg,EASTERN PINE ELFIN,28,224,224,3,JPEG,23195
Image_3907,train/Image_3907.jpg,Image_3907.jpg,DANAID EGGFLY,25,224,224,3,JPEG,25852
Image_236,train/Image_236.jpg,Image_236.jpg,BLACK HAIRSTREAK,9,224,224,3,JPEG,26800
Image_5444,train/Image_5444.jpg,Image_5444.jpg,BANDED ORANGE HELICONIAN,6,224,224,3,JPEG,26967
Image_269,train/Image_269.jpg,Image_269.jpg,SOUTHERN DOGFACE,66,224,224,3,JPEG,28888
Image_2868,train/Image_2868.jpg,Image_2868.jpg,GREEN CELLED CATTLEHEART,33,224,224,3,JPEG,16551
Image_1612,train/Image_1612.jpg,Image_1612.jpg,BECKERS WHITE,8,224,224,3,JPEG,25354
Image_900,train/Image_900.jpg,Image_900.jpg,WOOD SATYR,72,224,224,3,JPEG,23499
Image_4521,train/Image_4521.jpg,Image_4521.jpg,GREY HAIRSTREAK,34,224,224,3,JPEG,23994
Image_4012,train/Image_4012.jpg,Image_4012.jpg,PAPER KITE,50,224,224,3,JPEG,35803
Image_2806,train/Image_2806.jpg,Image_2806.jpg,MONARCH,44,224,224,3,JPEG,26378
Image_5176,train/Image_5176.jpg,Image_5176.jpg,MILBERTS TORTOISESHELL,43,224,224,3,JPEG,27944
Image_5716,train/Image_5716.jpg,Image_5716.jpg,BECKERS WHITE,8,224,224,3,JPEG,23804
Image_3983,train/Image_3983.jpg,Image_3983.jpg,CHESTNUT,16,224,224,3,JPEG,23050
Image_6323,train/Image_6323.jpg,Image_6323.jpg,JULIA,37,224,224,3,JPEG,20776
Image_1686,train/Image_1686.jpg,Image_1686.jpg,DANAID EGGFLY,25,224,224,3,JPEG,15211
Image_506,train/Image_506.jpg,Image_506.jpg,QUESTION MARK,57,224,224,3,JPEG,32029
Image_3124,train/Image_3124.jpg,Image_3124.jpg,GOLD BANDED,30,224,224,3,JPEG,28709
Image_6420,train/Image_6420.jpg,Image_6420.jpg,BANDED ORANGE HELICONIAN,6,224,224,3,JPEG,26658
Image_254,train/Image_254.jpg,Image_254.jpg,PEACOCK,51,224,224,3,JPEG,28404
Image_1141,train/Image_1141.jpg,Image_1141.jpg,ORCHARD SWALLOW,48,224,224,3,JPEG,26360
Image_4689,train/Image_4689.jpg,Image_4689.jpg,METALMARK,42,224,224,3,JPEG,31357
Image_2604,train/Image_2604.jpg,Image_2604.jpg,ULYSES,70,224,224,3,JPEG,17458
Image_3111,train/Image_3111.jpg,Image_3111.jpg,ORANGE OAKLEAF,46,224,224,3,JPEG,28161
Image_1092,train/Image_1092.jpg,Image_1092.jpg,MESTRA,41,224,224,3,JPEG,22970
Image_5584,train/Image_5584.jpg,Image_5584.jpg,ZEBRA LONG WING,74,224,224,3,JPEG,24757
Image_2394,train/Image_2394.jpg,Image_2394.jpg,BLACK HAIRSTREAK,9,224,224,3,JPEG,21441
Image_2676,train/Image_2676.jpg,Image_2676.jpg,MILBERTS TORTOISESHELL,43,224,224,3,JPEG,25156
Image_3692,train/Image_3692.jpg,Image_3692.jpg,BLACK HAIRSTREAK,9,224,224,3,JPEG,28927
Image_1723,train/Image_1723.jpg,Image_1723.jpg,PAPER KITE,50,224,224,3,JPEG,24649
Image_2989,train/Image_2989.jpg,Image_2989.jpg,SILVER SPOT SKIPPER,63,224,224,3,JPEG,21150
Image_1580,train/Image_1580.jpg,Image_1580.jpg,EASTERN PINE ELFIN,28,224,224,3,JPEG,26882
Image_4796,train/Image_4796.jpg,Image_4796.jpg,YELLOW SWALLOW TAIL,73,224,224,3,JPEG,26778
Image_5225,train/Image_5225.jpg,Image_5225.jpg,BECKERS WHITE,8,224,224,3,JPEG,36261
Image_2859,train/Image_2859.jpg,Image_2859.jpg,CABBAGE WHITE,13,224,224,3,JPEG,16879
Image_2984,train/Image_2984.jpg,Image_2984.jpg,MOURNING CLOAK,45,224,224,3,JPEG,28434
Image_2292,train/Image_2292.jpg,Image_2292.jpg,BANDED ORANGE HELICONIAN,6,224,224,3,JPEG,28437
Image_135,train/Image_135.jpg,Image_135.jpg,SILVER SPOT SKIPPER,63,224,224,3,JPEG,27820
Image_4262,train/Image_4262.jpg,Image_4262.jpg,EASTERN PINE ELFIN,28,224,224,3,JPEG,26278
Image_3612,train/Image_3612.jpg,Image_3612.jpg,MONARCH,44,224,224,3,JPEG,35556
Image_1829,train/Image_1829.jpg,Image_1829.jpg,MILBERTS TORTOISESHELL,43,224,224,3,JPEG,26993
Image_6355,train/Image_6355.jpg,Image_6355.jpg,MOURNING CLOAK,45,224,224,3,JPEG,22340
Image_4223,train/Image_4223.jpg,Image_4223.jpg,CAIRNS BIRDWING,14,224,224,3,JPEG,23375
Image_1754,train/Image_1754.jpg,Image_1754.jpg,LARGE MARBLE,38,224,224,3,JPEG,19493
Image_1681,train/Image_1681.jpg,Image_1681.jpg,ORANGE TIP,47,224,224,3,JPEG,21173
Image_1397,train/Image_1397.jpg,Image_1397.jpg,CRECENT,23,224,224,3,JPEG,29496
Image_4386,train/Image_4386.jpg,Image_4386.jpg,CHECQUERED SKIPPER,15,224,224,3,JPEG,27895
Image_3691,train/Image_3691.jpg,Image_3691.jpg,COPPER TAIL,22,224,224,3,JPEG,36598
Image_3275,train/Image_3275.jpg,Image_3275.jpg,CLEOPATRA,17,224,224,3,JPEG,19084
Image_6352,train/Image_6352.jpg,Image_6352.jpg,INDRA SWALLOW,35,224,224,3,JPEG,24057
Image_2053,train/Image_2053.jpg,Image_2053.jpg,BLACK HAIRSTREAK,9,224,224,3,JPEG,28261
Image_2966,train/Image_2966.jpg,Image_2966.jpg,WOOD SATYR,72,224,224,3,JPEG,29640
Image_3820,train/Image_3820.jpg,Image_3820.jpg,GREAT JAY,32,224,224,3,JPEG,21279
Image_1417,train/Image_1417.jpg,Image_1417.jpg,ULYSES,70,224,224,3,JPEG,26260
Image_1670,train/Image_1670.jpg,Image_1670.jpg,CRECENT,23,224,224,3,JPEG,34845
Image_6257,train/Image_6257.jpg,Image_6257.jpg,BROWN SIPROETA,12,224,224,3,JPEG,23830
Image_1788,train/Image_1788.jpg,Image_1788.jpg,RED CRACKER,59,224,224,3,JPEG,33168
Image_42,train/Image_42.jpg,Image_42.jpg,EASTERN DAPPLE WHITE,27,224,224,3,JPEG,30267
Image_2182,train/Image_2182.jpg,Image_2182.jpg,WOOD SATYR,72,224,224,3,JPEG,29759
Image_2603,train/Image_2603.jpg,Image_2603.jpg,PINE WHITE,52,224,224,3,JPEG,23057
Image_2166,train/Image_2166.jpg,Image_2166.jpg,LARGE MARBLE,38,224,224,3,JPEG,29405
Image_1015,train/Image_1015.jpg,Image_1015.jpg,AN 88,3,224,224,3,JPEG,23251
Image_2702,train/Image_2702.jpg,Image_2702.jpg,MALACHITE,39,224,224,3,JPEG,37948
Image_6262,train/Image_6262.jpg,Image_6262.jpg,GREAT JAY,32,224,224,3,JPEG,21531
Image_726,train/Image_726.jpg,Image_726.jpg,RED SPOTTED PURPLE,61,224,224,3,JPEG,29440
Image_1415,train/Image_1415.jpg,Image_1415.jpg,MOURNING CLOAK,45,224,224,3,JPEG,28471
Image_2943,train/Image_2943.jpg,Image_2943.jpg,EASTERN DAPPLE WHITE,27,224,224,3,JPEG,24633
Image_5509,train/Image_5509.jpg,Image_5509.jpg,CLEOPATRA,17,224,224,3,JPEG,16583
Image_4888,train/Image_4888.jpg,Image_4888.jpg,RED CRACKER,59,224,224,3,JPEG,35721
Image_3650,train/Image_3650.jpg,Image_3650.jpg,COPPER TAIL,22,224,224,3,JPEG,20637
Image_2755,train/Image_2755.jpg,Image_2755.jpg,ORANGE TIP,47,224,224,3,JPEG,24092
Image_3506,train/Image_3506.jpg,Image_3506.jpg,GREAT JAY,32,224,224,3,JPEG,15402
Image_3173,train/Image_3173.jpg,Image_3173.jpg,PAINTED LADY,49,224,224,3,JPEG,30354
Image_1998,train/Image_1998.jpg,Image_1998.jpg,SCARCE SWALLOW,62,224,224,3,JPEG,23438
Image_5859,train/Image_5859.jpg,Image_5859.jpg,BLUE SPOTTED CROW,11,224,224,3,JPEG,13626
Image_1252,train/Image_1252.jpg,Image_1252.jpg,SOOTYWING,65,224,224,3,JPEG,16634
Image_6482,train/Image_6482.jpg,Image_6482.jpg,ATALA,5,224,224,3,JPEG,17682
Image_3427,train/Image_3427.jpg,Image_3427.jpg,PINE WHITE,52,224,224,3,JPEG,17081
Image_1257,train/Image_1257.jpg,Image_1257.jpg,PURPLE HAIRSTREAK,55,224,224,3,JPEG,26875
Image_5394,train/Image_5394.jpg,Image_5394.jpg,ADONIS,0,224,224,3,JPEG,23453
Image_1118,train/Image_1118.jpg,Image_1118.jpg,BROWN SIPROETA,12,224,224,3,JPEG,30081
Image_2392,train/Image_2392.jpg,Image_2392.jpg,RED SPOTTED PURPLE,61,224,224,3,JPEG,27254
Image_1672,train/Image_1672.jpg,Image_1672.jpg,MONARCH,44,224,224,3,JPEG,28495
Image_3717,train/Image_3717.jpg,Image_3717.jpg,RED POSTMAN,60,224,224,3,JPEG,23265
Image_5343,train/Image_5343.jpg,Image_5343.jpg,POPINJAY,54,224,224,3,JPEG,21739
Image_1392,train/Image_1392.jpg,Image_1392.jpg,PURPLISH COPPER,56,224,224,3,JPEG,26689
Image_3092,train/Image_3092.jpg,Image_3092.jpg,RED SPOTTED PURPLE,61,224,224,3,JPEG,28581
Image_4073,train/Image_4073.jpg,Image_4073.jpg,BLUE MORPHO,10,224,224,3,JPEG,19680
Image_2571,train/Image_2571.jpg,Image_2571.jpg,CLODIUS PARNASSIAN,18,224,224,3,JPEG,26616
Image_2894,train/Image_2894.jpg,Image_2894.jpg,BANDED ORANGE HELICONIAN,6,224,224,3,JPEG,25920
Image_1133,train/Image_1133.jpg,Image_1133.jpg,ZEBRA LONG WING,74,224,224,3,JPEG,22786
Image_6045,train/Image_6045.jpg,Image_6045.jpg,QUESTION MARK,57,224,224,3,JPEG,24007
Image_3036,train/Image_3036.jpg,Image_3036.jpg,ADONIS,0,224,224,3,JPEG,22277
Image_1839,train/Image_1839.jpg,Image_1839.jpg,EASTERN DAPPLE WHITE,27,224,224,3,JPEG,21614
Image_620,train/Image_620.jpg,Image_620.jpg,LARGE MARBLE,38,224,224,3,JPEG,29193
Image_2820,train/Image_2820.jpg,Image_2820.jpg,AFRICAN GIANT SWALLOWTAIL,1,224,224,3,JPEG,17877
Image_6077,train/Image_6077.jpg,Image_6077.jpg,GREY HAIRSTREAK,34,224,224,3,JPEG,19777
Image_1622,train/Image_1622.jpg,Image_1622.jpg,RED POSTMAN,60,224,224,3,JPEG,20643
Image_672,train/Image_672.jpg,Image_672.jpg,LARGE MARBLE,38,224,224,3,JPEG,31060
Image_4924,train/Image_4924.jpg,Image_4924.jpg,ORANGE OAKLEAF,46,224,224,3,JPEG,24897
Image_2494,train/Image_2494.jpg,Image_2494.jpg,APPOLLO,4,224,224,3,JPEG,23660
Image_2476,train/Image_2476.jpg,Image_2476.jpg,APPOLLO,4,224,224,3,JPEG,30200
Image_4101,train/Image_4101.jpg,Image_4101.jpg,SILVER SPOT SKIPPER,63,224,224,3,JPEG,20383
Image_2373,train/Image_2373.jpg,Image_2373.jpg,PIPEVINE SWALLOW,53,224,224,3,JPEG,30202
Image_5302,train/Image_5302.jpg,Image_5302.jpg,MILBERTS TORTOISESHELL,43,224,224,3,JPEG,36147
Image_5656,train/Image_5656.jpg,Image_5656.jpg,CRIMSON PATCH,24,224,224,3,JPEG,24222
Image_5163,train/Image_5163.jpg,Image_5163.jpg,PURPLE HAIRSTREAK,55,224,224,3,JPEG,19506
Image_2792,train/Image_2792.jpg,Image_2792.jpg,BANDED ORANGE HELICONIAN,6,224,224,3,JPEG,28135
Image_596,train/Image_596.jpg,Image_596.jpg,GREEN CELLED CATTLEHEART,33,224,224,3,JPEG,23606
Image_3683,train/Image_3683.jpg,Image_3683.jpg,PURPLE HAIRSTREAK,55,224,224,3,JPEG,32952
Image_3677,train/Image_3677.jpg,Image_3677.jpg,RED ADMIRAL,58,224,224,3,JPEG,24455
Image_4719,train/Image_4719.jpg,Image_4719.jpg,TROPICAL LEAFWING,68,224,224,3,JPEG,24758
Image_678,train/Image_678.jpg,Image_678.jpg,PAINTED LADY,49,224,224,3,JPEG,23924
Image_4616,train/Image_4616.jpg,Image_4616.jpg,MOURNING CLOAK,45,224,224,3,JPEG,27440
Image_1203,train/Image_1203.jpg,Image_1203.jpg,STRAITED QUEEN,67,224,224,3,JPEG,26589
Image_4189,train/Image_4189.jpg,Image_4189.jpg,COPPER TAIL,22,224,224,3,JPEG,27865
Image_3099,train/Image_3099.jpg,Image_3099.jpg,QUESTION MARK,57,224,224,3,JPEG,29878
Image_1164,train/Image_1164.jpg,Image_1164.jpg,GREAT JAY,32,224,224,3,JPEG,25620
Image_4040,train/Image_4040.jpg,Image_4040.jpg,SLEEPY ORANGE,64,224,224,3,JPEG,19886
Image_916,train/Image_916.jpg,Image_916.jpg,ORANGE TIP,47,224,224,3,JPEG,27005
Image_3236,train/Image_3236.jpg,Image_3236.jpg,INDRA SWALLOW,35,224,224,3,JPEG,24820
Image_1853,train/Image_1853.jpg,Image_1853.jpg,MOURNING CLOAK,45,224,224,3,JPEG,25815
Image_1313,train/Image_1313.jpg,Image_1313.jpg,SOOTYWING,65,224,224,3,JPEG,26332
Image_1876,train/Image_1876.jpg,Image_1876.jpg,JULIA,37,224,224,3,JPEG,19971
Image_886,train/Image_886.jpg,Image_886.jpg,JULIA,37,224,224,3,JPEG,22521
Image_3680,train/Image_3680.jpg,Image_3680.jpg,MALACHITE,39,224,224,3,JPEG,28448
Image_2699,train/Image_2699.jpg,Image_2699.jpg,MANGROVE SKIPPER,40,224,224,3,JPEG,19856
Image_5682,train/Image_5682.jpg,Image_5682.jpg,AN 88,3,224,224,3,JPEG,26902
Image_3660,train/Image_3660.jpg,Image_3660.jpg,ADONIS,0,224,224,3,JPEG,27235
Image_1826,train/Image_1826.jpg,Image_1826.jpg,PIPEVINE SWALLOW,53,224,224,3,JPEG,26209
Image_479,train/Image_479.jpg,Image_479.jpg,GREAT JAY,32,224,224,3,JPEG,22990
Image_133,train/Image_133.jpg,Image_133.jpg,SOUTHERN DOGFACE,66,224,224,3,JPEG,30983
Image_4874,train/Image_4874.jpg,Image_4874.jpg,MESTRA,41,224,224,3,JPEG,20049
Image_3191,train/Image_3191.jpg,Image_3191.jpg,RED ADMIRAL,58,224,224,3,JPEG,34188
Image_5802,train/Image_5802.jpg,Image_5802.jpg,RED CRACKER,59,224,224,3,JPEG,24885
Image_6283,train/Image_6283.jpg,Image_6283.jpg,BLUE MORPHO,10,224,224,3,JPEG,23507
Image_1222,train/Image_1222.jpg,Image_1222.jpg,SCARCE SWALLOW,62,224,224,3,JPEG,32179
Image_6181,train/Image_6181.jpg,Image_6181.jpg,MONARCH,44,224,224,3,JPEG,30712
Image_2018,train/Image_2018.jpg,Image_2018.jpg,GOLD BANDED,30,224,224,3,JPEG,27750
Image_4133,train/Image_4133.jpg,Image_4133.jpg,AMERICAN SNOOT,2,224,224,3,JPEG,23043
Image_2155,train/Image_2155.jpg,Image_2155.jpg,PIPEVINE SWALLOW,53,224,224,3,JPEG,30141
Image_4797,train/Image_4797.jpg,Image_4797.jpg,PURPLE HAIRSTREAK,55,224,224,3,JPEG,30673
Image_6409,train/Image_6409.jpg,Image_6409.jpg,APPOLLO,4,224,224,3,JPEG,35960
Image_5949,train/Image_5949.jpg,Image_5949.jpg,SOOTYWING,65,224,224,3,JPEG,21613
Image_5983,train/Image_5983.jpg,Image_5983.jpg,JULIA,37,224,224,3,JPEG,25405
Image_6382,train/Image_6382.jpg,Image_6382.jpg,COPPER TAIL,22,224,224,3,JPEG,20788
Image_6326,train/Image_6326.jpg,Image_6326.jpg,CAIRNS BIRDWING,14,224,224,3,JPEG,20624
Image_1174,train/Image_1174.jpg,Image_1174.jpg,SLEEPY ORANGE,64,224,224,3,JPEG,20927
Image_2947,train/Image_2947.jpg,Image_2947.jpg,MALACHITE,39,224,224,3,JPEG,21927
Image_739,train/Image_739.jpg,Image_739.jpg,MESTRA,41,224,224,3,JPEG,18146
Image_2784,train/Image_2784.jpg,Image_2784.jpg,RED SPOTTED PURPLE,61,224,224,3,JPEG,29984
Image_361,train/Image_361.jpg,Image_361.jpg,PEACOCK,51,224,224,3,JPEG,35808
Image_2524,train/Image_2524.jpg,Image_2524.jpg,CLEOPATRA,17,224,224,3,JPEG,16228
Image_5473,train/Image_5473.jpg,Image_5473.jpg,COPPER TAIL,22,224,224,3,JPEG,21634
Image_3535,train/Image_3535.jpg,Image_3535.jpg,AN 88,3,224,224,3,JPEG,27435
Image_6249,train/Image_6249.jpg,Image_6249.jpg,PAPER KITE,50,224,224,3,JPEG,30909
Image_5168,train/Image_5168.jpg,Image_5168.jpg,CABBAGE WHITE,13,224,224,3,JPEG,23227
Image_3307,train/Image_3307.jpg,Image_3307.jpg,LARGE MARBLE,38,224,224,3,JPEG,23096
Image_2832,train/Image_2832.jpg,Image_2832.jpg,POPINJAY,54,224,224,3,JPEG,30263
Image_1815,train/Image_1815.jpg,Image_1815.jpg,SCARCE SWALLOW,62,224,224,3,JPEG,37414
Image_1251,train/Image_1251.jpg,Image_1251.jpg,IPHICLUS SISTER,36,224,224,3,JPEG,20292
Image_5460,train/Image_5460.jpg,Image_5460.jpg,EASTERN COMA,26,224,224,3,JPEG,34420
Image_3662,train/Image_3662.jpg,Image_3662.jpg,AMERICAN SNOOT,2,224,224,3,JPEG,28417
Image_555,train/Image_555.jpg,Image_555.jpg,ADONIS,0,224,224,3,JPEG,24825
Image_5082,train/Image_5082.jpg,Image_5082.jpg,COMMON BANDED AWL,20,224,224,3,JPEG,28851
Image_625,train/Image_625.jpg,Image_625.jpg,MOURNING CLOAK,45,224,224,3,JPEG,35482
Image_2775,train/Image_2775.jpg,Image_2775.jpg,CHECQUERED SKIPPER,15,224,224,3,JPEG,26901
Image_4965,train/Image_4965.jpg,Image_4965.jpg,DANAID EGGFLY,25,224,224,3,JPEG,20516
Image_6158,train/Image_6158.jpg,Image_6158.jpg,CAIRNS BIRDWING,14,224,224,3,JPEG,23882
Image_1241,train/Image_1241.jpg,Image_1241.jpg,LARGE MARBLE,38,224,224,3,JPEG,18631
Image_4986,train/Image_4986.jpg,Image_4986.jpg,ELBOWED PIERROT,29,224,224,3,JPEG,22038
Image_2223,train/Image_2223.jpg,Image_2223.jpg,YELLOW SWALLOW TAIL,73,224,224,3,JPEG,27637
Image_5377,train/Image_5377.jpg,Image_5377.jpg,PAINTED LADY,49,224,224,3,JPEG,27085
Image_540,train/Image_540.jpg,Image_540.jpg,APPOLLO,4,224,224,3,JPEG,25187
Image_5918,train/Image_5918.jpg,Image_5918.jpg,RED CRACKER,59,224,224,3,JPEG,22554
Image_4781,train/Image_4781.jpg,Image_4781.jpg,JULIA,37,224,224,3,JPEG,22588
Image_615,train/Image_615.jpg,Image_615.jpg,PAINTED LADY,49,224,224,3,JPEG,27995
Image_5594,train/Image_5594.jpg,Image_5594.jpg,RED POSTMAN,60,224,224,3,JPEG,25435
Image_344,train/Image_344.jpg,Image_344.jpg,SOUTHERN DOGFACE,66,224,224,3,JPEG,25753
Image_4769,train/Image_4769.jpg,Image_4769.jpg,ADONIS,0,224,224,3,JPEG,35517
Image_5055,train/Image_5055.jpg,Image_5055.jpg,PINE WHITE,52,224,224,3,JPEG,21328
Image_3972,train/Image_3972.jpg,Image_3972.jpg,STRAITED QUEEN,67,224,224,3,JPEG,29603
Image_5797,train/Image_5797.jpg,Image_5797.jpg,CABBAGE WHITE,13,224,224,3,JPEG,21204
Image_3180,train/Image_3180.jpg,Image_3180.jpg,PAPER KITE,50,224,224,3,JPEG,34585
Image_2855,train/Image_2855.jpg,Image_2855.jpg,BANDED ORANGE HELICONIAN,6,224,224,3,JPEG,19847
Image_421,train/Image_421.jpg,Image_421.jpg,CAIRNS BIRDWING,14,224,224,3,JPEG,22703
Image_4492,train/Image_4492.jpg,Image_4492.jpg,INDRA SWALLOW,35,224,224,3,JPEG,23405
Image_2025,train/Image_2025.jpg,Image_2025.jpg,EASTERN DAPPLE WHITE,27,224,224,3,JPEG,26056
Image_1380,train/Image_1380.jpg,Image_1380.jpg,PAPER KITE,50,224,224,3,JPEG,31667
Image_4799,train/Image_4799.jpg,Image_4799.jpg,AN 88,3,224,224,3,JPEG,21887
Image_1190,train/Image_1190.jpg,Image_1190.jpg,CLOUDED SULPHUR,19,224,224,3,JPEG,22259
Image_2515,train/Image_2515.jpg,Image_2515.jpg,CLODIUS PARNASSIAN,18,224,224,3,JPEG,24304
Image_3927,train/Image_3927.jpg,Image_3927.jpg,RED SPOTTED PURPLE,61,224,224,3,JPEG,26200
Image_2418,train/Image_2418.jpg,Image_2418.jpg,CAIRNS BIRDWING,14,224,224,3,JPEG,20401
Image_4,train/Image_4.jpg,Image_4.jpg,MONARCH,44,224,224,3,JPEG,29948
Image_6189,train/Image_6189.jpg,Image_6189.jpg,BECKERS WHITE,8,224,224,3,JPEG,21149
Image_1764,train/Image_1764.jpg,Image_1764.jpg,SCARCE SWALLOW,62,224,224,3,JPEG,31318
Image_389,train/Image_389.jpg,Image_389.jpg,MALACHITE,39,224,224,3,JPEG,25649
Image_4903,train/Image_4903.jpg,Image_4903.jpg,MILBERTS TORTOISESHELL,43,224,224,3,JPEG,33387
Image_2696,train/Image_2696.jpg,Image_2696.jpg,CAIRNS BIRDWING,14,224,224,3,JPEG,18442
Image_698,train/Image_698.jpg,Image_698.jpg,MOURNING CLOAK,45,224,224,3,JPEG,37795
Image_741,train/Image_741.jpg,Image_741.jpg,SILVER SPOT SKIPPER,63,224,224,3,JPEG,20335
Image_5874,train/Image_5874.jpg,Image_5874.jpg,BANDED ORANGE HELICONIAN,6,224,224,3,JPEG,22248
Image_4782,train/Image_4782.jpg,Image_4782.jpg,INDRA SWALLOW,35,224,224,3,JPEG,26617
Image_5662,train/Image_5662.jpg,Image_5662.jpg,APPOLLO,4,224,224,3,JPEG,31227
Image_3065,train/Image_3065.jpg,Image_3065.jpg,LARGE MARBLE,38,224,224,3,JPEG,28270
Image_3613,train/Image_3613.jpg,Image_3613.jpg,CLOUDED SULPHUR,19,224,224,3,JPEG,18567
Image_5137,train/Image_5137.jpg,Image_5137.jpg,SCARCE SWALLOW,62,224,224,3,JPEG,33829
Image_5470,train/Image_5470.jpg,Image_5470.jpg,IPHICLUS SISTER,36,224,224,3,JPEG,17232
Image_1845,train/Image_1845.jpg,Image_1845.jpg,MALACHITE,39,224,224,3,JPEG,30163
Image_4577,train/Image_4577.jpg,Image_4577.jpg,METALMARK,42,224,224,3,JPEG,16404
Image_3562,train/Image_3562.jpg,Image_3562.jpg,ORANGE TIP,47,224,224,3,JPEG,19123
Image_5816,train/Image_5816.jpg,Image_5816.jpg,CLEOPATRA,17,224,224,3,JPEG,19211
Image_6404,train/Image_6404.jpg,Image_6404.jpg,BLUE MORPHO,10,224,224,3,JPEG,15689
Image_5030,train/Image_5030.jpg,Image_5030.jpg,AN 88,3,224,224,3,JPEG,25225
Image_453,train/Image_453.jpg,Image_453.jpg,SILVER SPOT SKIPPER,63,224,224,3,JPEG,30461
Image_6051,train/Image_6051.jpg,Image_6051.jpg,MOURNING CLOAK,45,224,224,3,JPEG,29191
Image_2519,train/Image_2519.jpg,Image_2519.jpg,RED ADMIRAL,58,224,224,3,JPEG,22685
Image_4450,train/Image_4450.jpg,Image_4450.jpg,JULIA,37,224,224,3,JPEG,24543
Image_3578,train/Image_3578.jpg,Image_3578.jpg,ORANGE TIP,47,224,224,3,JPEG,28366
Image_2973,train/Image_2973.jpg,Image_2973.jpg,TROPICAL LEAFWING,68,224,224,3,JPEG,24683
Image_3235,train/Image_3235.jpg,Image_3235.jpg,VICEROY,71,224,224,3,JPEG,23772
Image_3742,train/Image_3742.jpg,Image_3742.jpg,JULIA,37,224,224,3,JPEG,23133
Image_3200,train/Image_3200.jpg,Image_3200.jpg,ADONIS,0,224,224,3,JPEG,21965
Image_1977,train/Image_1977.jpg,Image_1977.jpg,TWO BARRED FLASHER,69,224,224,3,JPEG,20450
Image_37,train/Image_37.jpg,Image_37.jpg,LARGE MARBLE,38,224,224,3,JPEG,28237
Image_3175,train/Image_3175.jpg,Image_3175.jpg,BLACK HAIRSTREAK,9,224,224,3,JPEG,28392
Image_738,train/Image_738.jpg,Image_738.jpg,ELBOWED PIERROT,29,224,224,3,JPEG,22675
Image_3208,train/Image_3208.jpg,Image_3208.jpg,PIPEVINE SWALLOW,53,224,224,3,JPEG,22835
Image_4235,train/Image_4235.jpg,Image_4235.jpg,BROWN SIPROETA,12,224,224,3,JPEG,31808
Image_4525,train/Image_4525.jpg,Image_4525.jpg,WOOD SATYR,72,224,224,3,JPEG,34272
Image_5790,train/Image_5790.jpg,Image_5790.jpg,SOOTYWING,65,224,224,3,JPEG,25120
Image_587,train/Image_587.jpg,Image_587.jpg,CLODIUS PARNASSIAN,18,224,224,3,JPEG,32788
Image_4827,train/Image_4827.jpg,Image_4827.jpg,GOLD BANDED,30,224,224,3,JPEG,17196
Image_2992,train/Image_2992.jpg,Image_2992.jpg,SOOTYWING,65,224,224,3,JPEG,30452
Image_275,train/Image_275.jpg,Image_275.jpg,BROWN SIPROETA,12,224,224,3,JPEG,26722
Image_3579,train/Image_3579.jpg,Image_3579.jpg,BLUE MORPHO,10,224,224,3,JPEG,21862
Image_2501,train/Image_2501.jpg,Image_2501.jpg,MONARCH,44,224,224,3,JPEG,22038
Image_31,train/Image_31.jpg,Image_31.jpg,IPHICLUS SISTER,36,224,224,3,JPEG,27392
Image_1278,train/Image_1278.jpg,Image_1278.jpg,WOOD SATYR,72,224,224,3,JPEG,31184
Image_1863,train/Image_1863.jpg,Image_1863.jpg,CABBAGE WHITE,13,224,224,3,JPEG,26974
Image_2596,train/Image_2596.jpg,Image_2596.jpg,CRIMSON PATCH,24,224,224,3,JPEG,23464
Image_2354,train/Image_2354.jpg,Image_2354.jpg,PAINTED LADY,49,224,224,3,JPEG,31452
Image_3977,train/Image_3977.jpg,Image_3977.jpg,EASTERN COMA,26,224,224,3,JPEG,35274
Image_228,train/Image_228.jpg,Image_228.jpg,SOOTYWING,65,224,224,3,JPEG,22317
Image_3335,train/Image_3335.jpg,Image_3335.jpg,EASTERN COMA,26,224,224,3,JPEG,26293
Image_2700,train/Image_2700.jpg,Image_2700.jpg,MONARCH,44,224,224,3,JPEG,24770
Image_6316,train/Image_6316.jpg,Image_6316.jpg,RED CRACKER,59,224,224,3,JPEG,35151
Image_1669,train/Image_1669.jpg,Image_1669.jpg,ORCHARD SWALLOW,48,224,224,3,JPEG,27677
Image_2230,train/Image_2230.jpg,Image_2230.jpg,BECKERS WHITE,8,224,224,3,JPEG,20679
Image_556,train/Image_556.jpg,Image_556.jpg,POPINJAY,54,224,224,3,JPEG,25308
Image_2250,train/Image_2250.jpg,Image_2250.jpg,RED CRACKER,59,224,224,3,JPEG,22679
Image_1751,train/Image_1751.jpg,Image_1751.jpg,SCARCE SWALLOW,62,224,224,3,JPEG,28154
Image_6110,train/Image_6110.jpg,Image_6110.jpg,AFRICAN GIANT SWALLOWTAIL,1,224,224,3,JPEG,20322
Image_471,train/Image_471.jpg,Image_471.jpg,BROWN SIPROETA,12,224,224,3,JPEG,20616
Image_5296,train/Image_5296.jpg,Image_5296.jpg,CABBAGE WHITE,13,224,224,3,JPEG,20240
Image_5934,train/Image_5934.jpg,Image_5934.jpg,BLUE MORPHO,10,224,224,3,JPEG,17929
Image_4215,train/Image_4215.jpg,Image_4215.jpg,SLEEPY ORANGE,64,224,224,3,JPEG,18918
Image_3091,train/Image_3091.jpg,Image_3091.jpg,COPPER TAIL,22,224,224,3,JPEG,33663
Image_884,train/Image_884.jpg,Image_884.jpg,AN 88,3,224,224,3,JPEG,27102
Image_2626,train/Image_2626.jpg,Image_2626.jpg,COMMON BANDED AWL,20,224,224,3,JPEG,18015
Image_6470,train/Image_6470.jpg,Image_6470.jpg,GREEN CELLED CATTLEHEART,33,224,224,3,JPEG,18958
Image_4388,train/Image_4388.jpg,Image_4388.jpg,SCARCE SWALLOW,62,224,224,3,JPEG,37680
Image_47,train/Image_47.jpg,Image_47.jpg,CRIMSON PATCH,24,224,224,3,JPEG,32871
Image_598,train/Image_598.jpg,Image_598.jpg,CHESTNUT,16,224,224,3,JPEG,20202
Image_1184,train/Image_1184.jpg,Image_1184.jpg,CRIMSON PATCH,24,224,224,3,JPEG,27205
Image_2814,train/Image_2814.jpg,Image_2814.jpg,ADONIS,0,224,224,3,JPEG,32880
Image_2296,train/Image_2296.jpg,Image_2296.jpg,RED ADMIRAL,58,224,224,3,JPEG,32857
Image_2633,train/Image_2633.jpg,Image_2633.jpg,ORANGE TIP,47,224,224,3,JPEG,24501
Image_1666,train/Image_1666.jpg,Image_1666.jpg,PAINTED LADY,49,224,224,3,JPEG,25894
Image_5636,train/Image_5636.jpg,Image_5636.jpg,PIPEVINE SWALLOW,53,224,224,3,JPEG,32025
Image_4387,train/Image_4387.jpg,Image_4387.jpg,WOOD SATYR,72,224,224,3,JPEG,18784
Image_4580,train/Image_4580.jpg,Image_4580.jpg,ORCHARD SWALLOW,48,224,224,3,JPEG,29441
Image_1741,train/Image_1741.jpg,Image_1741.jpg,BANDED ORANGE HELICONIAN,6,224,224,3,JPEG,25041
Image_5590,train/Image_5590.jpg,Image_5590.jpg,PAINTED LADY,49,224,224,3,JPEG,34496
Image_6243,train/Image_6243.jpg,Image_6243.jpg,ZEBRA LONG WING,74,224,224,3,JPEG,20232
Image_4707,train/Image_4707.jpg,Image_4707.jpg,MANGROVE SKIPPER,40,224,224,3,JPEG,23308
Image_294,train/Image_294.jpg,Image_294.jpg,STRAITED QUEEN,67,224,224,3,JPEG,24553
Image_3936,train/Image_3936.jpg,Image_3936.jpg,APPOLLO,4,224,224,3,JPEG,25859
Image_385,train/Image_385.jpg,Image_385.jpg,MONARCH,44,224,224,3,JPEG,33445
Image_3479,train/Image_3479.jpg,Image_3479.jpg,CHECQUERED SKIPPER,15,224,224,3,JPEG,20689
Image_2137,train/Image_2137.jpg,Image_2137.jpg,SOUTHERN DOGFACE,66,224,224,3,JPEG,23187
Image_6175,train/Image_6175.jpg,Image_6175.jpg,PIPEVINE SWALLOW,53,224,224,3,JPEG,20511
Image_554,train/Image_554.jpg,Image_554.jpg,EASTERN PINE ELFIN,28,224,224,3,JPEG,27522
Image_4391,train/Image_4391.jpg,Image_4391.jpg,PINE WHITE,52,224,224,3,JPEG,22762
Image_701,train/Image_701.jpg,Image_701.jpg,BANDED PEACOCK,7,224,224,3,JPEG,31517
Image_3390,train/Image_3390.jpg,Image_3390.jpg,TWO BARRED FLASHER,69,224,224,3,JPEG,17587
Image_319,train/Image_319.jpg,Image_319.jpg,ORANGE OAKLEAF,46,224,224,3,JPEG,30378
Image_5415,train/Image_5415.jpg,Image_5415.jpg,CLOUDED SULPHUR,19,224,224,3,JPEG,19024
Image_4899,train/Image_4899.jpg,Image_4899.jpg,ATALA,5,224,224,3,JPEG,25928
Image_112,train/Image_112.jpg,Image_112.jpg,COMMON WOOD-NYMPH,21,224,224,3,JPEG,27764
Image_4960,train/Image_4960.jpg,Image_4960.jpg,COMMON WOOD-NYMPH,21,224,224,3,JPEG,26618
Image_1377,train/Image_1377.jpg,Image_1377.jpg,AN 88,3,224,224,3,JPEG,20335
Image_1895,train/Image_1895.jpg,Image_1895.jpg,CHESTNUT,16,224,224,3,JPEG,24849
Image_9,train/Image_9.jpg,Image_9.jpg,BROWN SIPROETA,12,224,224,3,JPEG,23193
Image_3767,train/Image_3767.jpg,Image_3767.jpg,CRECENT,23,224,224,3,JPEG,32388
Image_5084,train/Image_5084.jpg,Image_5084.jpg,BLUE MORPHO,10,224,224,3,JPEG,23061
Image_746,train/Image_746.jpg,Image_746.jpg,LARGE MARBLE,38,224,224,3,JPEG,22721
Image_5173,train/Image_5173.jpg,Image_5173.jpg,AN 88,3,224,224,3,JPEG,23703
Image_2350,train/Image_2350.jpg,Image_2350.jpg,MILBERTS TORTOISESHELL,43,224,224,3,JPEG,31714
Image_4966,train/Image_4966.jpg,Image_4966.jpg,POPINJAY,54,224,224,3,JPEG,29249
Image_3420,train/Image_3420.jpg,Image_3420.jpg,SCARCE SWALLOW,62,224,224,3,JPEG,25318
Image_6275,train/Image_6275.jpg,Image_6275.jpg,PINE WHITE,52,224,224,3,JPEG,26278
Image_2388,train/Image_2388.jpg,Image_2388.jpg,BLACK HAIRSTREAK,9,224,224,3,JPEG,28655
Image_2536,train/Image_2536.jpg,Image_2536.jpg,PINE WHITE,52,224,224,3,JPEG,16830
Image_6320,train/Image_6320.jpg,Image_6320.jpg,RED CRACKER,59,224,224,3,JPEG,32081
Image_2396,train/Image_2396.jpg,Image_2396.jpg,EASTERN PINE ELFIN,28,224,224,3,JPEG,33108
Image_5799,train/Image_5799.jpg,Image_5799.jpg,TWO BARRED FLASHER,69,224,224,3,JPEG,20197
Image_5085,train/Image_5085.jpg,Image_5085.jpg,STRAITED QUEEN,67,224,224,3,JPEG,31069
Image_3854,train/Image_3854.jpg,Image_3854.jpg,CRECENT,23,224,224,3,JPEG,31500
Image_664,train/Image_664.jpg,Image_664.jpg,BECKERS WHITE,8,224,224,3,JPEG,26602
Image_6286,train/Image_6286.jpg,Image_6286.jpg,SLEEPY ORANGE,64,224,224,3,JPEG,12956
Image_2414,train/Image_2414.jpg,Image_2414.jpg,CLOUDED SULPHUR,19,224,224,3,JPEG,23216
Image_5796,train/Image_5796.jpg,Image_5796.jpg,PAPER KITE,50,224,224,3,JPEG,32935
Image_4218,train/Image_4218.jpg,Image_4218.jpg,CABBAGE WHITE,13,224,224,3,JPEG,19898
Image_5598,train/Image_5598.jpg,Image_5598.jpg,PAINTED LADY,49,224,224,3,JPEG,28059
Image_5186,train/Image_5186.jpg,Image_5186.jpg,PAINTED LADY,49,224,224,3,JPEG,36795
Image_3559,train/Image_3559.jpg,Image_3559.jpg,ADONIS,0,224,224,3,JPEG,25516
Image_5728,train/Image_5728.jpg,Image_5728.jpg,IPHICLUS SISTER,36,224,224,3,JPEG,18378
Image_1045,train/Image_1045.jpg,Image_1045.jpg,ULYSES,70,224,224,3,JPEG,19705
Image_1638,train/Image_1638.jpg,Image_1638.jpg,CLEOPATRA,17,224,224,3,JPEG,21174
Image_5472,train/Image_5472.jpg,Image_5472.jpg,RED ADMIRAL,58,224,224,3,JPEG,20116
Image_4302,train/Image_4302.jpg,Image_4302.jpg,IPHICLUS SISTER,36,224,224,3,JPEG,28519
Image_4820,train/Image_4820.jpg,Image_4820.jpg,TROPICAL LEAFWING,68,224,224,3,JPEG,32196
Image_6125,train/Image_6125.jpg,Image_6125.jpg,BANDED ORANGE HELICONIAN,6,224,224,3,JPEG,31366
Image_4123,train/Image_4123.jpg,Image_4123.jpg,ADONIS,0,224,224,3,JPEG,25297
Image_2498,train/Image_2498.jpg,Image_2498.jpg,CLODIUS PARNASSIAN,18,224,224,3,JPEG,28656
Image_2549,train/Image_2549.jpg,Image_2549.jpg,BANDED ORANGE HELICONIAN,6,224,224,3,JPEG,24428
Image_3033,train/Image_3033.jpg,Image_3033.jpg,TROPICAL LEAFWING,68,224,224,3,JPEG,22928
Image_4243,train/Image_4243.jpg,Image_4243.jpg,APPOLLO,4,224,224,3,JPEG,30119
Image_2660,train/Image_2660.jpg,Image_2660.jpg,ULYSES,70,224,224,3,JPEG,24344
Image_2971,train/Image_2971.jpg,Image_2971.jpg,MANGROVE SKIPPER,40,224,224,3,JPEG,29013
Image_4324,train/Image_4324.jpg,Image_4324.jpg,POPINJAY,54,224,224,3,JPEG,26965
Image_2621,train/Image_2621.jpg,Image_2621.jpg,INDRA SWALLOW,35,224,224,3,JPEG,19754
Image_4929,train/Image_4929.jpg,Image_4929.jpg,PURPLISH COPPER,56,224,224,3,JPEG,13377
Image_5463,train/Image_5463.jpg,Image_5463.jpg,YELLOW SWALLOW TAIL,73,224,224,3,JPEG,27121
Image_4224,train/Image_4224.jpg,Image_4224.jpg,GOLD BANDED,30,224,224,3,JPEG,15814
Image_3736,train/Image_3736.jpg,Image_3736.jpg,ORANGE OAKLEAF,46,224,224,3,JPEG,31480
Image_4938,train/Image_4938.jpg,Image_4938.jpg,AFRICAN GIANT SWALLOWTAIL,1,224,224,3,JPEG,27895
Image_39,train/Image_39.jpg,Image_39.jpg,PIPEVINE SWALLOW,53,224,224,3,JPEG,22813
Image_3733,train/Image_3733.jpg,Image_3733.jpg,PEACOCK,51,224,224,3,JPEG,24127
Image_1297,train/Image_1297.jpg,Image_1297.jpg,ZEBRA LONG WING,74,224,224,3,JPEG,20934
Image_3843,train/Image_3843.jpg,Image_3843.jpg,VICEROY,71,224,224,3,JPEG,26979
Image_362,train/Image_362.jpg,Image_362.jpg,PURPLE HAIRSTREAK,55,224,224,3,JPEG,31513
Image_1549,train/Image_1549.jpg,Image_1549.jpg,METALMARK,42,224,224,3,JPEG,14173
Image_988,train/Image_988.jpg,Image_988.jpg,CHECQUERED SKIPPER,15,224,224,3,JPEG,24124
Image_3500,train/Image_3500.jpg,Image_3500.jpg,EASTERN PINE ELFIN,28,224,224,3,JPEG,35362
Image_239,train/Image_239.jpg,Image_239.jpg,AMERICAN SNOOT,2,224,224,3,JPEG,21045
Image_2756,train/Image_2756.jpg,Image_2756.jpg,PURPLE HAIRSTREAK,55,224,224,3,JPEG,22155
Image_2088,train/Image_2088.jpg,Image_2088.jpg,MONARCH,44,224,224,3,JPEG,29698
Image_5570,train/Image_5570.jpg,Image_5570.jpg,BLACK HAIRSTREAK,9,224,224,3,JPEG,24896
Image_3410,train/Image_3410.jpg,Image_3410.jpg,MOURNING CLOAK,45,224,224,3,JPEG,19252
Image_2170,train/Image_2170.jpg,Image_2170.jpg,GREY HAIRSTREAK,34,224,224,3,JPEG,24625
Image_5773,train/Image_5773.jpg,Image_5773.jpg,COMMON BANDED AWL,20,224,224,3,JPEG,14266
Image_5370,train/Image_5370.jpg,Image_5370.jpg,ZEBRA LONG WING,74,224,224,3,JPEG,24567
Image_6302,train/Image_6302.jpg,Image_6302.jpg,RED ADMIRAL,58,224,224,3,JPEG,18949
Image_1043,train/Image_1043.jpg,Image_1043.jpg,BLACK HAIRSTREAK,9,224,224,3,JPEG,22781
Image_4383,train/Image_4383.jpg,Image_4383.jpg,SLEEPY ORANGE,64,224,224,3,JPEG,23912
Image_4517,train/Image_4517.jpg,Image_4517.jpg,CLOUDED SULPHUR,19,224,224,3,JPEG,23024
Image_2050,train/Image_2050.jpg,Image_2050.jpg,SOUTHERN DOGFACE,66,224,224,3,JPEG,23594
Image_6225,train/Image_6225.jpg,Image_6225.jpg,ATALA,5,224,224,3,JPEG,20406
Image_4464,train/Image_4464.jpg,Image_4464.jpg,ZEBRA LONG WING,74,224,224,3,JPEG,21588
Image_3224,train/Image_3224.jpg,Image_3224.jpg,TROPICAL LEAFWING,68,224,224,3,JPEG,25299
Image_5655,train/Image_5655.jpg,Image_5655.jpg,AFRICAN GIANT SWALLOWTAIL,1,224,224,3,JPEG,23903
Image_4381,train/Image_4381.jpg,Image_4381.jpg,VICEROY,71,224,224,3,JPEG,36757
Image_3063,train/Image_3063.jpg,Image_3063.jpg,VICEROY,71,224,224,3,JPEG,39261
Image_1618,train/Image_1618.jpg,Image_1618.jpg,CRECENT,23,224,224,3,JPEG,30075
Image_5757,train/Image_5757.jpg,Image_5757.jpg,SOOTYWING,65,224,224,3,JPEG,16111
Image_420,train/Image_420.jpg,Image_420.jpg,BLUE MORPHO,10,224,224,3,JPEG,30197
Image_5903,train/Image_5903.jpg,Image_5903.jpg,LARGE MARBLE,38,224,224,3,JPEG,21288
Image_3771,train/Image_3771.jpg,Image_3771.jpg,PEACOCK,51,224,224,3,JPEG,31990
Image_2793,train/Image_2793.jpg,Image_2793.jpg,PAINTED LADY,49,224,224,3,JPEG,32175
Image_4015,train/Image_4015.jpg,Image_4015.jpg,CABBAGE WHITE,13,224,224,3,JPEG,27235
Image_4556,train/Image_4556.jpg,Image_4556.jpg,CLODIUS PARNASSIAN,18,224,224,3,JPEG,29871
Image_928,train/Image_928.jpg,Image_928.jpg,STRAITED QUEEN,67,224,224,3,JPEG,30451
Image_3239,train/Image_3239.jpg,Image_3239.jpg,EASTERN DAPPLE WHITE,27,224,224,3,JPEG,15860
Image_857,train/Image_857.jpg,Image_857.jpg,PIPEVINE SWALLOW,53,224,224,3,JPEG,26383
Image_2300,train/Image_2300.jpg,Image_2300.jpg,MOURNING CLOAK,45,224,224,3,JPEG,29249
Image_1813,train/Image_1813.jpg,Image_1813.jpg,GREY HAIRSTREAK,34,224,224,3,JPEG,22495
Image_6209,train/Image_6209.jpg,Image_6209.jpg,YELLOW SWALLOW TAIL,73,224,224,3,JPEG,29616
Image_4498,train/Image_4498.jpg,Image_4498.jpg,APPOLLO,4,224,224,3,JPEG,24926
Image_5819,train/Image_5819.jpg,Image_5819.jpg,PINE WHITE,52,224,224,3,JPEG,22791
Image_1742,train/Image_1742.jpg,Image_1742.jpg,BANDED PEACOCK,7,224,224,3,JPEG,36398
Image_454,train/Image_454.jpg,Image_454.jpg,SLEEPY ORANGE,64,224,224,3,JPEG,16685
Image_5071,train/Image_5071.jpg,Image_5071.jpg,PAPER KITE,50,224,224,3,JPEG,29298
Image_2234,train/Image_2234.jpg,Image_2234.jpg,GREEN CELLED CATTLEHEART,33,224,224,3,JPEG,24669
Image_1051,train/Image_1051.jpg,Image_1051.jpg,MOURNING CLOAK,45,224,224,3,JPEG,21058
Image_5535,train/Image_5535.jpg,Image_5535.jpg,TROPICAL LEAFWING,68,224,224,3,JPEG,21564
Image_1204,train/Image_1204.jpg,Image_1204.jpg,AFRICAN GIANT SWALLOWTAIL,1,224,224,3,JPEG,26652
Image_3311,train/Image_3311.jpg,Image_3311.jpg,ULYSES,70,224,224,3,JPEG,27561
Image_4446,train/Image_4446.jpg,Image_4446.jpg,EASTERN COMA,26,224,224,3,JPEG,30547
Image_3544,train/Image_3544.jpg,Image_3544.jpg,GREY HAIRSTREAK,34,224,224,3,JPEG,21637
Image_1426,train/Image_1426.jpg,Image_1426.jpg,MONARCH,44,224,224,3,JPEG,30858
Image_2779,train/Image_2779.jpg,Image_2779.jpg,EASTERN PINE ELFIN,28,224,224,3,JPEG,26285
Image_914,train/Image_914.jpg,Image_914.jpg,BANDED PEACOCK,7,224,224,3,JPEG,28230
Image_2198,train/Image_2198.jpg,Image_2198.jpg,RED CRACKER,59,224,224,3,JPEG,35103
Image_5148,train/Image_5148.jpg,Image_5148.jpg,CAIRNS BIRDWING,14,224,224,3,JPEG,19011
Image_2484,train/Image_2484.jpg,Image_2484.jpg,MALACHITE,39,224,224,3,JPEG,26610
Image_5411,train/Image_5411.jpg,Image_5411.jpg,ELBOWED PIERROT,29,224,224,3,JPEG,22256
Image_2669,train/Image_2669.jpg,Image_2669.jpg,TWO BARRED FLASHER,69,224,224,3,JPEG,24136
Image_929,train/Image_929.jpg,Image_929.jpg,SOUTHERN DOGFACE,66,224,224,3,JPEG,16129
Image_1167,train/Image_1167.jpg,Image_1167.jpg,SLEEPY ORANGE,64,224,224,3,JPEG,20515
Image_4630,train/Image_4630.jpg,Image_4630.jpg,APPOLLO,4,224,224,3,JPEG,23717
Image_2866,train/Image_2866.jpg,Image_2866.jpg,GOLD BANDED,30,224,224,3,JPEG,24497
Image_5172,train/Image_5172.jpg,Image_5172.jpg,GREAT JAY,32,224,224,3,JPEG,22307
Image_3069,train/Image_3069.jpg,Image_3069.jpg,BLUE SPOTTED CROW,11,224,224,3,JPEG,16381
Image_4587,train/Image_4587.jpg,Image_4587.jpg,RED CRACKER,59,224,224,3,JPEG,36892
Image_2732,train/Image_2732.jpg,Image_2732.jpg,COMMON BANDED AWL,20,224,224,3,JPEG,28287
Image_2235,train/Image_2235.jpg,Image_2235.jpg,COPPER TAIL,22,224,224,3,JPEG,26628
Image_5670,train/Image_5670.jpg,Image_5670.jpg,CLEOPATRA,17,224,224,3,JPEG,21072
Image_3595,train/Image_3595.jpg,Image_3595.jpg,VICEROY,71,224,224,3,JPEG,28441
Image_3414,train/Image_3414.jpg,Image_3414.jpg,AN 88,3,224,224,3,JPEG,30975
Image_5477,train/Image_5477.jpg,Image_5477.jpg,MESTRA,41,224,224,3,JPEG,25706
Image_5933,train/Image_5933.jpg,Image_5933.jpg,EASTERN PINE ELFIN,28,224,224,3,JPEG,24728
Image_2360,train/Image_2360.jpg,Image_2360.jpg,ADONIS,0,224,224,3,JPEG,32128
Image_195,train/Image_195.jpg,Image_195.jpg,EASTERN PINE ELFIN,28,224,224,3,JPEG,24394
Image_5261,train/Image_5261.jpg,Image_5261.jpg,TWO BARRED FLASHER,69,224,224,3,JPEG,26325
Image_2725,train/Image_2725.jpg,Image_2725.jpg,SCARCE SWALLOW,62,224,224,3,JPEG,25525
Image_5346,train/Image_5346.jpg,Image_5346.jpg,METALMARK,42,224,224,3,JPEG,30931
Image_6459,train/Image_6459.jpg,Image_6459.jpg,VICEROY,71,224,224,3,JPEG,29507
Image_5298,train/Image_5298.jpg,Image_5298.jpg,METALMARK,42,224,224,3,JPEG,26845
Image_5927,train/Image_5927.jpg,Image_5927.jpg,LARGE MARBLE,38,224,224,3,JPEG,35962
Image_6050,train/Image_6050.jpg,Image_6050.jpg,CLODIUS PARNASSIAN,18,224,224,3,JPEG,22590
Image_6375,train/Image_6375.jpg,Image_6375.jpg,GREAT JAY,32,224,224,3,JPEG,21379
Image_2374,train/Image_2374.jpg,Image_2374.jpg,APPOLLO,4,224,224,3,JPEG,32811
Image_2077,train/Image_2077.jpg,Image_2077.jpg,METALMARK,42,224,224,3,JPEG,30229
Image_1292,train/Image_1292.jpg,Image_1292.jpg,RED POSTMAN,60,224,224,3,JPEG,21487
Image_432,train/Image_432.jpg,Image_432.jpg,ORANGE OAKLEAF,46,224,224,3,JPEG,31901
Image_6021,train/Image_6021.jpg,Image_6021.jpg,CRIMSON PATCH,24,224,224,3,JPEG,30838
Image_3017,train/Image_3017.jpg,Image_3017.jpg,MOURNING CLOAK,45,224,224,3,JPEG,25915
Image_6447,train/Image_6447.jpg,Image_6447.jpg,ATALA,5,224,224,3,JPEG,21451
Image_4747,train/Image_4747.jpg,Image_4747.jpg,CAIRNS BIRDWING,14,224,224,3,JPEG,15940
Image_744,train/Image_744.jpg,Image_744.jpg,ELBOWED PIERROT,29,224,224,3,JPEG,25785
Image_4441,train/Image_4441.jpg,Image_4441.jpg,ATALA,5,224,224,3,JPEG,27784
Image_1599,train/Image_1599.jpg,Image_1599.jpg,TROPICAL LEAFWING,68,224,224,3,JPEG,23561
Image_4452,train/Image_4452.jpg,Image_4452.jpg,PURPLE HAIRSTREAK,55,224,224,3,JPEG,29550
Image_786,train/Image_786.jpg,Image_786.jpg,EASTERN DAPPLE WHITE,27,224,224,3,JPEG,29910
Image_5578,train/Image_5578.jpg,Image_5578.jpg,BROWN SIPROETA,12,224,224,3,JPEG,15720
Image_3929,train/Image_3929.jpg,Image_3929.jpg,CHECQUERED SKIPPER,15,224,224,3,JPEG,24401
Image_4561,train/Image_4561.jpg,Image_4561.jpg,CHECQUERED SKIPPER,15,224,224,3,JPEG,28421
Image_2741,train/Image_2741.jpg,Image_2741.jpg,VICEROY,71,224,224,3,JPEG,30294
Image_1158,train/Image_1158.jpg,Image_1158.jpg,MONARCH,44,224,224,3,JPEG,28456
Image_723,train/Image_723.jpg,Image_723.jpg,CRECENT,23,224,224,3,JPEG,35672
Image_6351,train/Image_6351.jpg,Image_6351.jpg,CRECENT,23,224,224,3,JPEG,31452
Image_6329,train/Image_6329.jpg,Image_6329.jpg,DANAID EGGFLY,25,224,224,3,JPEG,25795
Image_4622,train/Image_4622.jpg,Image_4622.jpg,BANDED PEACOCK,7,224,224,3,JPEG,23905
Image_2914,train/Image_2914.jpg,Image_2914.jpg,SCARCE SWALLOW,62,224,224,3,JPEG,28315
Image_503,train/Image_503.jpg,Image_503.jpg,COMMON WOOD-NYMPH,21,224,224,3,JPEG,30283
Image_6391,train/Image_6391.jpg,Image_6391.jpg,PINE WHITE,52,224,224,3,JPEG,24232
Image_2406,train/Image_2406.jpg,Image_2406.jpg,RED SPOTTED PURPLE,61,224,224,3,JPEG,26961
Image_3599,train/Image_3599.jpg,Image_3599.jpg,PEACOCK,51,224,224,3,JPEG,34465
Image_770,train/Image_770.jpg,Image_770.jpg,AMERICAN SNOOT,2,224,224,3,JPEG,31632
Image_962,train/Image_962.jpg,Image_962.jpg,ATALA,5,224,224,3,JPEG,17677
Image_5640,train/Image_5640.jpg,Image_5640.jpg,COPPER TAIL,22,224,224,3,JPEG,23674
Image_1693,train/Image_1693.jpg,Image_1693.jpg,RED CRACKER,59,224,224,3,JPEG,24289
Image_6215,train/Image_6215.jpg,Image_6215.jpg,EASTERN PINE ELFIN,28,224,224,3,JPEG,30485
Image_206,train/Image_206.jpg,Image_206.jpg,IPHICLUS SISTER,36,224,224,3,JPEG,24935
Image_4514,train/Image_4514.jpg,Image_4514.jpg,WOOD SATYR,72,224,224,3,JPEG,30919
Image_5459,train/Image_5459.jpg,Image_5459.jpg,COMMON BANDED AWL,20,224,224,3,JPEG,17601
Image_2315,train/Image_2315.jpg,Image_2315.jpg,GREAT JAY,32,224,224,3,JPEG,25681
Image_650,train/Image_650.jpg,Image_650.jpg,SOUTHERN DOGFACE,66,224,224,3,JPEG,23252
Image_5223,train/Image_5223.jpg,Image_5223.jpg,ORANGE OAKLEAF,46,224,224,3,JPEG,29045
Image_2028,train/Image_2028.jpg,Image_2028.jpg,PINE WHITE,52,224,224,3,JPEG,24862
Image_3377,train/Image_3377.jpg,Image_3377.jpg,CHECQUERED SKIPPER,15,224,224,3,JPEG,25476
Image_2368,train/Image_2368.jpg,Image_2368.jpg,RED SPOTTED PURPLE,61,224,224,3,JPEG,31421
Image_5623,train/Image_5623.jpg,Image_5623.jpg,SCARCE SWALLOW,62,224,224,3,JPEG,20127
Image_977,train/Image_977.jpg,Image_977.jpg,GREAT EGGFLY,31,224,224,3,JPEG,25072
Image_1900,train/Image_1900.jpg,Image_1900.jpg,CLEOPATRA,17,224,224,3,JPEG,27526
Image_6421,train/Image_6421.jpg,Image_6421.jpg,MOURNING CLOAK,45,224,224,3,JPEG,29915
Image_2174,train/Image_2174.jpg,Image_2174.jpg,APPOLLO,4,224,224,3,JPEG,20863
Image_3305,train/Image_3305.jpg,Image_3305.jpg,CABBAGE WHITE,13,224,224,3,JPEG,21221
Image_1323,train/Image_1323.jpg,Image_1323.jpg,ORANGE OAKLEAF,46,224,224,3,JPEG,20571
Image_4105,train/Image_4105.jpg,Image_4105.jpg,PEACOCK,51,224,224,3,JPEG,29755
Image_450,train/Image_450.jpg,Image_450.jpg,VICEROY,71,224,224,3,JPEG,34088
Image_2462,train/Image_2462.jpg,Image_2462.jpg,GREEN CELLED CATTLEHEART,33,224,224,3,JPEG,22744
Image_4939,train/Image_4939.jpg,Image_4939.jpg,CLEOPATRA,17,224,224,3,JPEG,23606
Image_3113,train/Image_3113.jpg,Image_3113.jpg,EASTERN PINE ELFIN,28,224,224,3,JPEG,35187
Image_6383,train/Image_6383.jpg,Image_6383.jpg,COMMON WOOD-NYMPH,21,224,224,3,JPEG,34530
Image_1455,train/Image_1455.jpg,Image_1455.jpg,MESTRA,41,224,224,3,JPEG,26249
Image_345,train/Image_345.jpg,Image_345.jpg,BLACK HAIRSTREAK,9,224,224,3,JPEG,21875
Image_3863,train/Image_3863.jpg,Image_3863.jpg,QUESTION MARK,57,224,224,3,JPEG,32335
Image_5453,train/Image_5453.jpg,Image_5453.jpg,POPINJAY,54,224,224,3,JPEG,22837
Image_261,train/Image_261.jpg,Image_261.jpg,CLOUDED SULPHUR,19,224,224,3,JPEG,27071
Image_4999,train/Image_4999.jpg,Image_4999.jpg,MONARCH,44,224,224,3,JPEG,23642
Image_6120,train/Image_6120.jpg,Image_6120.jpg,GOLD BANDED,30,224,224,3,JPEG,18243
Image_402,train/Image_402.jpg,Image_402.jpg,RED POSTMAN,60,224,224,3,JPEG,24947
Image_4656,train/Image_4656.jpg,Image_4656.jpg,LARGE MARBLE,38,224,224,3,JPEG,28333
Image_5810,train/Image_5810.jpg,Image_5810.jpg,GREAT JAY,32,224,224,3,JPEG,24605
Image_1836,train/Image_1836.jpg,Image_1836.jpg,MILBERTS TORTOISESHELL,43,224,224,3,JPEG,25342
Image_4300,train/Image_4300.jpg,Image_4300.jpg,JULIA,37,224,224,3,JPEG,19618
Image_3222,train/Image_3222.jpg,Image_3222.jpg,CHESTNUT,16,224,224,3,JPEG,29481
Image_1820,train/Image_1820.jpg,Image_1820.jpg,MONARCH,44,224,224,3,JPEG,26784
Image_5588,train/Image_5588.jpg,Image_5588.jpg,MALACHITE,39,224,224,3,JPEG,24272
Image_5690,train/Image_5690.jpg,Image_5690.jpg,CLEOPATRA,17,224,224,3,JPEG,21203
Image_1198,train/Image_1198.jpg,Image_1198.jpg,ATALA,5,224,224,3,JPEG,25812
Image_5454,train/Image_5454.jpg,Image_5454.jpg,RED SPOTTED PURPLE,61,224,224,3,JPEG,39336
Image_6129,train/Image_6129.jpg,Image_6129.jpg,DANAID EGGFLY,25,224,224,3,JPEG,19327
Image_32,train/Image_32.jpg,Image_32.jpg,CAIRNS BIRDWING,14,224,224,3,JPEG,29158
Image_5201,train/Image_5201.jpg,Image_5201.jpg,GOLD BANDED,30,224,224,3,JPEG,26666
Image_5430,train/Image_5430.jpg,Image_5430.jpg,ORCHARD SWALLOW,48,224,224,3,JPEG,25699
Image_3647,train/Image_3647.jpg,Image_3647.jpg,GOLD BANDED,30,224,224,3,JPEG,24019
Image_1520,train/Image_1520.jpg,Image_1520.jpg,BECKERS WHITE,8,224,224,3,JPEG,17237
Image_5121,train/Image_5121.jpg,Image_5121.jpg,PAPER KITE,50,224,224,3,JPEG,31931
Image_2607,train/Image_2607.jpg,Image_2607.jpg,ATALA,5,224,224,3,JPEG,22736
Image_4057,train/Image_4057.jpg,Image_4057.jpg,VICEROY,71,224,224,3,JPEG,35350
Image_4586,train/Image_4586.jpg,Image_4586.jpg,SILVER SPOT SKIPPER,63,224,224,3,JPEG,24163
Image_4996,train/Image_4996.jpg,Image_4996.jpg,ORANGE TIP,47,224,224,3,JPEG,18652
Image_6252,train/Image_6252.jpg,Image_6252.jpg,SILVER SPOT SKIPPER,63,224,224,3,JPEG,25149
Image_2482,train/Image_2482.jpg,Image_2482.jpg,TROPICAL LEAFWING,68,224,224,3,JPEG,28337
Image_2424,train/Image_2424.jpg,Image_2424.jpg,INDRA SWALLOW,35,224,224,3,JPEG,29427
Image_5050,train/Image_5050.jpg,Image_5050.jpg,COMMON WOOD-NYMPH,21,224,224,3,JPEG,31597
Image_1982,train/Image_1982.jpg,Image_1982.jpg,BLUE MORPHO,10,224,224,3,JPEG,13621
Image_735,train/Image_735.jpg,Image_735.jpg,ZEBRA LONG WING,74,224,224,3,JPEG,19685
Image_6172,train/Image_6172.jpg,Image_6172.jpg,RED SPOTTED PURPLE,61,224,224,3,JPEG,23094
Image_5219,train/Image_5219.jpg,Image_5219.jpg,SOUTHERN DOGFACE,66,224,224,3,JPEG,24603
Image_762,train/Image_762.jpg,Image_762.jpg,CRIMSON PATCH,24,224,224,3,JPEG,22915
Image_2790,train/Image_2790.jpg,Image_2790.jpg,EASTERN DAPPLE WHITE,27,224,224,3,JPEG,29376
Image_6144,train/Image_6144.jpg,Image_6144.jpg,MILBERTS TORTOISESHELL,43,224,224,3,JPEG,33458
Image_2323,train/Image_2323.jpg,Image_2323.jpg,MESTRA,41,224,224,3,JPEG,24414
Image_1911,train/Image_1911.jpg,Image_1911.jpg,EASTERN PINE ELFIN,28,224,224,3,JPEG,26620
Image_1579,train/Image_1579.jpg,Image_1579.jpg,MALACHITE,39,224,224,3,JPEG,34179
Image_5839,train/Image_5839.jpg,Image_5839.jpg,IPHICLUS SISTER,36,224,224,3,JPEG,19397
Image_5606,train/Image_5606.jpg,Image_5606.jpg,COMMON BANDED AWL,20,224,224,3,JPEG,22558
Image_1990,train/Image_1990.jpg,Image_1990.jpg,GREAT JAY,32,224,224,3,JPEG,16722
Image_4723,train/Image_4723.jpg,Image_4723.jpg,GREEN CELLED CATTLEHEART,33,224,224,3,JPEG,21034
Image_5648,train/Image_5648.jpg,Image_5648.jpg,CLOUDED SULPHUR,19,224,224,3,JPEG,21836
Image_3503,train/Image_3503.jpg,Image_3503.jpg,RED CRACKER,59,224,224,3,JPEG,31555
Image_297,train/Image_297.jpg,Image_297.jpg,BROWN SIPROETA,12,224,224,3,JPEG,22132
Image_1333,train/Image_1333.jpg,Image_1333.jpg,METALMARK,42,224,224,3,JPEG,20819
Image_1641,train/Image_1641.jpg,Image_1641.jpg,COMMON BANDED AWL,20,224,224,3,JPEG,16789
Image_2431,train/Image_2431.jpg,Image_2431.jpg,BANDED PEACOCK,7,224,224,3,JPEG,18002
Image_5098,train/Image_5098.jpg,Image_5098.jpg,MANGROVE SKIPPER,40,224,224,3,JPEG,27423
Image_3623,train/Image_3623.jpg,Image_3623.jpg,DANAID EGGFLY,25,224,224,3,JPEG,25901
Image_639,train/Image_639.jpg,Image_639.jpg,CABBAGE WHITE,13,224,224,3,JPEG,20252
Image_5083,train/Image_5083.jpg,Image_5083.jpg,RED CRACKER,59,224,224,3,JPEG,31227
Image_1522,train/Image_1522.jpg,Image_1522.jpg,BANDED PEACOCK,7,224,224,3,JPEG,21909
Image_1664,train/Image_1664.jpg,Image_1664.jpg,METALMARK,42,224,224,3,JPEG,21889
Image_4593,train/Image_4593.jpg,Image_4593.jpg,MALACHITE,39,224,224,3,JPEG,35378
Image_4283,train/Image_4283.jpg,Image_4283.jpg,RED CRACKER,59,224,224,3,JPEG,37674
Image_3117,train/Image_3117.jpg,Image_3117.jpg,MOURNING CLOAK,45,224,224,3,JPEG,26283
Image_1076,train/Image_1076.jpg,Image_1076.jpg,MALACHITE,39,224,224,3,JPEG,24298
Image_4884,train/Image_4884.jpg,Image_4884.jpg,BANDED ORANGE HELICONIAN,6,224,224,3,JPEG,28385
Image_2276,train/Image_2276.jpg,Image_2276.jpg,JULIA,37,224,224,3,JPEG,19391
Image_1475,train/Image_1475.jpg,Image_1475.jpg,MILBERTS TORTOISESHELL,43,224,224,3,JPEG,32584
Image_3610,train/Image_3610.jpg,Image_3610.jpg,MOURNING CLOAK,45,224,224,3,JPEG,40734
Image_2709,train/Image_2709.jpg,Image_2709.jpg,GREY HAIRSTREAK,34,224,224,3,JPEG,22325
Image_1168,train/Image_1168.jpg,Image_1168.jpg,STRAITED QUEEN,67,224,224,3,JPEG,29675
Image_2823,train/Image_2823.jpg,Image_2823.jpg,WOOD SATYR,72,224,224,3,JPEG,23284
Image_2856,train/Image_2856.jpg,Image_2856.jpg,MESTRA,41,224,224,3,JPEG,22202
Image_168,train/Image_168.jpg,Image_168.jpg,RED POSTMAN,60,224,224,3,JPEG,15845
Image_2461,train/Image_2461.jpg,Image_2461.jpg,BROWN SIPROETA,12,224,224,3,JPEG,30659
Image_2548,train/Image_2548.jpg,Image_2548.jpg,IPHICLUS SISTER,36,224,224,3,JPEG,36422
Image_6395,train/Image_6395.jpg,Image_6395.jpg,CHESTNUT,16,224,224,3,JPEG,27712
Image_4244,train/Image_4244.jpg,Image_4244.jpg,POPINJAY,54,224,224,3,JPEG,16764
Image_143,train/Image_143.jpg,Image_143.jpg,SLEEPY ORANGE,64,224,224,3,JPEG,27369
Image_3706,train/Image_3706.jpg,Image_3706.jpg,BLACK HAIRSTREAK,9,224,224,3,JPEG,20920
Image_2059,train/Image_2059.jpg,Image_2059.jpg,VICEROY,71,224,224,3,JPEG,26807
Image_2036,train/Image_2036.jpg,Image_2036.jpg,BROWN SIPROETA,12,224,224,3,JPEG,23113
Image_2736,train/Image_2736.jpg,Image_2736.jpg,SLEEPY ORANGE,64,224,224,3,JPEG,20352
Image_5208,train/Image_5208.jpg,Image_5208.jpg,BLUE MORPHO,10,224,224,3,JPEG,25865
Image_6381,train/Image_6381.jpg,Image_6381.jpg,METALMARK,42,224,224,3,JPEG,21736
Image_4251,train/Image_4251.jpg,Image_4251.jpg,CABBAGE WHITE,13,224,224,3,JPEG,19739
Image_270,train/Image_270.jpg,Image_270.jpg,PEACOCK,51,224,224,3,JPEG,25959
Image_1450,train/Image_1450.jpg,Image_1450.jpg,MONARCH,44,224,224,3,JPEG,26837
Image_6201,train/Image_6201.jpg,Image_6201.jpg,ORCHARD SWALLOW,48,224,224,3,JPEG,23746
Image_4086,train/Image_4086.jpg,Image_4086.jpg,AFRICAN GIANT SWALLOWTAIL,1,224,224,3,JPEG,23352
Image_4744,train/Image_4744.jpg,Image_4744.jpg,BANDED ORANGE HELICONIAN,6,224,224,3,JPEG,30704
Image_1215,train/Image_1215.jpg,Image_1215.jpg,GREY HAIRSTREAK,34,224,224,3,JPEG,17572
Image_898,train/Image_898.jpg,Image_898.jpg,MESTRA,41,224,224,3,JPEG,25269
Image_2913,train/Image_2913.jpg,Image_2913.jpg,MILBERTS TORTOISESHELL,43,224,224,3,JPEG,22935
Image_4340,train/Image_4340.jpg,Image_4340.jpg,MONARCH,44,224,224,3,JPEG,35371
Image_3465,train/Image_3465.jpg,Image_3465.jpg,AN 88,3,224,224,3,JPEG,24997
Image_5605,train/Image_5605.jpg,Image_5605.jpg,CRECENT,23,224,224,3,JPEG,30518
Image_3137,train/Image_3137.jpg,Image_3137.jpg,ORANGE TIP,47,224,224,3,JPEG,26165
Image_2656,train/Image_2656.jpg,Image_2656.jpg,CLODIUS PARNASSIAN,18,224,224,3,JPEG,19285
Image_3728,train/Image_3728.jpg,Image_3728.jpg,BECKERS WHITE,8,224,224,3,JPEG,13724
Image_2911,train/Image_2911.jpg,Image_2911.jpg,GREEN CELLED CATTLEHEART,33,224,224,3,JPEG,25420
Image_3787,train/Image_3787.jpg,Image_3787.jpg,COMMON BANDED AWL,20,224,224,3,JPEG,18215
Image_6435,train/Image_6435.jpg,Image_6435.jpg,CLOUDED SULPHUR,19,224,224,3,JPEG,20082
Image_4555,train/Image_4555.jpg,Image_4555.jpg,CRECENT,23,224,224,3,JPEG,29406
Image_1132,train/Image_1132.jpg,Image_1132.jpg,MALACHITE,39,224,224,3,JPEG,20903
Image_4790,train/Image_4790.jpg,Image_4790.jpg,ADONIS,0,224,224,3,JPEG,32633
Image_5367,train/Image_5367.jpg,Image_5367.jpg,PAINTED LADY,49,224,224,3,JPEG,27077
Image_5167,train/Image_5167.jpg,Image_5167.jpg,ORANGE OAKLEAF,46,224,224,3,JPEG,25087
Image_6015,train/Image_6015.jpg,Image_6015.jpg,BLACK HAIRSTREAK,9,224,224,3,JPEG,30095
Image_4940,train/Image_4940.jpg,Image_4940.jpg,EASTERN PINE ELFIN,28,224,224,3,JPEG,27114
Image_5586,train/Image_5586.jpg,Image_5586.jpg,PEACOCK,51,224,224,3,JPEG,24333
Image_5000,train/Image_5000.jpg,Image_5000.jpg,COMMON BANDED AWL,20,224,224,3,JPEG,17434
Image_717,train/Image_717.jpg,Image_717.jpg,MESTRA,41,224,224,3,JPEG,21710
Image_4512,train/Image_4512.jpg,Image_4512.jpg,COMMON BANDED AWL,20,224,224,3,JPEG,18541
Image_376,train/Image_376.jpg,Image_376.jpg,MALACHITE,39,224,224,3,JPEG,27141
Image_1342,train/Image_1342.jpg,Image_1342.jpg,BANDED PEACOCK,7,224,224,3,JPEG,37158
Image_1737,train/Image_1737.jpg,Image_1737.jpg,EASTERN PINE ELFIN,28,224,224,3,JPEG,38796
Image_5855,train/Image_5855.jpg,Image_5855.jpg,GREAT JAY,32,224,224,3,JPEG,20485
Image_2734,train/Image_2734.jpg,Image_2734.jpg,BANDED PEACOCK,7,224,224,3,JPEG,27944
Image_4369,train/Image_4369.jpg,Image_4369.jpg,CAIRNS BIRDWING,14,224,224,3,JPEG,27252
Image_3925,train/Image_3925.jpg,Image_3925.jpg,CRIMSON PATCH,24,224,224,3,JPEG,25990
Image_5178,train/Image_5178.jpg,Image_5178.jpg,AFRICAN GIANT SWALLOWTAIL,1,224,224,3,JPEG,19356
Image_3970,train/Image_3970.jpg,Image_3970.jpg,PAINTED LADY,49,224,224,3,JPEG,25038
Image_2333,train/Image_2333.jpg,Image_2333.jpg,MILBERTS TORTOISESHELL,43,224,224,3,JPEG,25607
Image_3447,train/Image_3447.jpg,Image_3447.jpg,RED SPOTTED PURPLE,61,224,224,3,JPEG,36874
Image_1021,train/Image_1021.jpg,Image_1021.jpg,GREY HAIRSTREAK,34,224,224,3,JPEG,27485
Image_3182,train/Image_3182.jpg,Image_3182.jpg,COMMON WOOD-NYMPH,21,224,224,3,JPEG,22959
Image_6300,train/Image_6300.jpg,Image_6300.jpg,MILBERTS TORTOISESHELL,43,224,224,3,JPEG,33595
Image_4631,train/Image_4631.jpg,Image_4631.jpg,RED POSTMAN,60,224,224,3,JPEG,28491
Image_5067,train/Image_5067.jpg,Image_5067.jpg,MOURNING CLOAK,45,224,224,3,JPEG,31412
Image_3294,train/Image_3294.jpg,Image_3294.jpg,COMMON BANDED AWL,20,224,224,3,JPEG,25679
Image_4671,train/Image_4671.jpg,Image_4671.jpg,BECKERS WHITE,8,224,224,3,JPEG,28138
Image_3353,train/Image_3353.jpg,Image_3353.jpg,GREEN CELLED CATTLEHEART,33,224,224,3,JPEG,21117
Image_6297,train/Image_6297.jpg,Image_6297.jpg,APPOLLO,4,224,224,3,JPEG,22441
Image_3901,train/Image_3901.jpg,Image_3901.jpg,CABBAGE WHITE,13,224,224,3,JPEG,27909
Image_3492,train/Image_3492.jpg,Image_3492.jpg,BLUE MORPHO,10,224,224,3,JPEG,20977
Image_2447,train/Image_2447.jpg,Image_2447.jpg,COMMON WOOD-NYMPH,21,224,224,3,JPEG,24346
Image_431,train/Image_431.jpg,Image_431.jpg,GREY HAIRSTREAK,34,224,224,3,JPEG,23127
Image_2398,train/Image_2398.jpg,Image_2398.jpg,RED SPOTTED PURPLE,61,224,224,3,JPEG,25343
Image_1762,train/Image_1762.jpg,Image_1762.jpg,CRECENT,23,224,224,3,JPEG,22413
Image_4430,train/Image_4430.jpg,Image_4430.jpg,EASTERN DAPPLE WHITE,27,224,224,3,JPEG,25721
Image_1452,train/Image_1452.jpg,Image_1452.jpg,CHESTNUT,16,224,224,3,JPEG,24849
Image_5620,train/Image_5620.jpg,Image_5620.jpg,CLOUDED SULPHUR,19,224,224,3,JPEG,18654
Image_1206,train/Image_1206.jpg,Image_1206.jpg,YELLOW SWALLOW TAIL,73,224,224,3,JPEG,25981
Image_1710,train/Image_1710.jpg,Image_1710.jpg,GREAT EGGFLY,31,224,224,3,JPEG,27215
Image_1883,train/Image_1883.jpg,Image_1883.jpg,AN 88,3,224,224,3,JPEG,25886
Image_6443,train/Image_6443.jpg,Image_6443.jpg,SCARCE SWALLOW,62,224,224,3,JPEG,27646
Image_930,train/Image_930.jpg,Image_930.jpg,PURPLISH COPPER,56,224,224,3,JPEG,20467
Image_2968,train/Image_2968.jpg,Image_2968.jpg,MOURNING CLOAK,45,224,224,3,JPEG,27776
Image_2938,train/Image_2938.jpg,Image_2938.jpg,GREAT JAY,32,224,224,3,JPEG,18556
Image_1083,train/Image_1083.jpg,Image_1083.jpg,RED SPOTTED PURPLE,61,224,224,3,JPEG,31970
Image_2205,train/Image_2205.jpg,Image_2205.jpg,BANDED ORANGE HELICONIAN,6,224,224,3,JPEG,21748
Image_3501,train/Image_3501.jpg,Image_3501.jpg,EASTERN COMA,26,224,224,3,JPEG,26556
Image_5307,train/Image_5307.jpg,Image_5307.jpg,RED ADMIRAL,58,224,224,3,JPEG,29031
Image_2434,train/Image_2434.jpg,Image_2434.jpg,CLEOPATRA,17,224,224,3,JPEG,23253
Image_5254,train/Image_5254.jpg,Image_5254.jpg,COMMON WOOD-NYMPH,21,224,224,3,JPEG,31222
Image_2078,train/Image_2078.jpg,Image_2078.jpg,RED ADMIRAL,58,224,224,3,JPEG,38351
Image_1568,train/Image_1568.jpg,Image_1568.jpg,PURPLE HAIRSTREAK,55,224,224,3,JPEG,25828
Image_4279,train/Image_4279.jpg,Image_4279.jpg,RED POSTMAN,60,224,224,3,JPEG,25240
Image_5574,train/Image_5574.jpg,Image_5574.jpg,CLEOPATRA,17,224,224,3,JPEG,18232
Image_4721,train/Image_4721.jpg,Image_4721.jpg,CAIRNS BIRDWING,14,224,224,3,JPEG,24503
Image_3241,train/Image_3241.jpg,Image_3241.jpg,GOLD BANDED,30,224,224,3,JPEG,23764
Image_6247,train/Image_6247.jpg,Image_6247.jpg,IPHICLUS SISTER,36,224,224,3,JPEG,30210
Image_2610,train/Image_2610.jpg,Image_2610.jpg,GREAT EGGFLY,31,224,224,3,JPEG,23172
Image_5669,train/Image_5669.jpg,Image_5669.jpg,YELLOW SWALLOW TAIL,73,224,224,3,JPEG,34006
Image_3603,train/Image_3603.jpg,Image_3603.jpg,CHECQUERED SKIPPER,15,224,224,3,JPEG,21495
Image_5322,train/Image_5322.jpg,Image_5322.jpg,GREAT EGGFLY,31,224,224,3,JPEG,27660
Image_21,train/Image_21.jpg,Image_21.jpg,CHECQUERED SKIPPER,15,224,224,3,JPEG,29084
Image_513,train/Image_513.jpg,Image_513.jpg,INDRA SWALLOW,35,224,224,3,JPEG,26324
Image_4545,train/Image_4545.jpg,Image_4545.jpg,INDRA SWALLOW,35,224,224,3,JPEG,32052
Image_3942,train/Image_3942.jpg,Image_3942.jpg,TROPICAL LEAFWING,68,224,224,3,JPEG,21234
Image_5308,train/Image_5308.jpg,Image_5308.jpg,EASTERN DAPPLE WHITE,27,224,224,3,JPEG,17937
Image_5595,train/Image_5595.jpg,Image_5595.jpg,POPINJAY,54,224,224,3,JPEG,35777
Image_5881,train/Image_5881.jpg,Image_5881.jpg,AN 88,3,224,224,3,JPEG,30115
Image_2041,train/Image_2041.jpg,Image_2041.jpg,PAINTED LADY,49,224,224,3,JPEG,27633
Image_4329,train/Image_4329.jpg,Image_4329.jpg,ORANGE TIP,47,224,224,3,JPEG,26267
Image_2349,train/Image_2349.jpg,Image_2349.jpg,MANGROVE SKIPPER,40,224,224,3,JPEG,35992
Image_4018,train/Image_4018.jpg,Image_4018.jpg,MILBERTS TORTOISESHELL,43,224,224,3,JPEG,24628
Image_288,train/Image_288.jpg,Image_288.jpg,WOOD SATYR,72,224,224,3,JPEG,23098
Image_4922,train/Image_4922.jpg,Image_4922.jpg,LARGE MARBLE,38,224,224,3,JPEG,30414
Image_3364,train/Image_3364.jpg,Image_3364.jpg,BANDED ORANGE HELICONIAN,6,224,224,3,JPEG,27617
Image_777,train/Image_777.jpg,Image_777.jpg,RED POSTMAN,60,224,224,3,JPEG,27513
Image_614,train/Image_614.jpg,Image_614.jpg,EASTERN COMA,26,224,224,3,JPEG,37449
Image_48,train/Image_48.jpg,Image_48.jpg,BANDED PEACOCK,7,224,224,3,JPEG,31520
Image_2827,train/Image_2827.jpg,Image_2827.jpg,CRECENT,23,224,224,3,JPEG,28467
Image_4338,train/Image_4338.jpg,Image_4338.jpg,BLUE MORPHO,10,224,224,3,JPEG,30056
Image_386,train/Image_386.jpg,Image_386.jpg,ORANGE OAKLEAF,46,224,224,3,JPEG,37512
Image_568,train/Image_568.jpg,Image_568.jpg,RED POSTMAN,60,224,224,3,JPEG,18443
Image_5568,train/Image_5568.jpg,Image_5568.jpg,RED SPOTTED PURPLE,61,224,224,3,JPEG,21753
Image_245,train/Image_245.jpg,Image_245.jpg,BECKERS WHITE,8,224,224,3,JPEG,16382
Image_477,train/Image_477.jpg,Image_477.jpg,ULYSES,70,224,224,3,JPEG,26628
Image_2113,train/Image_2113.jpg,Image_2113.jpg,ORANGE TIP,47,224,224,3,JPEG,22393
Image_2317,train/Image_2317.jpg,Image_2317.jpg,BLUE MORPHO,10,224,224,3,JPEG,23373
Image_5909,train/Image_5909.jpg,Image_5909.jpg,VICEROY,71,224,224,3,JPEG,25284
Image_2076,train/Image_2076.jpg,Image_2076.jpg,CABBAGE WHITE,13,224,224,3,JPEG,25617
Image_4910,train/Image_4910.jpg,Image_4910.jpg,GREEN CELLED CATTLEHEART,33,224,224,3,JPEG,23179
Image_4246,train/Image_4246.jpg,Image_4246.jpg,CLODIUS PARNASSIAN,18,224,224,3,JPEG,26411
Image_2718,train/Image_2718.jpg,Image_2718.jpg,GOLD BANDED,30,224,224,3,JPEG,30143
Image_4210,train/Image_4210.jpg,Image_4210.jpg,ATALA,5,224,224,3,JPEG,14954
Image_1429,train/Image_1429.jpg,Image_1429.jpg,DANAID EGGFLY,25,224,224,3,JPEG,33982
Image_3985,train/Image_3985.jpg,Image_3985.jpg,APPOLLO,4,224,224,3,JPEG,36110
Image_4058,train/Image_4058.jpg,Image_4058.jpg,ATALA,5,224,224,3,JPEG,18315
Image_4936,train/Image_4936.jpg,Image_4936.jpg,SLEEPY ORANGE,64,224,224,3,JPEG,20019
Image_3745,train/Image_3745.jpg,Image_3745.jpg,BLUE MORPHO,10,224,224,3,JPEG,28815
Image_2003,train/Image_2003.jpg,Image_2003.jpg,BROWN SIPROETA,12,224,224,3,JPEG,23384
Image_1581,train/Image_1581.jpg,Image_1581.jpg,CABBAGE WHITE,13,224,224,3,JPEG,19766
Image_3582,train/Image_3582.jpg,Image_3582.jpg,GREAT EGGFLY,31,224,224,3,JPEG,28029
Image_1649,train/Image_1649.jpg,Image_1649.jpg,GREEN CELLED CATTLEHEART,33,224,224,3,JPEG,21207
Image_6003,train/Image_6003.jpg,Image_6003.jpg,BLUE MORPHO,10,224,224,3,JPEG,27010
Image_1608,train/Image_1608.jpg,Image_1608.jpg,BROWN SIPROETA,12,224,224,3,JPEG,25676
Image_6408,train/Image_6408.jpg,Image_6408.jpg,RED SPOTTED PURPLE,61,224,224,3,JPEG,29316
Image_5132,train/Image_5132.jpg,Image_5132.jpg,ELBOWED PIERROT,29,224,224,3,JPEG,19364
Image_6079,train/Image_6079.jpg,Image_6079.jpg,CLEOPATRA,17,224,224,3,JPEG,28108
Image_4135,train/Image_4135.jpg,Image_4135.jpg,ORANGE TIP,47,224,224,3,JPEG,24181
Image_5854,train/Image_5854.jpg,Image_5854.jpg,POPINJAY,54,224,224,3,JPEG,38363
Image_3780,train/Image_3780.jpg,Image_3780.jpg,TROPICAL LEAFWING,68,224,224,3,JPEG,20512
Image_2808,train/Image_2808.jpg,Image_2808.jpg,MESTRA,41,224,224,3,JPEG,23456
Image_2908,train/Image_2908.jpg,Image_2908.jpg,APPOLLO,4,224,224,3,JPEG,34678
Image_847,train/Image_847.jpg,Image_847.jpg,RED ADMIRAL,58,224,224,3,JPEG,26869
Image_4460,train/Image_4460.jpg,Image_4460.jpg,CRECENT,23,224,224,3,JPEG,28841
Image_590,train/Image_590.jpg,Image_590.jpg,MILBERTS TORTOISESHELL,43,224,224,3,JPEG,28573
Image_6091,train/Image_6091.jpg,Image_6091.jpg,GREAT JAY,32,224,224,3,JPEG,21187
Image_6063,train/Image_6063.jpg,Image_6063.jpg,AMERICAN SNOOT,2,224,224,3,JPEG,32570
Image_5659,train/Image_5659.jpg,Image_5659.jpg,ADONIS,0,224,224,3,JPEG,25143
Image_98,train/Image_98.jpg,Image_98.jpg,PAPER KITE,50,224,224,3,JPEG,33195
Image_3028,train/Image_3028.jpg,Image_3028.jpg,ORCHARD SWALLOW,48,224,224,3,JPEG,21959
Image_3046,train/Image_3046.jpg,Image_3046.jpg,BROWN SIPROETA,12,224,224,3,JPEG,27481
Image_3543,train/Image_3543.jpg,Image_3543.jpg,ORANGE OAKLEAF,46,224,224,3,JPEG,28640
Image_4137,train/Image_4137.jpg,Image_4137.jpg,RED POSTMAN,60,224,224,3,JPEG,20256
Image_3244,train/Image_3244.jpg,Image_3244.jpg,ORANGE OAKLEAF,46,224,224,3,JPEG,20645
Image_5355,train/Image_5355.jpg,Image_5355.jpg,PAINTED LADY,49,224,224,3,JPEG,32624
Image_3461,train/Image_3461.jpg,Image_3461.jpg,MOURNING CLOAK,45,224,224,3,JPEG,29512
Image_1960,train/Image_1960.jpg,Image_1960.jpg,ORANGE OAKLEAF,46,224,224,3,JPEG,31199
Image_6477,train/Image_6477.jpg,Image_6477.jpg,MESTRA,41,224,224,3,JPEG,22453
Image_405,train/Image_405.jpg,Image_405.jpg,GREAT EGGFLY,31,224,224,3,JPEG,21817
Image_1155,train/Image_1155.jpg,Image_1155.jpg,AFRICAN GIANT SWALLOWTAIL,1,224,224,3,JPEG,23379
Image_387,train/Image_387.jpg,Image_387.jpg,AMERICAN SNOOT,2,224,224,3,JPEG,28949
Image_952,train/Image_952.jpg,Image_952.jpg,MILBERTS TORTOISESHELL,43,224,224,3,JPEG,20992
Image_4737,train/Image_4737.jpg,Image_4737.jpg,ORANGE OAKLEAF,46,224,224,3,JPEG,20184
Image_5457,train/Image_5457.jpg,Image_5457.jpg,CLOUDED SULPHUR,19,224,224,3,JPEG,16729
Image_2833,train/Image_2833.jpg,Image_2833.jpg,SLEEPY ORANGE,64,224,224,3,JPEG,21735
Image_4652,train/Image_4652.jpg,Image_4652.jpg,STRAITED QUEEN,67,224,224,3,JPEG,20860
Image_1264,train/Image_1264.jpg,Image_1264.jpg,GREAT JAY,32,224,224,3,JPEG,27114
Image_1945,train/Image_1945.jpg,Image_1945.jpg,EASTERN DAPPLE WHITE,27,224,224,3,JPEG,19602
Image_5519,train/Image_5519.jpg,Image_5519.jpg,PEACOCK,51,224,224,3,JPEG,26078
Image_3667,train/Image_3667.jpg,Image_3667.jpg,RED ADMIRAL,58,224,224,3,JPEG,17878
Image_1193,train/Image_1193.jpg,Image_1193.jpg,RED SPOTTED PURPLE,61,224,224,3,JPEG,24325
Image_4834,train/Image_4834.jpg,Image_4834.jpg,ULYSES,70,224,224,3,JPEG,22856
Image_2035,train/Image_2035.jpg,Image_2035.jpg,GREAT JAY,32,224,224,3,JPEG,22805
Image_6339,train/Image_6339.jpg,Image_6339.jpg,GREAT EGGFLY,31,224,224,3,JPEG,23403
Image_6485,train/Image_6485.jpg,Image_6485.jpg,PIPEVINE SWALLOW,53,224,224,3,JPEG,35709
Image_1287,train/Image_1287.jpg,Image_1287.jpg,RED SPOTTED PURPLE,61,224,224,3,JPEG,34560
Image_2143,train/Image_2143.jpg,Image_2143.jpg,COMMON WOOD-NYMPH,21,224,224,3,JPEG,30785
Image_2268,train/Image_2268.jpg,Image_2268.jpg,AMERICAN SNOOT,2,224,224,3,JPEG,23226
Image_6432,train/Image_6432.jpg,Image_6432.jpg,GOLD BANDED,30,224,224,3,JPEG,31577
Image_2162,train/Image_2162.jpg,Image_2162.jpg,TWO BARRED FLASHER,69,224,224,3,JPEG,29322
Image_126,train/Image_126.jpg,Image_126.jpg,MANGROVE SKIPPER,40,224,224,3,JPEG,25929
Image_5539,train/Image_5539.jpg,Image_5539.jpg,BANDED PEACOCK,7,224,224,3,JPEG,23989
Image_222,train/Image_222.jpg,Image_222.jpg,LARGE MARBLE,38,224,224,3,JPEG,19807
Image_4914,train/Image_4914.jpg,Image_4914.jpg,MOURNING CLOAK,45,224,224,3,JPEG,31823
Image_5764,train/Image_5764.jpg,Image_5764.jpg,MOURNING CLOAK,45,224,224,3,JPEG,33122
Image_451,train/Image_451.jpg,Image_451.jpg,CAIRNS BIRDWING,14,224,224,3,JPEG,21770
Image_155,train/Image_155.jpg,Image_155.jpg,ORCHARD SWALLOW,48,224,224,3,JPEG,34608
Image_2448,train/Image_2448.jpg,Image_2448.jpg,CABBAGE WHITE,13,224,224,3,JPEG,19345
Image_830,train/Image_830.jpg,Image_830.jpg,ATALA,5,224,224,3,JPEG,17636
Image_5076,train/Image_5076.jpg,Image_5076.jpg,SOOTYWING,65,224,224,3,JPEG,21888
Image_658,train/Image_658.jpg,Image_658.jpg,EASTERN COMA,26,224,224,3,JPEG,26867
Image_1315,train/Image_1315.jpg,Image_1315.jpg,MONARCH,44,224,224,3,JPEG,36361
Image_2014,train/Image_2014.jpg,Image_2014.jpg,ORANGE OAKLEAF,46,224,224,3,JPEG,29772
Image_4348,train/Image_4348.jpg,Image_4348.jpg,STRAITED QUEEN,67,224,224,3,JPEG,30867
Image_6458,train/Image_6458.jpg,Image_6458.jpg,MALACHITE,39,224,224,3,JPEG,28346
Image_458,train/Image_458.jpg,Image_458.jpg,BANDED ORANGE HELICONIAN,6,224,224,3,JPEG,20584
Image_6305,train/Image_6305.jpg,Image_6305.jpg,JULIA,37,224,224,3,JPEG,24917
Image_5894,train/Image_5894.jpg,Image_5894.jpg,TWO BARRED FLASHER,69,224,224,3,JPEG,28400
Image_4368,train/Image_4368.jpg,Image_4368.jpg,BROWN SIPROETA,12,224,224,3,JPEG,20930
Image_2895,train/Image_2895.jpg,Image_2895.jpg,ULYSES,70,224,224,3,JPEG,17053
Image_5078,train/Image_5078.jpg,Image_5078.jpg,WOOD SATYR,72,224,224,3,JPEG,24890
Image_1925,train/Image_1925.jpg,Image_1925.jpg,SOUTHERN DOGFACE,66,224,224,3,JPEG,21364
Image_6427,train/Image_6427.jpg,Image_6427.jpg,CRECENT,23,224,224,3,JPEG,29543
Image_819,train/Image_819.jpg,Image_819.jpg,TWO BARRED FLASHER,69,224,224,3,JPEG,31194
Image_539,train/Image_539.jpg,Image_539.jpg,METALMARK,42,224,224,3,JPEG,23319
Image_1476,train/Image_1476.jpg,Image_1476.jpg,AN 88,3,224,224,3,JPEG,34555
Image_636,train/Image_636.jpg,Image_636.jpg,SCARCE SWALLOW,62,224,224,3,JPEG,33270
Image_1524,train/Image_1524.jpg,Image_1524.jpg,SOUTHERN DOGFACE,66,224,224,3,JPEG,25269
Image_5975,train/Image_5975.jpg,Image_5975.jpg,TROPICAL LEAFWING,68,224,224,3,JPEG,30060
Image_3762,train/Image_3762.jpg,Image_3762.jpg,ULYSES,70,224,224,3,JPEG,31119
Image_4025,train/Image_4025.jpg,Image_4025.jpg,PEACOCK,51,224,224,3,JPEG,34046
Image_3287,train/Image_3287.jpg,Image_3287.jpg,SILVER SPOT SKIPPER,63,224,224,3,JPEG,24569
Image_4675,train/Image_4675.jpg,Image_4675.jpg,MOURNING CLOAK,45,224,224,3,JPEG,24144
Image_2714,train/Image_2714.jpg,Image_2714.jpg,BROWN SIPROETA,12,224,224,3,JPEG,13737
Image_1730,train/Image_1730.jpg,Image_1730.jpg,MOURNING CLOAK,45,224,224,3,JPEG,28322
Image_4860,train/Image_4860.jpg,Image_4860.jpg,GREY HAIRSTREAK,34,224,224,3,JPEG,25686
Image_5012,train/Image_5012.jpg,Image_5012.jpg,PURPLISH COPPER,56,224,224,3,JPEG,22980
Image_6246,train/Image_6246.jpg,Image_6246.jpg,AMERICAN SNOOT,2,224,224,3,JPEG,39640
Image_1067,train/Image_1067.jpg,Image_1067.jpg,MOURNING CLOAK,45,224,224,3,JPEG,37223
Image_5407,train/Image_5407.jpg,Image_5407.jpg,CLOUDED SULPHUR,19,224,224,3,JPEG,31193
Image_4763,train/Image_4763.jpg,Image_4763.jpg,CLODIUS PARNASSIAN,18,224,224,3,JPEG,23901
Image_5883,train/Image_5883.jpg,Image_5883.jpg,CLOUDED SULPHUR,19,224,224,3,JPEG,18595
Image_5589,train/Image_5589.jpg,Image_5589.jpg,BROWN SIPROETA,12,224,224,3,JPEG,22264
Image_4672,train/Image_4672.jpg,Image_4672.jpg,GREAT EGGFLY,31,224,224,3,JPEG,20103
Image_5420,train/Image_5420.jpg,Image_5420.jpg,GREAT EGGFLY,31,224,224,3,JPEG,23374
Image_144,train/Image_144.jpg,Image_144.jpg,ELBOWED PIERROT,29,224,224,3,JPEG,18206
Image_6076,train/Image_6076.jpg,Image_6076.jpg,JULIA,37,224,224,3,JPEG,23500
Image_2962,train/Image_2962.jpg,Image_2962.jpg,BLACK HAIRSTREAK,9,224,224,3,JPEG,20404
Image_5099,train/Image_5099.jpg,Image_5099.jpg,AN 88,3,224,224,3,JPEG,24784
Image_1918,train/Image_1918.jpg,Image_1918.jpg,MESTRA,41,224,224,3,JPEG,21862
Image_4885,train/Image_4885.jpg,Image_4885.jpg,METALMARK,42,224,224,3,JPEG,19487
Image_640,train/Image_640.jpg,Image_640.jpg,ELBOWED PIERROT,29,224,224,3,JPEG,17295
Image_4774,train/Image_4774.jpg,Image_4774.jpg,CHESTNUT,16,224,224,3,JPEG,31102
Image_2412,train/Image_2412.jpg,Image_2412.jpg,BROWN SIPROETA,12,224,224,3,JPEG,22566
Image_4880,train/Image_4880.jpg,Image_4880.jpg,ZEBRA LONG WING,74,224,224,3,JPEG,27649
Image_3402,train/Image_3402.jpg,Image_3402.jpg,GREY HAIRSTREAK,34,224,224,3,JPEG,24196
Image_5524,train/Image_5524.jpg,Image_5524.jpg,MESTRA,41,224,224,3,JPEG,23972
Image_5038,train/Image_5038.jpg,Image_5038.jpg,SOOTYWING,65,224,224,3,JPEG,19678
Image_4487,train/Image_4487.jpg,Image_4487.jpg,COMMON WOOD-NYMPH,21,224,224,3,JPEG,28891
Image_4933,train/Image_4933.jpg,Image_4933.jpg,BROWN SIPROETA,12,224,224,3,JPEG,31398
Image_4667,train/Image_4667.jpg,Image_4667.jpg,PINE WHITE,52,224,224,3,JPEG,30880
Image_2492,train/Image_2492.jpg,Image_2492.jpg,CAIRNS BIRDWING,14,224,224,3,JPEG,19227
Image_6163,train/Image_6163.jpg,Image_6163.jpg,PAPER KITE,50,224,224,3,JPEG,25278
Image_4835,train/Image_4835.jpg,Image_4835.jpg,DANAID EGGFLY,25,224,224,3,JPEG,23680
Image_3802,train/Image_3802.jpg,Image_3802.jpg,SLEEPY ORANGE,64,224,224,3,JPEG,32298
Image_1614,train/Image_1614.jpg,Image_1614.jpg,ELBOWED PIERROT,29,224,224,3,JPEG,23338
Image_6038,train/Image_6038.jpg,Image_6038.jpg,CLODIUS PARNASSIAN,18,224,224,3,JPEG,30963
Image_1312,train/Image_1312.jpg,Image_1312.jpg,ELBOWED PIERROT,29,224,224,3,JPEG,29442
Image_26,train/Image_26.jpg,Image_26.jpg,STRAITED QUEEN,67,224,224,3,JPEG,28155
Image_2101,train/Image_2101.jpg,Image_2101.jpg,ADONIS,0,224,224,3,JPEG,37245
Image_4741,train/Image_4741.jpg,Image_4741.jpg,BLACK HAIRSTREAK,9,224,224,3,JPEG,19958
Image_5770,train/Image_5770.jpg,Image_5770.jpg,CHESTNUT,16,224,224,3,JPEG,25099
Image_684,train/Image_684.jpg,Image_684.jpg,WOOD SATYR,72,224,224,3,JPEG,31516
Image_5450,train/Image_5450.jpg,Image_5450.jpg,GREAT EGGFLY,31,224,224,3,JPEG,29472
Image_442,train/Image_442.jpg,Image_442.jpg,SILVER SPOT SKIPPER,63,224,224,3,JPEG,23574
Image_3565,train/Image_3565.jpg,Image_3565.jpg,BANDED ORANGE HELICONIAN,6,224,224,3,JPEG,26542
Image_5806,train/Image_5806.jpg,Image_5806.jpg,RED POSTMAN,60,224,224,3,JPEG,17997
Image_4374,train/Image_4374.jpg,Image_4374.jpg,BROWN SIPROETA,12,224,224,3,JPEG,22569
Image_4000,train/Image_4000.jpg,Image_4000.jpg,GREAT JAY,32,224,224,3,JPEG,20087
Image_1365,train/Image_1365.jpg,Image_1365.jpg,CRECENT,23,224,224,3,JPEG,24653
Image_4529,train/Image_4529.jpg,Image_4529.jpg,ORANGE OAKLEAF,46,224,224,3,JPEG,32364
Image_3886,train/Image_3886.jpg,Image_3886.jpg,WOOD SATYR,72,224,224,3,JPEG,25995
Image_13,train/Image_13.jpg,Image_13.jpg,CABBAGE WHITE,13,224,224,3,JPEG,18392
Image_6400,train/Image_6400.jpg,Image_6400.jpg,SOUTHERN DOGFACE,66,224,224,3,JPEG,23225
Image_2433,train/Image_2433.jpg,Image_2433.jpg,ORANGE TIP,47,224,224,3,JPEG,22501
Image_4265,train/Image_4265.jpg,Image_4265.jpg,SILVER SPOT SKIPPER,63,224,224,3,JPEG,30599
Image_4710,train/Image_4710.jpg,Image_4710.jpg,PAINTED LADY,49,224,224,3,JPEG,33081
Image_1620,train/Image_1620.jpg,Image_1620.jpg,ELBOWED PIERROT,29,224,224,3,JPEG,22004
Image_3042,train/Image_3042.jpg,Image_3042.jpg,VICEROY,71,224,224,3,JPEG,32834
Image_3944,train/Image_3944.jpg,Image_3944.jpg,SOUTHERN DOGFACE,66,224,224,3,JPEG,27972
Image_1451,train/Image_1451.jpg,Image_1451.jpg,RED POSTMAN,60,224,224,3,JPEG,21859
Image_2818,train/Image_2818.jpg,Image_2818.jpg,CRECENT,23,224,224,3,JPEG,26460
Image_3552,train/Image_3552.jpg,Image_3552.jpg,RED CRACKER,59,224,224,3,JPEG,34221
Image_3640,train/Image_3640.jpg,Image_3640.jpg,QUESTION MARK,57,224,224,3,JPEG,28290
Image_2278,train/Image_2278.jpg,Image_2278.jpg,LARGE MARBLE,38,224,224,3,JPEG,24937
Image_950,train/Image_950.jpg,Image_950.jpg,AFRICAN GIANT SWALLOWTAIL,1,224,224,3,JPEG,32608
Image_3468,train/Image_3468.jpg,Image_3468.jpg,CABBAGE WHITE,13,224,224,3,JPEG,24315
Image_552,train/Image_552.jpg,Image_552.jpg,EASTERN PINE ELFIN,28,224,224,3,JPEG,31112
Image_5582,train/Image_5582.jpg,Image_5582.jpg,RED ADMIRAL,58,224,224,3,JPEG,38057
Image_3838,train/Image_3838.jpg,Image_3838.jpg,MOURNING CLOAK,45,224,224,3,JPEG,29029
Image_5095,train/Image_5095.jpg,Image_5095.jpg,MANGROVE SKIPPER,40,224,224,3,JPEG,16777
Image_4854,train/Image_4854.jpg,Image_4854.jpg,AN 88,3,224,224,3,JPEG,22238
Image_1833,train/Image_1833.jpg,Image_1833.jpg,PEACOCK,51,224,224,3,JPEG,27090
Image_2072,train/Image_2072.jpg,Image_2072.jpg,MONARCH,44,224,224,3,JPEG,22050
Image_2212,train/Image_2212.jpg,Image_2212.jpg,CRECENT,23,224,224,3,JPEG,24943
Image_3321,train/Image_3321.jpg,Image_3321.jpg,MONARCH,44,224,224,3,JPEG,37004
Image_2052,train/Image_2052.jpg,Image_2052.jpg,IPHICLUS SISTER,36,224,224,3,JPEG,27965
Image_2795,train/Image_2795.jpg,Image_2795.jpg,EASTERN PINE ELFIN,28,224,224,3,JPEG,27530
Image_3013,train/Image_3013.jpg,Image_3013.jpg,MANGROVE SKIPPER,40,224,224,3,JPEG,29309
Image_5756,train/Image_5756.jpg,Image_5756.jpg,BANDED ORANGE HELICONIAN,6,224,224,3,JPEG,22386
Image_591,train/Image_591.jpg,Image_591.jpg,RED CRACKER,59,224,224,3,JPEG,33362
Image_6452,train/Image_6452.jpg,Image_6452.jpg,MONARCH,44,224,224,3,JPEG,29473
Image_1103,train/Image_1103.jpg,Image_1103.jpg,BANDED ORANGE HELICONIAN,6,224,224,3,JPEG,20959
Image_4552,train/Image_4552.jpg,Image_4552.jpg,SILVER SPOT SKIPPER,63,224,224,3,JPEG,24602
Image_1317,train/Image_1317.jpg,Image_1317.jpg,RED ADMIRAL,58,224,224,3,JPEG,27047
Image_2786,train/Image_2786.jpg,Image_2786.jpg,MALACHITE,39,224,224,3,JPEG,31015
Image_1493,train/Image_1493.jpg,Image_1493.jpg,CABBAGE WHITE,13,224,224,3,JPEG,22957
Image_890,train/Image_890.jpg,Image_890.jpg,ULYSES,70,224,224,3,JPEG,35597
Image_1271,train/Image_1271.jpg,Image_1271.jpg,COMMON BANDED AWL,20,224,224,3,JPEG,13077
Image_290,train/Image_290.jpg,Image_290.jpg,AFRICAN GIANT SWALLOWTAIL,1,224,224,3,JPEG,31436
Image_4989,train/Image_4989.jpg,Image_4989.jpg,GREAT JAY,32,224,224,3,JPEG,18421
Image_4402,train/Image_4402.jpg,Image_4402.jpg,SOOTYWING,65,224,224,3,JPEG,21893
Image_5337,train/Image_5337.jpg,Image_5337.jpg,SOOTYWING,65,224,224,3,JPEG,26055
Image_6193,train/Image_6193.jpg,Image_6193.jpg,IPHICLUS SISTER,36,224,224,3,JPEG,23973
Image_5491,train/Image_5491.jpg,Image_5491.jpg,PINE WHITE,52,224,224,3,JPEG,17544
Image_3517,train/Image_3517.jpg,Image_3517.jpg,POPINJAY,54,224,224,3,JPEG,31134
Image_6487,train/Image_6487.jpg,Image_6487.jpg,RED SPOTTED PURPLE,61,224,224,3,JPEG,35084
Image_2570,train/Image_2570.jpg,Image_2570.jpg,SCARCE SWALLOW,62,224,224,3,JPEG,26427
Image_1576,train/Image_1576.jpg,Image_1576.jpg,GOLD BANDED,30,224,224,3,JPEG,20968
Image_3689,train/Image_3689.jpg,Image_3689.jpg,SOOTYWING,65,224,224,3,JPEG,21459
Image_379,train/Image_379.jpg,Image_379.jpg,BLACK HAIRSTREAK,9,224,224,3,JPEG,24550
Image_3095,train/Image_3095.jpg,Image_3095.jpg,PURPLE HAIRSTREAK,55,224,224,3,JPEG,25019
Image_5930,train/Image_5930.jpg,Image_5930.jpg,ATALA,5,224,224,3,JPEG,23417
Image_2048,train/Image_2048.jpg,Image_2048.jpg,ZEBRA LONG WING,74,224,224,3,JPEG,29541
Image_1941,train/Image_1941.jpg,Image_1941.jpg,AMERICAN SNOOT,2,224,224,3,JPEG,27358
Image_6274,train/Image_6274.jpg,Image_6274.jpg,WOOD SATYR,72,224,224,3,JPEG,27175
Image_4034,train/Image_4034.jpg,Image_4034.jpg,BLUE MORPHO,10,224,224,3,JPEG,25215
Image_1919,train/Image_1919.jpg,Image_1919.jpg,SOUTHERN DOGFACE,66,224,224,3,JPEG,18683
Image_4794,train/Image_4794.jpg,Image_4794.jpg,SOUTHERN DOGFACE,66,224,224,3,JPEG,21257
Image_6134,train/Image_6134.jpg,Image_6134.jpg,BLUE MORPHO,10,224,224,3,JPEG,31588
Image_5388,train/Image_5388.jpg,Image_5388.jpg,MOURNING CLOAK,45,224,224,3,JPEG,22737
Image_1777,train/Image_1777.jpg,Image_1777.jpg,AMERICAN SNOOT,2,224,224,3,JPEG,24150
Image_3317,train/Image_3317.jpg,Image_3317.jpg,CLOUDED SULPHUR,19,224,224,3,JPEG,22510
Image_2728,train/Image_2728.jpg,Image_2728.jpg,PURPLISH COPPER,56,224,224,3,JPEG,23798
Image_4802,train/Image_4802.jpg,Image_4802.jpg,APPOLLO,4,224,224,3,JPEG,28713
Image_1294,train/Image_1294.jpg,Image_1294.jpg,BROWN SIPROETA,12,224,224,3,JPEG,32198
Image_4846,train/Image_4846.jpg,Image_4846.jpg,BECKERS WHITE,8,224,224,3,JPEG,25347
Image_3272,train/Image_3272.jpg,Image_3272.jpg,APPOLLO,4,224,224,3,JPEG,31897
Image_1169,train/Image_1169.jpg,Image_1169.jpg,YELLOW SWALLOW TAIL,73,224,224,3,JPEG,31859
Image_3754,train/Image_3754.jpg,Image_3754.jpg,RED CRACKER,59,224,224,3,JPEG,26254
Image_1247,train/Image_1247.jpg,Image_1247.jpg,CHESTNUT,16,224,224,3,JPEG,30291
Image_3279,train/Image_3279.jpg,Image_3279.jpg,IPHICLUS SISTER,36,224,224,3,JPEG,20394
Image_2753,train/Image_2753.jpg,Image_2753.jpg,MOURNING CLOAK,45,224,224,3,JPEG,26298
Image_4731,train/Image_4731.jpg,Image_4731.jpg,PAINTED LADY,49,224,224,3,JPEG,31942
Image_5744,train/Image_5744.jpg,Image_5744.jpg,SOUTHERN DOGFACE,66,224,224,3,JPEG,18996
Image_2642,train/Image_2642.jpg,Image_2642.jpg,LARGE MARBLE,38,224,224,3,JPEG,23962
Image_3383,train/Image_3383.jpg,Image_3383.jpg,CHECQUERED SKIPPER,15,224,224,3,JPEG,28311
Image_7,train/Image_7.jpg,Image_7.jpg,GREEN CELLED CATTLEHEART,33,224,224,3,JPEG,22725
Image_4412,train/Image_4412.jpg,Image_4412.jpg,METALMARK,42,224,224,3,JPEG,15012
Image_2941,train/Image_2941.jpg,Image_2941.jpg,GOLD BANDED,30,224,224,3,JPEG,25664
Image_3830,train/Image_3830.jpg,Image_3830.jpg,YELLOW SWALLOW TAIL,73,224,224,3,JPEG,29948
Image_1131,train/Image_1131.jpg,Image_1131.jpg,ADONIS,0,224,224,3,JPEG,31765
Image_6049,train/Image_6049.jpg,Image_6049.jpg,ORANGE OAKLEAF,46,224,224,3,JPEG,17327
Image_704,train/Image_704.jpg,Image_704.jpg,GOLD BANDED,30,224,224,3,JPEG,27517
Image_4694,train/Image_4694.jpg,Image_4694.jpg,CLEOPATRA,17,224,224,3,JPEG,13621
Image_5845,train/Image_5845.jpg,Image_5845.jpg,CAIRNS BIRDWING,14,224,224,3,JPEG,30523
Image_963,train/Image_963.jpg,Image_963.jpg,BANDED ORANGE HELICONIAN,6,224,224,3,JPEG,30328
Image_1034,train/Image_1034.jpg,Image_1034.jpg,DANAID EGGFLY,25,224,224,3,JPEG,17130
Image_2738,train/Image_2738.jpg,Image_2738.jpg,SCARCE SWALLOW,62,224,224,3,JPEG,29247
Image_3034,train/Image_3034.jpg,Image_3034.jpg,EASTERN COMA,26,224,224,3,JPEG,29254
Image_2760,train/Image_2760.jpg,Image_2760.jpg,AFRICAN GIANT SWALLOWTAIL,1,224,224,3,JPEG,18611
Image_2737,train/Image_2737.jpg,Image_2737.jpg,BECKERS WHITE,8,224,224,3,JPEG,12962
Image_460,train/Image_460.jpg,Image_460.jpg,GREY HAIRSTREAK,34,224,224,3,JPEG,23608
Image_3931,train/Image_3931.jpg,Image_3931.jpg,CHECQUERED SKIPPER,15,224,224,3,JPEG,27799
Image_4395,train/Image_4395.jpg,Image_4395.jpg,ATALA,5,224,224,3,JPEG,18673
Image_334,train/Image_334.jpg,Image_334.jpg,RED CRACKER,59,224,224,3,JPEG,30074
Image_2547,train/Image_2547.jpg,Image_2547.jpg,SLEEPY ORANGE,64,224,224,3,JPEG,32460
Image_6037,train/Image_6037.jpg,Image_6037.jpg,ELBOWED PIERROT,29,224,224,3,JPEG,23453
Image_1912,train/Image_1912.jpg,Image_1912.jpg,RED POSTMAN,60,224,224,3,JPEG,16639
Image_6043,train/Image_6043.jpg,Image_6043.jpg,PURPLISH COPPER,56,224,224,3,JPEG,23316
Image_4605,train/Image_4605.jpg,Image_4605.jpg,CHECQUERED SKIPPER,15,224,224,3,JPEG,22834
Image_3454,train/Image_3454.jpg,Image_3454.jpg,MILBERTS TORTOISESHELL,43,224,224,3,JPEG,20419
Image_1588,train/Image_1588.jpg,Image_1588.jpg,RED POSTMAN,60,224,224,3,JPEG,23610
Image_4339,train/Image_4339.jpg,Image_4339.jpg,ADONIS,0,224,224,3,JPEG,27872
Image_3939,train/Image_3939.jpg,Image_3939.jpg,POPINJAY,54,224,224,3,JPEG,19814
Image_4873,train/Image_4873.jpg,Image_4873.jpg,BLUE SPOTTED CROW,11,224,224,3,JPEG,19084
Image_4849,train/Image_4849.jpg,Image_4849.jpg,BECKERS WHITE,8,224,224,3,JPEG,27214
Image_1288,train/Image_1288.jpg,Image_1288.jpg,INDRA SWALLOW,35,224,224,3,JPEG,31961
Image_30,train/Image_30.jpg,Image_30.jpg,ATALA,5,224,224,3,JPEG,26250
Image_145,train/Image_145.jpg,Image_145.jpg,SOUTHERN DOGFACE,66,224,224,3,JPEG,29670
Image_3734,train/Image_3734.jpg,Image_3734.jpg,MOURNING CLOAK,45,224,224,3,JPEG,40068
Image_5164,train/Image_5164.jpg,Image_5164.jpg,CLEOPATRA,17,224,224,3,JPEG,18761
Image_5452,train/Image_5452.jpg,Image_5452.jpg,MILBERTS TORTOISESHELL,43,224,224,3,JPEG,27280
Image_1870,train/Image_1870.jpg,Image_1870.jpg,BECKERS WHITE,8,224,224,3,JPEG,22516
Image_4423,train/Image_4423.jpg,Image_4423.jpg,GREAT JAY,32,224,224,3,JPEG,23171
Image_1501,train/Image_1501.jpg,Image_1501.jpg,COPPER TAIL,22,224,224,3,JPEG,26542
Image_5236,train/Image_5236.jpg,Image_5236.jpg,ORANGE OAKLEAF,46,224,224,3,JPEG,27249
Image_4571,train/Image_4571.jpg,Image_4571.jpg,RED ADMIRAL,58,224,224,3,JPEG,25084
Image_4756,train/Image_4756.jpg,Image_4756.jpg,WOOD SATYR,72,224,224,3,JPEG,20960
Image_1023,train/Image_1023.jpg,Image_1023.jpg,MOURNING CLOAK,45,224,224,3,JPEG,28542
Image_3509,train/Image_3509.jpg,Image_3509.jpg,MESTRA,41,224,224,3,JPEG,19640
Image_6192,train/Image_6192.jpg,Image_6192.jpg,GREY HAIRSTREAK,34,224,224,3,JPEG,22455
Image_2428,train/Image_2428.jpg,Image_2428.jpg,AMERICAN SNOOT,2,224,224,3,JPEG,28120
Image_3749,train/Image_3749.jpg,Image_3749.jpg,GOLD BANDED,30,224,224,3,JPEG,24324
Image_801,train/Image_801.jpg,Image_801.jpg,MESTRA,41,224,224,3,JPEG,22868
Image_5804,train/Image_5804.jpg,Image_5804.jpg,METALMARK,42,224,224,3,JPEG,22754
Image_5230,train/Image_5230.jpg,Image_5230.jpg,GREAT EGGFLY,31,224,224,3,JPEG,29263
Image_285,train/Image_285.jpg,Image_285.jpg,COMMON BANDED AWL,20,224,224,3,JPEG,16872
Image_5258,train/Image_5258.jpg,Image_5258.jpg,BROWN SIPROETA,12,224,224,3,JPEG,30588
Image_798,train/Image_798.jpg,Image_798.jpg,GREAT EGGFLY,31,224,224,3,JPEG,27263
Image_5124,train/Image_5124.jpg,Image_5124.jpg,BANDED PEACOCK,7,224,224,3,JPEG,23813
Image_4853,train/Image_4853.jpg,Image_4853.jpg,EASTERN COMA,26,224,224,3,JPEG,32419
Image_2704,train/Image_2704.jpg,Image_2704.jpg,BANDED ORANGE HELICONIAN,6,224,224,3,JPEG,26743
Image_1438,train/Image_1438.jpg,Image_1438.jpg,ORANGE TIP,47,224,224,3,JPEG,24875
Image_3389,train/Image_3389.jpg,Image_3389.jpg,CHECQUERED SKIPPER,15,224,224,3,JPEG,33056
Image_1150,train/Image_1150.jpg,Image_1150.jpg,YELLOW SWALLOW TAIL,73,224,224,3,JPEG,28179
Image_5059,train/Image_5059.jpg,Image_5059.jpg,SILVER SPOT SKIPPER,63,224,224,3,JPEG,22032
Image_292,train/Image_292.jpg,Image_292.jpg,SLEEPY ORANGE,64,224,224,3,JPEG,14698
Image_1309,train/Image_1309.jpg,Image_1309.jpg,COMMON WOOD-NYMPH,21,224,224,3,JPEG,31537
Image_3263,train/Image_3263.jpg,Image_3263.jpg,BANDED ORANGE HELICONIAN,6,224,224,3,JPEG,25510
Image_2073,train/Image_2073.jpg,Image_2073.jpg,TROPICAL LEAFWING,68,224,224,3,JPEG,27105
Image_4928,train/Image_4928.jpg,Image_4928.jpg,ZEBRA LONG WING,74,224,224,3,JPEG,26297
Image_665,train/Image_665.jpg,Image_665.jpg,EASTERN COMA,26,224,224,3,JPEG,31810
Image_940,train/Image_940.jpg,Image_940.jpg,CHESTNUT,16,224,224,3,JPEG,30165
Image_2185,train/Image_2185.jpg,Image_2185.jpg,PINE WHITE,52,224,224,3,JPEG,24522
Image_4629,train/Image_4629.jpg,Image_4629.jpg,BROWN SIPROETA,12,224,224,3,JPEG,23595
Image_4459,train/Image_4459.jpg,Image_4459.jpg,EASTERN COMA,26,224,224,3,JPEG,34985
Image_5351,train/Image_5351.jpg,Image_5351.jpg,IPHICLUS SISTER,36,224,224,3,JPEG,25594
Image_4290,train/Image_4290.jpg,Image_4290.jpg,GOLD BANDED,30,224,224,3,JPEG,22520
Image_1012,train/Image_1012.jpg,Image_1012.jpg,GREEN CELLED CATTLEHEART,33,224,224,3,JPEG,23950
Image_5449,train/Image_5449.jpg,Image_5449.jpg,BLACK HAIRSTREAK,9,224,224,3,JPEG,16701
Image_6142,train/Image_6142.jpg,Image_6142.jpg,CLEOPATRA,17,224,224,3,JPEG,18691
Image_6324,train/Image_6324.jpg,Image_6324.jpg,AN 88,3,224,224,3,JPEG,35574
Image_4296,train/Image_4296.jpg,Image_4296.jpg,ORANGE OAKLEAF,46,224,224,3,JPEG,25608
Image_2310,train/Image_2310.jpg,Image_2310.jpg,ZEBRA LONG WING,74,224,224,3,JPEG,21779
Image_1566,train/Image_1566.jpg,Image_1566.jpg,POPINJAY,54,224,224,3,JPEG,25892
Image_4983,train/Image_4983.jpg,Image_4983.jpg,MESTRA,41,224,224,3,JPEG,18899
Image_3937,train/Image_3937.jpg,Image_3937.jpg,RED POSTMAN,60,224,224,3,JPEG,25507
Image_5746,train/Image_5746.jpg,Image_5746.jpg,PINE WHITE,52,224,224,3,JPEG,26970
Image_176,train/Image_176.jpg,Image_176.jpg,MESTRA,41,224,224,3,JPEG,13198
Image_1114,train/Image_1114.jpg,Image_1114.jpg,ZEBRA LONG WING,74,224,224,3,JPEG,21504
Image_6414,train/Image_6414.jpg,Image_6414.jpg,APPOLLO,4,224,224,3,JPEG,24553
Image_3062,train/Image_3062.jpg,Image_3062.jpg,VICEROY,71,224,224,3,JPEG,24143
Image_3304,train/Image_3304.jpg,Image_3304.jpg,SOUTHERN DOGFACE,66,224,224,3,JPEG,20403
Image_1680,train/Image_1680.jpg,Image_1680.jpg,GOLD BANDED,30,224,224,3,JPEG,26249
Image_4892,train/Image_4892.jpg,Image_4892.jpg,CRIMSON PATCH,24,224,224,3,JPEG,28894
Image_2497,train/Image_2497.jpg,Image_2497.jpg,MONARCH,44,224,224,3,JPEG,34261
Image_2834,train/Image_2834.jpg,Image_2834.jpg,SCARCE SWALLOW,62,224,224,3,JPEG,22550
Image_5967,train/Image_5967.jpg,Image_5967.jpg,BLUE MORPHO,10,224,224,3,JPEG,24963
Image_4935,train/Image_4935.jpg,Image_4935.jpg,WOOD SATYR,72,224,224,3,JPEG,29432
Image_1419,train/Image_1419.jpg,Image_1419.jpg,PIPEVINE SWALLOW,53,224,224,3,JPEG,24550
Image_2878,train/Image_2878.jpg,Image_2878.jpg,LARGE MARBLE,38,224,224,3,JPEG,16800
Image_4115,train/Image_4115.jpg,Image_4115.jpg,ATALA,5,224,224,3,JPEG,15323
Image_1798,train/Image_1798.jpg,Image_1798.jpg,RED SPOTTED PURPLE,61,224,224,3,JPEG,25250
Image_2064,train/Image_2064.jpg,Image_2064.jpg,DANAID EGGFLY,25,224,224,3,JPEG,23042
Image_408,train/Image_408.jpg,Image_408.jpg,BANDED ORANGE HELICONIAN,6,224,224,3,JPEG,22663
Image_1540,train/Image_1540.jpg,Image_1540.jpg,METALMARK,42,224,224,3,JPEG,34201
Image_5783,train/Image_5783.jpg,Image_5783.jpg,CABBAGE WHITE,13,224,224,3,JPEG,28930
Image_3458,train/Image_3458.jpg,Image_3458.jpg,PEACOCK,51,224,224,3,JPEG,27132
Image_5916,train/Image_5916.jpg,Image_5916.jpg,MESTRA,41,224,224,3,JPEG,26352
Image_1004,train/Image_1004.jpg,Image_1004.jpg,WOOD SATYR,72,224,224,3,JPEG,21063
Image_4398,train/Image_4398.jpg,Image_4398.jpg,PEACOCK,51,224,224,3,JPEG,29486
Image_4090,train/Image_4090.jpg,Image_4090.jpg,LARGE MARBLE,38,224,224,3,JPEG,26900
Image_6333,train/Image_6333.jpg,Image_6333.jpg,PEACOCK,51,224,224,3,JPEG,24826
Image_2503,train/Image_2503.jpg,Image_2503.jpg,BANDED PEACOCK,7,224,224,3,JPEG,19370
Image_2045,train/Image_2045.jpg,Image_2045.jpg,TWO BARRED FLASHER,69,224,224,3,JPEG,21354
Image_1318,train/Image_1318.jpg,Image_1318.jpg,QUESTION MARK,57,224,224,3,JPEG,30530
Image_3482,train/Image_3482.jpg,Image_3482.jpg,GOLD BANDED,30,224,224,3,JPEG,26139
Image_3982,train/Image_3982.jpg,Image_3982.jpg,AFRICAN GIANT SWALLOWTAIL,1,224,224,3,JPEG,19241
Image_5633,train/Image_5633.jpg,Image_5633.jpg,RED POSTMAN,60,224,224,3,JPEG,26490
Image_1525,train/Image_1525.jpg,Image_1525.jpg,STRAITED QUEEN,67,224,224,3,JPEG,25369
Image_5766,train/Image_5766.jpg,Image_5766.jpg,SOUTHERN DOGFACE,66,224,224,3,JPEG,25708
Image_641,train/Image_641.jpg,Image_641.jpg,SOUTHERN DOGFACE,66,224,224,3,JPEG,24186
Image_1947,train/Image_1947.jpg,Image_1947.jpg,RED POSTMAN,60,224,224,3,JPEG,24624
Image_4691,train/Image_4691.jpg,Image_4691.jpg,BLUE SPOTTED CROW,11,224,224,3,JPEG,15877
Image_3549,train/Image_3549.jpg,Image_3549.jpg,BANDED ORANGE HELICONIAN,6,224,224,3,JPEG,21911
Image_2341,train/Image_2341.jpg,Image_2341.jpg,CLOUDED SULPHUR,19,224,224,3,JPEG,19811
Image_4788,train/Image_4788.jpg,Image_4788.jpg,CLODIUS PARNASSIAN,18,224,224,3,JPEG,24422
Image_46,train/Image_46.jpg,Image_46.jpg,QUESTION MARK,57,224,224,3,JPEG,29242
Image_6117,train/Image_6117.jpg,Image_6117.jpg,METALMARK,42,224,224,3,JPEG,27557
Image_3068,train/Image_3068.jpg,Image_3068.jpg,WOOD SATYR,72,224,224,3,JPEG,28683
Image_3622,train/Image_3622.jpg,Image_3622.jpg,MONARCH,44,224,224,3,JPEG,27633
Image_2112,train/Image_2112.jpg,Image_2112.jpg,MOURNING CLOAK,45,224,224,3,JPEG,32768
Image_49,train/Image_49.jpg,Image_49.jpg,CHECQUERED SKIPPER,15,224,224,3,JPEG,27137
Image_3367,train/Image_3367.jpg,Image_3367.jpg,AFRICAN GIANT SWALLOWTAIL,1,224,224,3,JPEG,41231
Image_3404,train/Image_3404.jpg,Image_3404.jpg,PINE WHITE,52,224,224,3,JPEG,17222
Image_5873,train/Image_5873.jpg,Image_5873.jpg,PAPER KITE,50,224,224,3,JPEG,30261
Image_468,train/Image_468.jpg,Image_468.jpg,AMERICAN SNOOT,2,224,224,3,JPEG,25753
Image_438,train/Image_438.jpg,Image_438.jpg,AFRICAN GIANT SWALLOWTAIL,1,224,224,3,JPEG,21423
Image_2194,train/Image_2194.jpg,Image_2194.jpg,RED CRACKER,59,224,224,3,JPEG,25672
Image_3555,train/Image_3555.jpg,Image_3555.jpg,PINE WHITE,52,224,224,3,JPEG,19091
Image_646,train/Image_646.jpg,Image_646.jpg,CHESTNUT,16,224,224,3,JPEG,24419
Image_5990,train/Image_5990.jpg,Image_5990.jpg,PURPLE HAIRSTREAK,55,224,224,3,JPEG,22825
Image_298,train/Image_298.jpg,Image_298.jpg,RED ADMIRAL,58,224,224,3,JPEG,25876
Image_5709,train/Image_5709.jpg,Image_5709.jpg,BLUE MORPHO,10,224,224,3,JPEG,23264
Image_1695,train/Image_1695.jpg,Image_1695.jpg,IPHICLUS SISTER,36,224,224,3,JPEG,16964
Image_4901,train/Image_4901.jpg,Image_4901.jpg,RED POSTMAN,60,224,224,3,JPEG,28705
Image_5722,train/Image_5722.jpg,Image_5722.jpg,ULYSES,70,224,224,3,JPEG,18908
Image_3607,train/Image_3607.jpg,Image_3607.jpg,ORANGE OAKLEAF,46,224,224,3,JPEG,21088
Image_713,train/Image_713.jpg,Image_713.jpg,VICEROY,71,224,224,3,JPEG,30978
Image_2270,train/Image_2270.jpg,Image_2270.jpg,MILBERTS TORTOISESHELL,43,224,224,3,JPEG,28555
Image_5884,train/Image_5884.jpg,Image_5884.jpg,ZEBRA LONG WING,74,224,224,3,JPEG,34698
Image_6029,train/Image_6029.jpg,Image_6029.jpg,INDRA SWALLOW,35,224,224,3,JPEG,30297
Image_935,train/Image_935.jpg,Image_935.jpg,GREY HAIRSTREAK,34,224,224,3,JPEG,19703
Image_3514,train/Image_3514.jpg,Image_3514.jpg,MILBERTS TORTOISESHELL,43,224,224,3,JPEG,31461
Image_938,train/Image_938.jpg,Image_938.jpg,GREAT EGGFLY,31,224,224,3,JPEG,27774
Image_6479,train/Image_6479.jpg,Image_6479.jpg,ULYSES,70,224,224,3,JPEG,21597
Image_1022,train/Image_1022.jpg,Image_1022.jpg,AN 88,3,224,224,3,JPEG,19569
Image_3295,train/Image_3295.jpg,Image_3295.jpg,CLEOPATRA,17,224,224,3,JPEG,11893
Image_1573,train/Image_1573.jpg,Image_1573.jpg,SCARCE SWALLOW,62,224,224,3,JPEG,32096
Image_4942,train/Image_4942.jpg,Image_4942.jpg,MONARCH,44,224,224,3,JPEG,27093
Image_5846,train/Image_5846.jpg,Image_5846.jpg,ORANGE OAKLEAF,46,224,224,3,JPEG,29208
Image_1623,train/Image_1623.jpg,Image_1623.jpg,MESTRA,41,224,224,3,JPEG,17145
Image_3846,train/Image_3846.jpg,Image_3846.jpg,PAPER KITE,50,224,224,3,JPEG,31703
Image_4124,train/Image_4124.jpg,Image_4124.jpg,PAPER KITE,50,224,224,3,JPEG,20471
Image_1491,train/Image_1491.jpg,Image_1491.jpg,POPINJAY,54,224,224,3,JPEG,27689
Image_6457,train/Image_6457.jpg,Image_6457.jpg,SOOTYWING,65,224,224,3,JPEG,17317
Image_2746,train/Image_2746.jpg,Image_2746.jpg,ORCHARD SWALLOW,48,224,224,3,JPEG,27960
Image_5140,train/Image_5140.jpg,Image_5140.jpg,WOOD SATYR,72,224,224,3,JPEG,30226
Image_427,train/Image_427.jpg,Image_427.jpg,METALMARK,42,224,224,3,JPEG,27153
Image_5609,train/Image_5609.jpg,Image_5609.jpg,RED SPOTTED PURPLE,61,224,224,3,JPEG,31880
Image_6071,train/Image_6071.jpg,Image_6071.jpg,GREEN CELLED CATTLEHEART,33,224,224,3,JPEG,22935
Image_3444,train/Image_3444.jpg,Image_3444.jpg,AFRICAN GIANT SWALLOWTAIL,1,224,224,3,JPEG,16456
Image_595,train/Image_595.jpg,Image_595.jpg,CRIMSON PATCH,24,224,224,3,JPEG,22243
Image_3810,train/Image_3810.jpg,Image_3810.jpg,GREAT EGGFLY,31,224,224,3,JPEG,29627
Image_4828,train/Image_4828.jpg,Image_4828.jpg,JULIA,37,224,224,3,JPEG,21362
Image_3646,train/Image_3646.jpg,Image_3646.jpg,COPPER TAIL,22,224,224,3,JPEG,16598
Image_368,train/Image_368.jpg,Image_368.jpg,BLACK HAIRSTREAK,9,224,224,3,JPEG,18831
Image_3721,train/Image_3721.jpg,Image_3721.jpg,ORANGE TIP,47,224,224,3,JPEG,29042
Image_6092,train/Image_6092.jpg,Image_6092.jpg,EASTERN PINE ELFIN,28,224,224,3,JPEG,21731
Image_5306,train/Image_5306.jpg,Image_5306.jpg,BROWN SIPROETA,12,224,224,3,JPEG,32229
Image_5518,train/Image_5518.jpg,Image_5518.jpg,PAINTED LADY,49,224,224,3,JPEG,26045
Image_134,train/Image_134.jpg,Image_134.jpg,CLOUDED SULPHUR,19,224,224,3,JPEG,17149
Image_5402,train/Image_5402.jpg,Image_5402.jpg,ORANGE OAKLEAF,46,224,224,3,JPEG,27906
Image_3350,train/Image_3350.jpg,Image_3350.jpg,ORANGE OAKLEAF,46,224,224,3,JPEG,23443
Image_4806,train/Image_4806.jpg,Image_4806.jpg,COPPER TAIL,22,224,224,3,JPEG,26561
Image_3888,train/Image_3888.jpg,Image_3888.jpg,CLOUDED SULPHUR,19,224,224,3,JPEG,26456
Image_2222,train/Image_2222.jpg,Image_2222.jpg,AFRICAN GIANT SWALLOWTAIL,1,224,224,3,JPEG,36545
Image_2758,train/Image_2758.jpg,Image_2758.jpg,BLUE MORPHO,10,224,224,3,JPEG,24543
Image_605,train/Image_605.jpg,Image_605.jpg,ZEBRA LONG WING,74,224,224,3,JPEG,28651
Image_1111,train/Image_1111.jpg,Image_1111.jpg,GOLD BANDED,30,224,224,3,JPEG,25373
Image_4563,train/Image_4563.jpg,Image_4563.jpg,ORANGE OAKLEAF,46,224,224,3,JPEG,30084
Image_5280,train/Image_5280.jpg,Image_5280.jpg,PAINTED LADY,49,224,224,3,JPEG,28236
Image_6494,train/Image_6494.jpg,Image_6494.jpg,ORANGE OAKLEAF,46,224,224,3,JPEG,33409
Image_4318,train/Image_4318.jpg,Image_4318.jpg,TROPICAL LEAFWING,68,224,224,3,JPEG,20715
Image_3686,train/Image_3686.jpg,Image_3686.jpg,SILVER SPOT SKIPPER,63,224,224,3,JPEG,22548
Image_6387,train/Image_6387.jpg,Image_6387.jpg,YELLOW SWALLOW TAIL,73,224,224,3,JPEG,25558
Image_3401,train/Image_3401.jpg,Image_3401.jpg,EASTERN PINE ELFIN,28,224,224,3,JPEG,30457
Image_6086,train/Image_6086.jpg,Image_6086.jpg,CLOUDED SULPHUR,19,224,224,3,JPEG,24315
Image_5540,train/Image_5540.jpg,Image_5540.jpg,BROWN SIPROETA,12,224,224,3,JPEG,37062
Image_5938,train/Image_5938.jpg,Image_5938.jpg,EASTERN COMA,26,224,224,3,JPEG,28888
Image_5750,train/Image_5750.jpg,Image_5750.jpg,STRAITED QUEEN,67,224,224,3,JPEG,26120
Image_5772,train/Image_5772.jpg,Image_5772.jpg,VICEROY,71,224,224,3,JPEG,36876
Image_1804,train/Image_1804.jpg,Image_1804.jpg,BLUE MORPHO,10,224,224,3,JPEG,23100
Image_2838,train/Image_2838.jpg,Image_2838.jpg,GREAT JAY,32,224,224,3,JPEG,12541
Image_702,train/Image_702.jpg,Image_702.jpg,METALMARK,42,224,224,3,JPEG,17807
Image_6150,train/Image_6150.jpg,Image_6150.jpg,CLODIUS PARNASSIAN,18,224,224,3,JPEG,24015
Image_5006,train/Image_5006.jpg,Image_5006.jpg,GREAT JAY,32,224,224,3,JPEG,18146
Image_4651,train/Image_4651.jpg,Image_4651.jpg,QUESTION MARK,57,224,224,3,JPEG,28820
Image_545,train/Image_545.jpg,Image_545.jpg,METALMARK,42,224,224,3,JPEG,20156
Image_5262,train/Image_5262.jpg,Image_5262.jpg,ELBOWED PIERROT,29,224,224,3,JPEG,24968
Image_5483,train/Image_5483.jpg,Image_5483.jpg,MESTRA,41,224,224,3,JPEG,14899
Image_2635,train/Image_2635.jpg,Image_2635.jpg,CABBAGE WHITE,13,224,224,3,JPEG,23541
Image_4139,train/Image_4139.jpg,Image_4139.jpg,AFRICAN GIANT SWALLOWTAIL,1,224,224,3,JPEG,29860
Image_277,train/Image_277.jpg,Image_277.jpg,EASTERN PINE ELFIN,28,224,224,3,JPEG,27478
Image_2061,train/Image_2061.jpg,Image_2061.jpg,CABBAGE WHITE,13,224,224,3,JPEG,22171
Image_4773,train/Image_4773.jpg,Image_4773.jpg,ATALA,5,224,224,3,JPEG,24687
Image_4480,train/Image_4480.jpg,Image_4480.jpg,BECKERS WHITE,8,224,224,3,JPEG,18264
Image_1356,train/Image_1356.jpg,Image_1356.jpg,STRAITED QUEEN,67,224,224,3,JPEG,26853
Image_5489,train/Image_5489.jpg,Image_5489.jpg,PAPER KITE,50,224,224,3,JPEG,29383
Image_5587,train/Image_5587.jpg,Image_5587.jpg,PURPLISH COPPER,56,224,224,3,JPEG,20153
Image_2375,train/Image_2375.jpg,Image_2375.jpg,COMMON WOOD-NYMPH,21,224,224,3,JPEG,27564
Image_4396,train/Image_4396.jpg,Image_4396.jpg,RED ADMIRAL,58,224,224,3,JPEG,29321
Image_3986,train/Image_3986.jpg,Image_3986.jpg,RED ADMIRAL,58,224,224,3,JPEG,31195
Image_645,train/Image_645.jpg,Image_645.jpg,RED POSTMAN,60,224,224,3,JPEG,29513
Image_4554,train/Image_4554.jpg,Image_4554.jpg,CHECQUERED SKIPPER,15,224,224,3,JPEG,23090
Image_1705,train/Image_1705.jpg,Image_1705.jpg,BLUE SPOTTED CROW,11,224,224,3,JPEG,31818
Image_1637,train/Image_1637.jpg,Image_1637.jpg,COMMON WOOD-NYMPH,21,224,224,3,JPEG,22892
Image_5414,train/Image_5414.jpg,Image_5414.jpg,DANAID EGGFLY,25,224,224,3,JPEG,20717
Image_5718,train/Image_5718.jpg,Image_5718.jpg,BROWN SIPROETA,12,224,224,3,JPEG,25463
Image_3237,train/Image_3237.jpg,Image_3237.jpg,ORCHARD SWALLOW,48,224,224,3,JPEG,30114
Image_895,train/Image_895.jpg,Image_895.jpg,CABBAGE WHITE,13,224,224,3,JPEG,22971
Image_2636,train/Image_2636.jpg,Image_2636.jpg,INDRA SWALLOW,35,224,224,3,JPEG,26825
Image_1677,train/Image_1677.jpg,Image_1677.jpg,METALMARK,42,224,224,3,JPEG,36775
Image_1543,train/Image_1543.jpg,Image_1543.jpg,TWO BARRED FLASHER,69,224,224,3,JPEG,21853
Image_5622,train/Image_5622.jpg,Image_5622.jpg,DANAID EGGFLY,25,224,224,3,JPEG,31697
Image_5729,train/Image_5729.jpg,Image_5729.jpg,PURPLE HAIRSTREAK,55,224,224,3,JPEG,21869
Image_3387,train/Image_3387.jpg,Image_3387.jpg,EASTERN COMA,26,224,224,3,JPEG,24896
Image_1,train/Image_1.jpg,Image_1.jpg,SOUTHERN DOGFACE,66,224,224,3,JPEG,20479
Image_1775,train/Image_1775.jpg,Image_1775.jpg,JULIA,37,224,224,3,JPEG,22177
Image_2747,train/Image_2747.jpg,Image_2747.jpg,YELLOW SWALLOW TAIL,73,224,224,3,JPEG,29449
Image_629,train/Image_629.jpg,Image_629.jpg,CHECQUERED SKIPPER,15,224,224,3,JPEG,23207
Image_5998,train/Image_5998.jpg,Image_5998.jpg,DANAID EGGFLY,25,224,224,3,JPEG,30382
Image_3811,train/Image_3811.jpg,Image_3811.jpg,ORANGE TIP,47,224,224,3,JPEG,26232
Image_3196,train/Image_3196.jpg,Image_3196.jpg,WOOD SATYR,72,224,224,3,JPEG,30889
Image_5395,train/Image_5395.jpg,Image_5395.jpg,ZEBRA LONG WING,74,224,224,3,JPEG,16995
Image_5004,train/Image_5004.jpg,Image_5004.jpg,RED SPOTTED PURPLE,61,224,224,3,JPEG,36582
Image_2533,train/Image_2533.jpg,Image_2533.jpg,GOLD BANDED,30,224,224,3,JPEG,27523
Image_5560,train/Image_5560.jpg,Image_5560.jpg,CRECENT,23,224,224,3,JPEG,34302
Image_3984,train/Image_3984.jpg,Image_3984.jpg,SLEEPY ORANGE,64,224,224,3,JPEG,17633
Image_3357,train/Image_3357.jpg,Image_3357.jpg,PEACOCK,51,224,224,3,JPEG,20701
Image_6194,train/Image_6194.jpg,Image_6194.jpg,ADONIS,0,224,224,3,JPEG,26330
Image_2381,train/Image_2381.jpg,Image_2381.jpg,PEACOCK,51,224,224,3,JPEG,37664
Image_6445,train/Image_6445.jpg,Image_6445.jpg,BECKERS WHITE,8,224,224,3,JPEG,22420
Image_858,train/Image_858.jpg,Image_858.jpg,BANDED ORANGE HELICONIAN,6,224,224,3,JPEG,28584
Image_5080,train/Image_5080.jpg,Image_5080.jpg,BECKERS WHITE,8,224,224,3,JPEG,22412
Image_5396,train/Image_5396.jpg,Image_5396.jpg,GREY HAIRSTREAK,34,224,224,3,JPEG,22345
Image_5139,train/Image_5139.jpg,Image_5139.jpg,MALACHITE,39,224,224,3,JPEG,25646
Image_4127,train/Image_4127.jpg,Image_4127.jpg,COPPER TAIL,22,224,224,3,JPEG,22237
Image_4403,train/Image_4403.jpg,Image_4403.jpg,PURPLE HAIRSTREAK,55,224,224,3,JPEG,29324
Image_4509,train/Image_4509.jpg,Image_4509.jpg,RED SPOTTED PURPLE,61,224,224,3,JPEG,29901
Image_5864,train/Image_5864.jpg,Image_5864.jpg,TWO BARRED FLASHER,69,224,224,3,JPEG,28480
Image_2573,train/Image_2573.jpg,Image_2573.jpg,CLODIUS PARNASSIAN,18,224,224,3,JPEG,25885
Image_6114,train/Image_6114.jpg,Image_6114.jpg,ORANGE OAKLEAF,46,224,224,3,JPEG,31923
Image_3788,train/Image_3788.jpg,Image_3788.jpg,BROWN SIPROETA,12,224,224,3,JPEG,30299
Image_860,train/Image_860.jpg,Image_860.jpg,TROPICAL LEAFWING,68,224,224,3,JPEG,25630
Image_1660,train/Image_1660.jpg,Image_1660.jpg,APPOLLO,4,224,224,3,JPEG,33595
Image_128,train/Image_128.jpg,Image_128.jpg,COMMON BANDED AWL,20,224,224,3,JPEG,22193
Image_1024,train/Image_1024.jpg,Image_1024.jpg,ORANGE OAKLEAF,46,224,224,3,JPEG,29424
Image_4814,train/Image_4814.jpg,Image_4814.jpg,CHESTNUT,16,224,224,3,JPEG,21845
Image_1188,train/Image_1188.jpg,Image_1188.jpg,ORCHARD SWALLOW,48,224,224,3,JPEG,26373
Image_4359,train/Image_4359.jpg,Image_4359.jpg,CLEOPATRA,17,224,224,3,JPEG,22805
Image_3166,train/Image_3166.jpg,Image_3166.jpg,BECKERS WHITE,8,224,224,3,JPEG,26579
Image_1732,train/Image_1732.jpg,Image_1732.jpg,CLODIUS PARNASSIAN,18,224,224,3,JPEG,23641
Image_4678,train/Image_4678.jpg,Image_4678.jpg,ELBOWED PIERROT,29,224,224,3,JPEG,16437
Image_651,train/Image_651.jpg,Image_651.jpg,VICEROY,71,224,224,3,JPEG,31534
Image_2269,train/Image_2269.jpg,Image_2269.jpg,EASTERN DAPPLE WHITE,27,224,224,3,JPEG,26479
Image_4668,train/Image_4668.jpg,Image_4668.jpg,BLUE SPOTTED CROW,11,224,224,3,JPEG,15654
Image_3626,train/Image_3626.jpg,Image_3626.jpg,BANDED PEACOCK,7,224,224,3,JPEG,19187
Image_430,train/Image_430.jpg,Image_430.jpg,BROWN SIPROETA,12,224,224,3,JPEG,34739
Image_4833,train/Image_4833.jpg,Image_4833.jpg,ELBOWED PIERROT,29,224,224,3,JPEG,22739
Image_4591,train/Image_4591.jpg,Image_4591.jpg,LARGE MARBLE,38,224,224,3,JPEG,22130
Image_1370,train/Image_1370.jpg,Image_1370.jpg,CHESTNUT,16,224,224,3,JPEG,30127
Image_147,train/Image_147.jpg,Image_147.jpg,PURPLISH COPPER,56,224,224,3,JPEG,17946
Image_3120,train/Image_3120.jpg,Image_3120.jpg,PURPLISH COPPER,56,224,224,3,JPEG,22403
Image_3652,train/Image_3652.jpg,Image_3652.jpg,EASTERN DAPPLE WHITE,27,224,224,3,JPEG,19923
Image_2220,train/Image_2220.jpg,Image_2220.jpg,INDRA SWALLOW,35,224,224,3,JPEG,27973
Image_4422,train/Image_4422.jpg,Image_4422.jpg,GREEN CELLED CATTLEHEART,33,224,224,3,JPEG,19780
Image_6490,train/Image_6490.jpg,Image_6490.jpg,GREAT EGGFLY,31,224,224,3,JPEG,24367
Image_3978,train/Image_3978.jpg,Image_3978.jpg,RED POSTMAN,60,224,224,3,JPEG,24034
Image_6053,train/Image_6053.jpg,Image_6053.jpg,CRIMSON PATCH,24,224,224,3,JPEG,22943
Image_3598,train/Image_3598.jpg,Image_3598.jpg,GREAT JAY,32,224,224,3,JPEG,25441
Image_1276,train/Image_1276.jpg,Image_1276.jpg,CLODIUS PARNASSIAN,18,224,224,3,JPEG,27839
Image_4610,train/Image_4610.jpg,Image_4610.jpg,SILVER SPOT SKIPPER,63,224,224,3,JPEG,25271
Image_5630,train/Image_5630.jpg,Image_5630.jpg,PIPEVINE SWALLOW,53,224,224,3,JPEG,22684
Image_3475,train/Image_3475.jpg,Image_3475.jpg,CHESTNUT,16,224,224,3,JPEG,24604
Image_2499,train/Image_2499.jpg,Image_2499.jpg,GREY HAIRSTREAK,34,224,224,3,JPEG,20858
Image_5703,train/Image_5703.jpg,Image_5703.jpg,INDRA SWALLOW,35,224,224,3,JPEG,25763
Image_6082,train/Image_6082.jpg,Image_6082.jpg,RED CRACKER,59,224,224,3,JPEG,23893
Image_3301,train/Image_3301.jpg,Image_3301.jpg,AFRICAN GIANT SWALLOWTAIL,1,224,224,3,JPEG,25309
Image_4367,train/Image_4367.jpg,Image_4367.jpg,PAINTED LADY,49,224,224,3,JPEG,32582
Image_5904,train/Image_5904.jpg,Image_5904.jpg,ORCHARD SWALLOW,48,224,224,3,JPEG,30417
Image_558,train/Image_558.jpg,Image_558.jpg,ORCHARD SWALLOW,48,224,224,3,JPEG,24821
Image_2483,train/Image_2483.jpg,Image_2483.jpg,MOURNING CLOAK,45,224,224,3,JPEG,35904
Image_2286,train/Image_2286.jpg,Image_2286.jpg,CHECQUERED SKIPPER,15,224,224,3,JPEG,28564
Image_1242,train/Image_1242.jpg,Image_1242.jpg,SLEEPY ORANGE,64,224,224,3,JPEG,20441
Image_284,train/Image_284.jpg,Image_284.jpg,COMMON WOOD-NYMPH,21,224,224,3,JPEG,17115
Image_5202,train/Image_5202.jpg,Image_5202.jpg,APPOLLO,4,224,224,3,JPEG,28055
Image_428,train/Image_428.jpg,Image_428.jpg,AFRICAN GIANT SWALLOWTAIL,1,224,224,3,JPEG,25901
Image_1218,train/Image_1218.jpg,Image_1218.jpg,BANDED PEACOCK,7,224,224,3,JPEG,27438
Image_4325,train/Image_4325.jpg,Image_4325.jpg,POPINJAY,54,224,224,3,JPEG,23893
Image_2217,train/Image_2217.jpg,Image_2217.jpg,COMMON BANDED AWL,20,224,224,3,JPEG,20761
Image_1531,train/Image_1531.jpg,Image_1531.jpg,AMERICAN SNOOT,2,224,224,3,JPEG,27833
Image_4863,train/Image_4863.jpg,Image_4863.jpg,IPHICLUS SISTER,36,224,224,3,JPEG,21778
Image_4365,train/Image_4365.jpg,Image_4365.jpg,QUESTION MARK,57,224,224,3,JPEG,33361
Image_2522,train/Image_2522.jpg,Image_2522.jpg,APPOLLO,4,224,224,3,JPEG,19603
Image_3242,train/Image_3242.jpg,Image_3242.jpg,YELLOW SWALLOW TAIL,73,224,224,3,JPEG,30380
Image_164,train/Image_164.jpg,Image_164.jpg,CABBAGE WHITE,13,224,224,3,JPEG,18919
Image_1724,train/Image_1724.jpg,Image_1724.jpg,GOLD BANDED,30,224,224,3,JPEG,23551
Image_416,train/Image_416.jpg,Image_416.jpg,GREY HAIRSTREAK,34,224,224,3,JPEG,24129
Image_4665,train/Image_4665.jpg,Image_4665.jpg,STRAITED QUEEN,67,224,224,3,JPEG,22045
Image_5694,train/Image_5694.jpg,Image_5694.jpg,BROWN SIPROETA,12,224,224,3,JPEG,19560
Image_202,train/Image_202.jpg,Image_202.jpg,MESTRA,41,224,224,3,JPEG,17207
Image_5135,train/Image_5135.jpg,Image_5135.jpg,YELLOW SWALLOW TAIL,73,224,224,3,JPEG,26497
Image_3545,train/Image_3545.jpg,Image_3545.jpg,POPINJAY,54,224,224,3,JPEG,22359
Image_1129,train/Image_1129.jpg,Image_1129.jpg,AN 88,3,224,224,3,JPEG,27093
Image_3962,train/Image_3962.jpg,Image_3962.jpg,PEACOCK,51,224,224,3,JPEG,24644
Image_4128,train/Image_4128.jpg,Image_4128.jpg,APPOLLO,4,224,224,3,JPEG,37907
Image_2939,train/Image_2939.jpg,Image_2939.jpg,STRAITED QUEEN,67,224,224,3,JPEG,24555
Image_241,train/Image_241.jpg,Image_241.jpg,TROPICAL LEAFWING,68,224,224,3,JPEG,31751
Image_841,train/Image_841.jpg,Image_841.jpg,CRECENT,23,224,224,3,JPEG,32615
Image_6467,train/Image_6467.jpg,Image_6467.jpg,BROWN SIPROETA,12,224,224,3,JPEG,24615
Image_2225,train/Image_2225.jpg,Image_2225.jpg,CHESTNUT,16,224,224,3,JPEG,28987
Image_3861,train/Image_3861.jpg,Image_3861.jpg,SOUTHERN DOGFACE,66,224,224,3,JPEG,19656
Image_1389,train/Image_1389.jpg,Image_1389.jpg,RED ADMIRAL,58,224,224,3,JPEG,26362
Image_2963,train/Image_2963.jpg,Image_2963.jpg,YELLOW SWALLOW TAIL,73,224,224,3,JPEG,27731
Image_71,train/Image_71.jpg,Image_71.jpg,MONARCH,44,224,224,3,JPEG,30716
Image_5749,train/Image_5749.jpg,Image_5749.jpg,PURPLISH COPPER,56,224,224,3,JPEG,23336
Image_997,train/Image_997.jpg,Image_997.jpg,ORCHARD SWALLOW,48,224,224,3,JPEG,27598
Image_6017,train/Image_6017.jpg,Image_6017.jpg,PAINTED LADY,49,224,224,3,JPEG,30678
Image_4465,train/Image_4465.jpg,Image_4465.jpg,ORCHARD SWALLOW,48,224,224,3,JPEG,25639
Image_3870,train/Image_3870.jpg,Image_3870.jpg,COMMON BANDED AWL,20,224,224,3,JPEG,22464
Image_5571,train/Image_5571.jpg,Image_5571.jpg,PURPLISH COPPER,56,224,224,3,JPEG,21873
Image_1879,train/Image_1879.jpg,Image_1879.jpg,SILVER SPOT SKIPPER,63,224,224,3,JPEG,29621
Image_1567,train/Image_1567.jpg,Image_1567.jpg,SCARCE SWALLOW,62,224,224,3,JPEG,28733
Image_4443,train/Image_4443.jpg,Image_4443.jpg,BLACK HAIRSTREAK,9,224,224,3,JPEG,27191
Image_4661,train/Image_4661.jpg,Image_4661.jpg,COMMON BANDED AWL,20,224,224,3,JPEG,17271
Image_1605,train/Image_1605.jpg,Image_1605.jpg,VICEROY,71,224,224,3,JPEG,29899
Image_4287,train/Image_4287.jpg,Image_4287.jpg,PAINTED LADY,49,224,224,3,JPEG,29360
Image_2271,train/Image_2271.jpg,Image_2271.jpg,COPPER TAIL,22,224,224,3,JPEG,30140
Image_35,train/Image_35.jpg,Image_35.jpg,DANAID EGGFLY,25,224,224,3,JPEG,33749
Image_367,train/Image_367.jpg,Image_367.jpg,CHESTNUT,16,224,224,3,JPEG,20270
Image_1546,train/Image_1546.jpg,Image_1546.jpg,ORCHARD SWALLOW,48,224,224,3,JPEG,21344
Image_3346,train/Image_3346.jpg,Image_3346.jpg,CHECQUERED SKIPPER,15,224,224,3,JPEG,25493
Image_1734,train/Image_1734.jpg,Image_1734.jpg,RED ADMIRAL,58,224,224,3,JPEG,23015
Image_3025,train/Image_3025.jpg,Image_3025.jpg,EASTERN COMA,26,224,224,3,JPEG,31189
Image_5467,train/Image_5467.jpg,Image_5467.jpg,LARGE MARBLE,38,224,224,3,JPEG,19672
Image_4010,train/Image_4010.jpg,Image_4010.jpg,COMMON WOOD-NYMPH,21,224,224,3,JPEG,26197
Image_1125,train/Image_1125.jpg,Image_1125.jpg,PIPEVINE SWALLOW,53,224,224,3,JPEG,29636
Image_5478,train/Image_5478.jpg,Image_5478.jpg,COPPER TAIL,22,224,224,3,JPEG,22250
Image_4956,train/Image_4956.jpg,Image_4956.jpg,VICEROY,71,224,224,3,JPEG,30523
Image_2899,train/Image_2899.jpg,Image_2899.jpg,TWO BARRED FLASHER,69,224,224,3,JPEG,22839
Image_4208,train/Image_4208.jpg,Image_4208.jpg,RED POSTMAN,60,224,224,3,JPEG,27073
Image_766,train/Image_766.jpg,Image_766.jpg,ATALA,5,224,224,3,JPEG,24755
Image_3368,train/Image_3368.jpg,Image_3368.jpg,COPPER TAIL,22,224,224,3,JPEG,21089
Image_2065,train/Image_2065.jpg,Image_2065.jpg,CRECENT,23,224,224,3,JPEG,26037
Image_1468,train/Image_1468.jpg,Image_1468.jpg,BLUE SPOTTED CROW,11,224,224,3,JPEG,29575
Image_3328,train/Image_3328.jpg,Image_3328.jpg,MONARCH,44,224,224,3,JPEG,31362
Image_1887,train/Image_1887.jpg,Image_1887.jpg,MALACHITE,39,224,224,3,JPEG,24590
Image_2807,train/Image_2807.jpg,Image_2807.jpg,MONARCH,44,224,224,3,JPEG,26104
Image_844,train/Image_844.jpg,Image_844.jpg,INDRA SWALLOW,35,224,224,3,JPEG,23740
Image_5494,train/Image_5494.jpg,Image_5494.jpg,GREEN CELLED CATTLEHEART,33,224,224,3,JPEG,15124
Image_5341,train/Image_5341.jpg,Image_5341.jpg,VICEROY,71,224,224,3,JPEG,29740
Image_3949,train/Image_3949.jpg,Image_3949.jpg,CLODIUS PARNASSIAN,18,224,224,3,JPEG,32335
Image_3450,train/Image_3450.jpg,Image_3450.jpg,PURPLISH COPPER,56,224,224,3,JPEG,20422
Image_4753,train/Image_4753.jpg,Image_4753.jpg,INDRA SWALLOW,35,224,224,3,JPEG,28503
Image_1748,train/Image_1748.jpg,Image_1748.jpg,CLODIUS PARNASSIAN,18,224,224,3,JPEG,32940
Image_543,train/Image_543.jpg,Image_543.jpg,RED CRACKER,59,224,224,3,JPEG,35459
Image_3596,train/Image_3596.jpg,Image_3596.jpg,CRECENT,23,224,224,3,JPEG,30832
Image_3489,train/Image_3489.jpg,Image_3489.jpg,STRAITED QUEEN,67,224,224,3,JPEG,21156
Image_745,train/Image_745.jpg,Image_745.jpg,COMMON WOOD-NYMPH,21,224,224,3,JPEG,21073
Image_5865,train/Image_5865.jpg,Image_5865.jpg,YELLOW SWALLOW TAIL,73,224,224,3,JPEG,28774
Image_5060,train/Image_5060.jpg,Image_5060.jpg,BLUE SPOTTED CROW,11,224,224,3,JPEG,20513
Image_5495,train/Image_5495.jpg,Image_5495.jpg,MANGROVE SKIPPER,40,224,224,3,JPEG,19651
Image_4798,train/Image_4798.jpg,Image_4798.jpg,CHESTNUT,16,224,224,3,JPEG,25375
Image_1519,train/Image_1519.jpg,Image_1519.jpg,ORCHARD SWALLOW,48,224,224,3,JPEG,25930
Image_5217,train/Image_5217.jpg,Image_5217.jpg,STRAITED QUEEN,67,224,224,3,JPEG,28649
Image_3192,train/Image_3192.jpg,Image_3192.jpg,CLODIUS PARNASSIAN,18,224,224,3,JPEG,36192
Image_5837,train/Image_5837.jpg,Image_5837.jpg,STRAITED QUEEN,67,224,224,3,JPEG,26041
Image_204,train/Image_204.jpg,Image_204.jpg,YELLOW SWALLOW TAIL,73,224,224,3,JPEG,20127
Image_4784,train/Image_4784.jpg,Image_4784.jpg,GREY HAIRSTREAK,34,224,224,3,JPEG,27042
Image_697,train/Image_697.jpg,Image_697.jpg,GREAT EGGFLY,31,224,224,3,JPEG,26299
Image_3735,train/Image_3735.jpg,Image_3735.jpg,CHECQUERED SKIPPER,15,224,224,3,JPEG,23388
Image_6290,train/Image_6290.jpg,Image_6290.jpg,ORANGE OAKLEAF,46,224,224,3,JPEG,35832
Image_3336,train/Image_3336.jpg,Image_3336.jpg,LARGE MARBLE,38,224,224,3,JPEG,22972
Image_3809,train/Image_3809.jpg,Image_3809.jpg,ADONIS,0,224,224,3,JPEG,28411
Image_1992,train/Image_1992.jpg,Image_1992.jpg,ELBOWED PIERROT,29,224,224,3,JPEG,24692
Image_732,train/Image_732.jpg,Image_732.jpg,COPPER TAIL,22,224,224,3,JPEG,25088
Image_6126,train/Image_6126.jpg,Image_6126.jpg,ELBOWED PIERROT,29,224,224,3,JPEG,22900
Image_3177,train/Image_3177.jpg,Image_3177.jpg,YELLOW SWALLOW TAIL,73,224,224,3,JPEG,21160
Image_5063,train/Image_5063.jpg,Image_5063.jpg,ZEBRA LONG WING,74,224,224,3,JPEG,30888
Image_5492,train/Image_5492.jpg,Image_5492.jpg,EASTERN COMA,26,224,224,3,JPEG,31231
Image_313,train/Image_313.jpg,Image_313.jpg,SLEEPY ORANGE,64,224,224,3,JPEG,19232
Image_2202,train/Image_2202.jpg,Image_2202.jpg,PINE WHITE,52,224,224,3,JPEG,18619
Image_6027,train/Image_6027.jpg,Image_6027.jpg,METALMARK,42,224,224,3,JPEG,27377
Image_1864,train/Image_1864.jpg,Image_1864.jpg,CLODIUS PARNASSIAN,18,224,224,3,JPEG,21005
Image_1280,train/Image_1280.jpg,Image_1280.jpg,CHESTNUT,16,224,224,3,JPEG,28908
Image_4681,train/Image_4681.jpg,Image_4681.jpg,TROPICAL LEAFWING,68,224,224,3,JPEG,19876
Image_5555,train/Image_5555.jpg,Image_5555.jpg,CABBAGE WHITE,13,224,224,3,JPEG,29739
Image_5493,train/Image_5493.jpg,Image_5493.jpg,ULYSES,70,224,224,3,JPEG,30002
Image_1861,train/Image_1861.jpg,Image_1861.jpg,SOOTYWING,65,224,224,3,JPEG,23022
Image_1472,train/Image_1472.jpg,Image_1472.jpg,PINE WHITE,52,224,224,3,JPEG,24422
Image_696,train/Image_696.jpg,Image_696.jpg,RED SPOTTED PURPLE,61,224,224,3,JPEG,36829
Image_3070,train/Image_3070.jpg,Image_3070.jpg,BECKERS WHITE,8,224,224,3,JPEG,14040
Image_3990,train/Image_3990.jpg,Image_3990.jpg,VICEROY,71,224,224,3,JPEG,29913
Image_594,train/Image_594.jpg,Image_594.jpg,VICEROY,71,224,224,3,JPEG,26367
Image_2983,train/Image_2983.jpg,Image_2983.jpg,APPOLLO,4,224,224,3,JPEG,19416
Image_3060,train/Image_3060.jpg,Image_3060.jpg,GREY HAIRSTREAK,34,224,224,3,JPEG,19755
Image_5897,train/Image_5897.jpg,Image_5897.jpg,DANAID EGGFLY,25,224,224,3,JPEG,31062
Image_2125,train/Image_2125.jpg,Image_2125.jpg,MOURNING CLOAK,45,224,224,3,JPEG,38488
Image_4056,train/Image_4056.jpg,Image_4056.jpg,EASTERN DAPPLE WHITE,27,224,224,3,JPEG,27130
Image_2816,train/Image_2816.jpg,Image_2816.jpg,GREAT JAY,32,224,224,3,JPEG,23269
Image_5353,train/Image_5353.jpg,Image_5353.jpg,CRIMSON PATCH,24,224,224,3,JPEG,21968
Image_464,train/Image_464.jpg,Image_464.jpg,GREY HAIRSTREAK,34,224,224,3,JPEG,27322
Image_6390,train/Image_6390.jpg,Image_6390.jpg,SOOTYWING,65,224,224,3,JPEG,20108
Image_2698,train/Image_2698.jpg,Image_2698.jpg,APPOLLO,4,224,224,3,JPEG,18953
Image_970,train/Image_970.jpg,Image_970.jpg,CHESTNUT,16,224,224,3,JPEG,21061
Image_4159,train/Image_4159.jpg,Image_4159.jpg,RED ADMIRAL,58,224,224,3,JPEG,25442
Image_1698,train/Image_1698.jpg,Image_1698.jpg,MOURNING CLOAK,45,224,224,3,JPEG,33462
Image_1330,train/Image_1330.jpg,Image_1330.jpg,ZEBRA LONG WING,74,224,224,3,JPEG,33814
Image_4993,train/Image_4993.jpg,Image_4993.jpg,EASTERN COMA,26,224,224,3,JPEG,29290
Image_2593,train/Image_2593.jpg,Image_2593.jpg,BECKERS WHITE,8,224,224,3,JPEG,20139
Image_725,train/Image_725.jpg,Image_725.jpg,BLUE SPOTTED CROW,11,224,224,3,JPEG,21355
Image_378,train/Image_378.jpg,Image_378.jpg,EASTERN COMA,26,224,224,3,JPEG,25953
Image_1604,train/Image_1604.jpg,Image_1604.jpg,MESTRA,41,224,224,3,JPEG,22290
Image_369,train/Image_369.jpg,Image_369.jpg,RED POSTMAN,60,224,224,3,JPEG,30029
Image_3877,train/Image_3877.jpg,Image_3877.jpg,WOOD SATYR,72,224,224,3,JPEG,19550
Image_5155,train/Image_5155.jpg,Image_5155.jpg,RED SPOTTED PURPLE,61,224,224,3,JPEG,25518
Image_5939,train/Image_5939.jpg,Image_5939.jpg,QUESTION MARK,57,224,224,3,JPEG,28228
Image_1136,train/Image_1136.jpg,Image_1136.jpg,COPPER TAIL,22,224,224,3,JPEG,32445
Image_1877,train/Image_1877.jpg,Image_1877.jpg,DANAID EGGFLY,25,224,224,3,JPEG,30458
Image_2149,train/Image_2149.jpg,Image_2149.jpg,RED ADMIRAL,58,224,224,3,JPEG,23999
Image_1187,train/Image_1187.jpg,Image_1187.jpg,BLUE SPOTTED CROW,11,224,224,3,JPEG,24981
Image_1611,train/Image_1611.jpg,Image_1611.jpg,MOURNING CLOAK,45,224,224,3,JPEG,24710
Image_1962,train/Image_1962.jpg,Image_1962.jpg,SOOTYWING,65,224,224,3,JPEG,28219
Image_4455,train/Image_4455.jpg,Image_4455.jpg,GREAT EGGFLY,31,224,224,3,JPEG,28353
Image_3849,train/Image_3849.jpg,Image_3849.jpg,PURPLE HAIRSTREAK,55,224,224,3,JPEG,26562
Image_4239,train/Image_4239.jpg,Image_4239.jpg,RED POSTMAN,60,224,224,3,JPEG,21322
Image_3422,train/Image_3422.jpg,Image_3422.jpg,SOUTHERN DOGFACE,66,224,224,3,JPEG,19755
Image_6399,train/Image_6399.jpg,Image_6399.jpg,CLOUDED SULPHUR,19,224,224,3,JPEG,22740
Image_3048,train/Image_3048.jpg,Image_3048.jpg,GREAT EGGFLY,31,224,224,3,JPEG,29340
Image_946,train/Image_946.jpg,Image_946.jpg,MANGROVE SKIPPER,40,224,224,3,JPEG,20975
Image_2097,train/Image_2097.jpg,Image_2097.jpg,CABBAGE WHITE,13,224,224,3,JPEG,18047
Image_5932,train/Image_5932.jpg,Image_5932.jpg,PURPLISH COPPER,56,224,224,3,JPEG,22627
Image_5896,train/Image_5896.jpg,Image_5896.jpg,COMMON WOOD-NYMPH,21,224,224,3,JPEG,29477
Image_6097,train/Image_6097.jpg,Image_6097.jpg,WOOD SATYR,72,224,224,3,JPEG,25970
Image_2486,train/Image_2486.jpg,Image_2486.jpg,COMMON BANDED AWL,20,224,224,3,JPEG,29491
Image_3485,train/Image_3485.jpg,Image_3485.jpg,BLUE SPOTTED CROW,11,224,224,3,JPEG,19123
Image_4122,train/Image_4122.jpg,Image_4122.jpg,WOOD SATYR,72,224,224,3,JPEG,26583
Image_4206,train/Image_4206.jpg,Image_4206.jpg,EASTERN PINE ELFIN,28,224,224,3,JPEG,20350
Image_4877,train/Image_4877.jpg,Image_4877.jpg,MANGROVE SKIPPER,40,224,224,3,JPEG,35155
Image_2888,train/Image_2888.jpg,Image_2888.jpg,CRECENT,23,224,224,3,JPEG,30215
Image_3850,train/Image_3850.jpg,Image_3850.jpg,BLUE SPOTTED CROW,11,224,224,3,JPEG,17125
Image_5114,train/Image_5114.jpg,Image_5114.jpg,BANDED ORANGE HELICONIAN,6,224,224,3,JPEG,21571
Image_1296,train/Image_1296.jpg,Image_1296.jpg,CABBAGE WHITE,13,224,224,3,JPEG,17374
Image_5324,train/Image_5324.jpg,Image_5324.jpg,PURPLE HAIRSTREAK,55,224,224,3,JPEG,25564
Image_5024,train/Image_5024.jpg,Image_5024.jpg,RED SPOTTED PURPLE,61,224,224,3,JPEG,24151
Image_167,train/Image_167.jpg,Image_167.jpg,SOOTYWING,65,224,224,3,JPEG,26402
Image_5565,train/Image_5565.jpg,Image_5565.jpg,SCARCE SWALLOW,62,224,224,3,JPEG,25391
Image_1831,train/Image_1831.jpg,Image_1831.jpg,JULIA,37,224,224,3,JPEG,16690
Image_822,train/Image_822.jpg,Image_822.jpg,IPHICLUS SISTER,36,224,224,3,JPEG,20140
Image_2544,train/Image_2544.jpg,Image_2544.jpg,PINE WHITE,52,224,224,3,JPEG,27636
Image_1029,train/Image_1029.jpg,Image_1029.jpg,POPINJAY,54,224,224,3,JPEG,27689
Image_2776,train/Image_2776.jpg,Image_2776.jpg,SCARCE SWALLOW,62,224,224,3,JPEG,24934
Image_1904,train/Image_1904.jpg,Image_1904.jpg,MOURNING CLOAK,45,224,224,3,JPEG,31158
Image_5338,train/Image_5338.jpg,Image_5338.jpg,RED ADMIRAL,58,224,224,3,JPEG,22197
Image_2706,train/Image_2706.jpg,Image_2706.jpg,MANGROVE SKIPPER,40,224,224,3,JPEG,21708
Image_3998,train/Image_3998.jpg,Image_3998.jpg,BANDED ORANGE HELICONIAN,6,224,224,3,JPEG,25563
Image_3600,train/Image_3600.jpg,Image_3600.jpg,ORCHARD SWALLOW,48,224,224,3,JPEG,21393
Image_2062,train/Image_2062.jpg,Image_2062.jpg,SOUTHERN DOGFACE,66,224,224,3,JPEG,22069
Image_3128,train/Image_3128.jpg,Image_3128.jpg,MONARCH,44,224,224,3,JPEG,26736
Image_130,train/Image_130.jpg,Image_130.jpg,GOLD BANDED,30,224,224,3,JPEG,22774
Image_5401,train/Image_5401.jpg,Image_5401.jpg,ULYSES,70,224,224,3,JPEG,28503
Image_4655,train/Image_4655.jpg,Image_4655.jpg,COPPER TAIL,22,224,224,3,JPEG,25752
Image_5942,train/Image_5942.jpg,Image_5942.jpg,MALACHITE,39,224,224,3,JPEG,21382
Image_767,train/Image_767.jpg,Image_767.jpg,EASTERN DAPPLE WHITE,27,224,224,3,JPEG,28514
Image_4520,train/Image_4520.jpg,Image_4520.jpg,VICEROY,71,224,224,3,JPEG,18847
Image_4515,train/Image_4515.jpg,Image_4515.jpg,COMMON BANDED AWL,20,224,224,3,JPEG,14919
Image_5902,train/Image_5902.jpg,Image_5902.jpg,ATALA,5,224,224,3,JPEG,28108
Image_3712,train/Image_3712.jpg,Image_3712.jpg,MONARCH,44,224,224,3,JPEG,34428
Image_65,train/Image_65.jpg,Image_65.jpg,IPHICLUS SISTER,36,224,224,3,JPEG,26595
Image_494,train/Image_494.jpg,Image_494.jpg,MOURNING CLOAK,45,224,224,3,JPEG,31522
Image_2739,train/Image_2739.jpg,Image_2739.jpg,SOUTHERN DOGFACE,66,224,224,3,JPEG,21876
Image_5566,train/Image_5566.jpg,Image_5566.jpg,MESTRA,41,224,224,3,JPEG,17879
Image_757,train/Image_757.jpg,Image_757.jpg,CRECENT,23,224,224,3,JPEG,33731
Image_2299,train/Image_2299.jpg,Image_2299.jpg,SCARCE SWALLOW,62,224,224,3,JPEG,24935
Image_750,train/Image_750.jpg,Image_750.jpg,ATALA,5,224,224,3,JPEG,28928
Image_2407,train/Image_2407.jpg,Image_2407.jpg,PURPLISH COPPER,56,224,224,3,JPEG,27259
Image_4762,train/Image_4762.jpg,Image_4762.jpg,MANGROVE SKIPPER,40,224,224,3,JPEG,28608
Image_754,train/Image_754.jpg,Image_754.jpg,CLEOPATRA,17,224,224,3,JPEG,21877
Image_4559,train/Image_4559.jpg,Image_4559.jpg,EASTERN COMA,26,224,224,3,JPEG,37035
Image_1256,train/Image_1256.jpg,Image_1256.jpg,CLEOPATRA,17,224,224,3,JPEG,16947
Image_1954,train/Image_1954.jpg,Image_1954.jpg,MONARCH,44,224,224,3,JPEG,30087
Image_4027,train/Image_4027.jpg,Image_4027.jpg,RED ADMIRAL,58,224,224,3,JPEG,25949
Image_4087,train/Image_4087.jpg,Image_4087.jpg,TROPICAL LEAFWING,68,224,224,3,JPEG,23567
Image_2717,train/Image_2717.jpg,Image_2717.jpg,CHECQUERED SKIPPER,15,224,224,3,JPEG,28616
Image_2781,train/Image_2781.jpg,Image_2781.jpg,APPOLLO,4,224,224,3,JPEG,31423
Image_3381,train/Image_3381.jpg,Image_3381.jpg,AMERICAN SNOOT,2,224,224,3,JPEG,27512
Image_4544,train/Image_4544.jpg,Image_4544.jpg,GREEN CELLED CATTLEHEART,33,224,224,3,JPEG,29714
Image_3993,train/Image_3993.jpg,Image_3993.jpg,GOLD BANDED,30,224,224,3,JPEG,31107
Image_6360,train/Image_6360.jpg,Image_6360.jpg,GOLD BANDED,30,224,224,3,JPEG,26043
Image_5835,train/Image_5835.jpg,Image_5835.jpg,PURPLISH COPPER,56,224,224,3,JPEG,17656
Image_608,train/Image_608.jpg,Image_608.jpg,INDRA SWALLOW,35,224,224,3,JPEG,29987
Image_5424,train/Image_5424.jpg,Image_5424.jpg,MILBERTS TORTOISESHELL,43,224,224,3,JPEG,25691
Image_80,train/Image_80.jpg,Image_80.jpg,SOOTYWING,65,224,224,3,JPEG,24137
Image_1444,train/Image_1444.jpg,Image_1444.jpg,STRAITED QUEEN,67,224,224,3,JPEG,30016
Image_4149,train/Image_4149.jpg,Image_4149.jpg,RED ADMIRAL,58,224,224,3,JPEG,20542
Image_2509,train/Image_2509.jpg,Image_2509.jpg,GREAT JAY,32,224,224,3,JPEG,16048
Image_3332,train/Image_3332.jpg,Image_3332.jpg,GREAT JAY,32,224,224,3,JPEG,33788
Image_217,train/Image_217.jpg,Image_217.jpg,BANDED PEACOCK,7,224,224,3,JPEG,23338
Image_5313,train/Image_5313.jpg,Image_5313.jpg,COPPER TAIL,22,224,224,3,JPEG,28055
Image_6135,train/Image_6135.jpg,Image_6135.jpg,BLUE MORPHO,10,224,224,3,JPEG,25470
Image_235,train/Image_235.jpg,Image_235.jpg,LARGE MARBLE,38,224,224,3,JPEG,25127
Image_1231,train/Image_1231.jpg,Image_1231.jpg,GOLD BANDED,30,224,224,3,JPEG,29114
Image_2042,train/Image_2042.jpg,Image_2042.jpg,PURPLE HAIRSTREAK,55,224,224,3,JPEG,26038
Image_5162,train/Image_5162.jpg,Image_5162.jpg,CLODIUS PARNASSIAN,18,224,224,3,JPEG,18748
Image_6491,train/Image_6491.jpg,Image_6491.jpg,YELLOW SWALLOW TAIL,73,224,224,3,JPEG,27569
Image_3225,train/Image_3225.jpg,Image_3225.jpg,POPINJAY,54,224,224,3,JPEG,34228
Image_4568,train/Image_4568.jpg,Image_4568.jpg,YELLOW SWALLOW TAIL,73,224,224,3,JPEG,27740
Image_1871,train/Image_1871.jpg,Image_1871.jpg,RED SPOTTED PURPLE,61,224,224,3,JPEG,29027
Image_2976,train/Image_2976.jpg,Image_2976.jpg,VICEROY,71,224,224,3,JPEG,21737
Image_4188,train/Image_4188.jpg,Image_4188.jpg,INDRA SWALLOW,35,224,224,3,JPEG,27477
Image_492,train/Image_492.jpg,Image_492.jpg,ORCHARD SWALLOW,48,224,224,3,JPEG,25015
Image_4241,train/Image_4241.jpg,Image_4241.jpg,RED POSTMAN,60,224,224,3,JPEG,19640
Image_6367,train/Image_6367.jpg,Image_6367.jpg,INDRA SWALLOW,35,224,224,3,JPEG,29570
Image_4608,train/Image_4608.jpg,Image_4608.jpg,AFRICAN GIANT SWALLOWTAIL,1,224,224,3,JPEG,20093
Image_715,train/Image_715.jpg,Image_715.jpg,ZEBRA LONG WING,74,224,224,3,JPEG,19687
Image_4162,train/Image_4162.jpg,Image_4162.jpg,SOUTHERN DOGFACE,66,224,224,3,JPEG,18958
Image_3266,train/Image_3266.jpg,Image_3266.jpg,CLOUDED SULPHUR,19,224,224,3,JPEG,25688
Image_3702,train/Image_3702.jpg,Image_3702.jpg,MANGROVE SKIPPER,40,224,224,3,JPEG,28552
Image_2851,train/Image_2851.jpg,Image_2851.jpg,COPPER TAIL,22,224,224,3,JPEG,32255
Image_3009,train/Image_3009.jpg,Image_3009.jpg,ADONIS,0,224,224,3,JPEG,30708
Image_4292,train/Image_4292.jpg,Image_4292.jpg,CRIMSON PATCH,24,224,224,3,JPEG,26049
Image_2576,train/Image_2576.jpg,Image_2576.jpg,GREAT JAY,32,224,224,3,JPEG,19364
Image_5849,train/Image_5849.jpg,Image_5849.jpg,BROWN SIPROETA,12,224,224,3,JPEG,23674
Image_6254,train/Image_6254.jpg,Image_6254.jpg,CABBAGE WHITE,13,224,224,3,JPEG,9311
Image_642,train/Image_642.jpg,Image_642.jpg,RED SPOTTED PURPLE,61,224,224,3,JPEG,31892
Image_802,train/Image_802.jpg,Image_802.jpg,SCARCE SWALLOW,62,224,224,3,JPEG,27825
Image_5234,train/Image_5234.jpg,Image_5234.jpg,JULIA,37,224,224,3,JPEG,24554
Image_2167,train/Image_2167.jpg,Image_2167.jpg,QUESTION MARK,57,224,224,3,JPEG,29232
Image_3723,train/Image_3723.jpg,Image_3723.jpg,CRECENT,23,224,224,3,JPEG,19077
Image_5631,train/Image_5631.jpg,Image_5631.jpg,CHESTNUT,16,224,224,3,JPEG,31651
Image_2843,train/Image_2843.jpg,Image_2843.jpg,CHECQUERED SKIPPER,15,224,224,3,JPEG,20423
Image_4074,train/Image_4074.jpg,Image_4074.jpg,TROPICAL LEAFWING,68,224,224,3,JPEG,24055
Image_410,train/Image_410.jpg,Image_410.jpg,BANDED PEACOCK,7,224,224,3,JPEG,29057
Image_5020,train/Image_5020.jpg,Image_5020.jpg,CLOUDED SULPHUR,19,224,224,3,JPEG,21690
Image_5842,train/Image_5842.jpg,Image_5842.jpg,TROPICAL LEAFWING,68,224,224,3,JPEG,19826
Image_2444,train/Image_2444.jpg,Image_2444.jpg,APPOLLO,4,224,224,3,JPEG,32916
Image_2578,train/Image_2578.jpg,Image_2578.jpg,IPHICLUS SISTER,36,224,224,3,JPEG,23737
Image_785,train/Image_785.jpg,Image_785.jpg,COPPER TAIL,22,224,224,3,JPEG,31409
Image_2082,train/Image_2082.jpg,Image_2082.jpg,PAPER KITE,50,224,224,3,JPEG,34313
Image_6436,train/Image_6436.jpg,Image_6436.jpg,EASTERN COMA,26,224,224,3,JPEG,37750
Image_1558,train/Image_1558.jpg,Image_1558.jpg,ATALA,5,224,224,3,JPEG,30321
Image_1712,train/Image_1712.jpg,Image_1712.jpg,ADONIS,0,224,224,3,JPEG,32679
Image_5435,train/Image_5435.jpg,Image_5435.jpg,IPHICLUS SISTER,36,224,224,3,JPEG,22551
Image_2038,train/Image_2038.jpg,Image_2038.jpg,CLEOPATRA,17,224,224,3,JPEG,14990
Image_5274,train/Image_5274.jpg,Image_5274.jpg,EASTERN DAPPLE WHITE,27,224,224,3,JPEG,21262
Image_474,train/Image_474.jpg,Image_474.jpg,MESTRA,41,224,224,3,JPEG,21089
Image_5329,train/Image_5329.jpg,Image_5329.jpg,MOURNING CLOAK,45,224,224,3,JPEG,32374
Image_137,train/Image_137.jpg,Image_137.jpg,CLOUDED SULPHUR,19,224,224,3,JPEG,27796
Image_4852,train/Image_4852.jpg,Image_4852.jpg,SOUTHERN DOGFACE,66,224,224,3,JPEG,20011
Image_607,train/Image_607.jpg,Image_607.jpg,INDRA SWALLOW,35,224,224,3,JPEG,27282
Image_6180,train/Image_6180.jpg,Image_6180.jpg,ULYSES,70,224,224,3,JPEG,35153
Image_1707,train/Image_1707.jpg,Image_1707.jpg,CHECQUERED SKIPPER,15,224,224,3,JPEG,27422
Image_6478,train/Image_6478.jpg,Image_6478.jpg,CLODIUS PARNASSIAN,18,224,224,3,JPEG,28807
Image_2528,train/Image_2528.jpg,Image_2528.jpg,BANDED ORANGE HELICONIAN,6,224,224,3,JPEG,32953
Image_5529,train/Image_5529.jpg,Image_5529.jpg,INDRA SWALLOW,35,224,224,3,JPEG,24518
Image_2945,train/Image_2945.jpg,Image_2945.jpg,JULIA,37,224,224,3,JPEG,26106
Image_5464,train/Image_5464.jpg,Image_5464.jpg,SCARCE SWALLOW,62,224,224,3,JPEG,28049
Image_1747,train/Image_1747.jpg,Image_1747.jpg,PEACOCK,51,224,224,3,JPEG,29731
Image_648,train/Image_648.jpg,Image_648.jpg,STRAITED QUEEN,67,224,224,3,JPEG,28785
Image_3020,train/Image_3020.jpg,Image_3020.jpg,MALACHITE,39,224,224,3,JPEG,25890
Image_3834,train/Image_3834.jpg,Image_3834.jpg,TWO BARRED FLASHER,69,224,224,3,JPEG,19693
Image_2047,train/Image_2047.jpg,Image_2047.jpg,PEACOCK,51,224,224,3,JPEG,28609
Image_6151,train/Image_6151.jpg,Image_6151.jpg,PAPER KITE,50,224,224,3,JPEG,34685
Image_2027,train/Image_2027.jpg,Image_2027.jpg,PINE WHITE,52,224,224,3,JPEG,20309
Image_3963,train/Image_3963.jpg,Image_3963.jpg,SLEEPY ORANGE,64,224,224,3,JPEG,27320
Image_6160,train/Image_6160.jpg,Image_6160.jpg,BROWN SIPROETA,12,224,224,3,JPEG,31904
Image_4703,train/Image_4703.jpg,Image_4703.jpg,MANGROVE SKIPPER,40,224,224,3,JPEG,20351
Image_1711,train/Image_1711.jpg,Image_1711.jpg,EASTERN COMA,26,224,224,3,JPEG,36921
Image_1915,train/Image_1915.jpg,Image_1915.jpg,RED POSTMAN,60,224,224,3,JPEG,23375
Image_1086,train/Image_1086.jpg,Image_1086.jpg,COPPER TAIL,22,224,224,3,JPEG,22169
Image_1733,train/Image_1733.jpg,Image_1733.jpg,METALMARK,42,224,224,3,JPEG,29789
Image_5171,train/Image_5171.jpg,Image_5171.jpg,CRECENT,23,224,224,3,JPEG,24161
Image_6095,train/Image_6095.jpg,Image_6095.jpg,COMMON BANDED AWL,20,224,224,3,JPEG,17661
Image_813,train/Image_813.jpg,Image_813.jpg,RED SPOTTED PURPLE,61,224,224,3,JPEG,28663
Image_4779,train/Image_4779.jpg,Image_4779.jpg,BANDED PEACOCK,7,224,224,3,JPEG,27339
Image_3941,train/Image_3941.jpg,Image_3941.jpg,TWO BARRED FLASHER,69,224,224,3,JPEG,22055
Image_5761,train/Image_5761.jpg,Image_5761.jpg,RED ADMIRAL,58,224,224,3,JPEG,29420
Image_6113,train/Image_6113.jpg,Image_6113.jpg,APPOLLO,4,224,224,3,JPEG,32363
Image_317,train/Image_317.jpg,Image_317.jpg,ATALA,5,224,224,3,JPEG,19340
Image_4897,train/Image_4897.jpg,Image_4897.jpg,MOURNING CLOAK,45,224,224,3,JPEG,37110
Image_6348,train/Image_6348.jpg,Image_6348.jpg,WOOD SATYR,72,224,224,3,JPEG,19381
Image_4550,train/Image_4550.jpg,Image_4550.jpg,CRECENT,23,224,224,3,JPEG,36482
Image_5288,train/Image_5288.jpg,Image_5288.jpg,MONARCH,44,224,224,3,JPEG,31752
Image_2493,train/Image_2493.jpg,Image_2493.jpg,YELLOW SWALLOW TAIL,73,224,224,3,JPEG,30399
Image_517,train/Image_517.jpg,Image_517.jpg,EASTERN PINE ELFIN,28,224,224,3,JPEG,17164
Image_24,train/Image_24.jpg,Image_24.jpg,BLUE MORPHO,10,224,224,3,JPEG,22502
Image_2599,train/Image_2599.jpg,Image_2599.jpg,SCARCE SWALLOW,62,224,224,3,JPEG,27377
Image_1922,train/Image_1922.jpg,Image_1922.jpg,AFRICAN GIANT SWALLOWTAIL,1,224,224,3,JPEG,19619
Image_3448,train/Image_3448.jpg,Image_3448.jpg,ATALA,5,224,224,3,JPEG,18029
Image_3451,train/Image_3451.jpg,Image_3451.jpg,BANDED PEACOCK,7,224,224,3,JPEG,27026
Image_2153,train/Image_2153.jpg,Image_2153.jpg,PAINTED LADY,49,224,224,3,JPEG,23733
Image_5554,train/Image_5554.jpg,Image_5554.jpg,CHECQUERED SKIPPER,15,224,224,3,JPEG,22675
Image_3975,train/Image_3975.jpg,Image_3975.jpg,MILBERTS TORTOISESHELL,43,224,224,3,JPEG,38455
Image_5537,train/Image_5537.jpg,Image_5537.jpg,PINE WHITE,52,224,224,3,JPEG,24067
Image_1997,train/Image_1997.jpg,Image_1997.jpg,POPINJAY,54,224,224,3,JPEG,31530
Image_2134,train/Image_2134.jpg,Image_2134.jpg,GREAT EGGFLY,31,224,224,3,JPEG,22227
Image_5681,train/Image_5681.jpg,Image_5681.jpg,MALACHITE,39,224,224,3,JPEG,28910
Image_3875,train/Image_3875.jpg,Image_3875.jpg,MESTRA,41,224,224,3,JPEG,23920
Image_5387,train/Image_5387.jpg,Image_5387.jpg,TROPICAL LEAFWING,68,224,224,3,JPEG,19153
Image_834,train/Image_834.jpg,Image_834.jpg,STRAITED QUEEN,67,224,224,3,JPEG,32086
Image_4234,train/Image_4234.jpg,Image_4234.jpg,CRECENT,23,224,224,3,JPEG,24534
Image_1433,train/Image_1433.jpg,Image_1433.jpg,BLUE MORPHO,10,224,224,3,JPEG,22845
Image_2090,train/Image_2090.jpg,Image_2090.jpg,COPPER TAIL,22,224,224,3,JPEG,21921
Image_4772,train/Image_4772.jpg,Image_4772.jpg,POPINJAY,54,224,224,3,JPEG,30246
Image_426,train/Image_426.jpg,Image_426.jpg,PAPER KITE,50,224,224,3,JPEG,36166
Image_3227,train/Image_3227.jpg,Image_3227.jpg,AN 88,3,224,224,3,JPEG,32857
Image_3361,train/Image_3361.jpg,Image_3361.jpg,ULYSES,70,224,224,3,JPEG,31667
Image_3126,train/Image_3126.jpg,Image_3126.jpg,SILVER SPOT SKIPPER,63,224,224,3,JPEG,20271
Image_1545,train/Image_1545.jpg,Image_1545.jpg,TWO BARRED FLASHER,69,224,224,3,JPEG,19485
Image_1768,train/Image_1768.jpg,Image_1768.jpg,CRECENT,23,224,224,3,JPEG,34259
Image_4692,train/Image_4692.jpg,Image_4692.jpg,MONARCH,44,224,224,3,JPEG,31827
Image_911,train/Image_911.jpg,Image_911.jpg,EASTERN DAPPLE WHITE,27,224,224,3,JPEG,17792
Image_320,train/Image_320.jpg,Image_320.jpg,ELBOWED PIERROT,29,224,224,3,JPEG,18982
Image_5205,train/Image_5205.jpg,Image_5205.jpg,COPPER TAIL,22,224,224,3,JPEG,27520
Image_3497,train/Image_3497.jpg,Image_3497.jpg,BROWN SIPROETA,12,224,224,3,JPEG,25142
Image_4400,train/Image_4400.jpg,Image_4400.jpg,ELBOWED PIERROT,29,224,224,3,JPEG,28131
Image_6170,train/Image_6170.jpg,Image_6170.jpg,EASTERN DAPPLE WHITE,27,224,224,3,JPEG,24983
Image_1539,train/Image_1539.jpg,Image_1539.jpg,EASTERN COMA,26,224,224,3,JPEG,21207
Image_310,train/Image_310.jpg,Image_310.jpg,ELBOWED PIERROT,29,224,224,3,JPEG,20066
Image_528,train/Image_528.jpg,Image_528.jpg,PEACOCK,51,224,224,3,JPEG,25218
Image_3316,train/Image_3316.jpg,Image_3316.jpg,RED CRACKER,59,224,224,3,JPEG,27708
Image_3437,train/Image_3437.jpg,Image_3437.jpg,ORCHARD SWALLOW,48,224,224,3,JPEG,29806
Image_4516,train/Image_4516.jpg,Image_4516.jpg,MANGROVE SKIPPER,40,224,224,3,JPEG,24835
Image_2248,train/Image_2248.jpg,Image_2248.jpg,ORCHARD SWALLOW,48,224,224,3,JPEG,30708
Image_6165,train/Image_6165.jpg,Image_6165.jpg,GOLD BANDED,30,224,224,3,JPEG,22077
Image_4342,train/Image_4342.jpg,Image_4342.jpg,GREEN CELLED CATTLEHEART,33,224,224,3,JPEG,23146
Image_4872,train/Image_4872.jpg,Image_4872.jpg,AN 88,3,224,224,3,JPEG,21085
Image_316,train/Image_316.jpg,Image_316.jpg,EASTERN PINE ELFIN,28,224,224,3,JPEG,18942
Image_3681,train/Image_3681.jpg,Image_3681.jpg,ULYSES,70,224,224,3,JPEG,28641
Image_4134,train/Image_4134.jpg,Image_4134.jpg,APPOLLO,4,224,224,3,JPEG,26285
Image_2534,train/Image_2534.jpg,Image_2534.jpg,PURPLISH COPPER,56,224,224,3,JPEG,20877
Image_4332,train/Image_4332.jpg,Image_4332.jpg,BLUE SPOTTED CROW,11,224,224,3,JPEG,18153
Image_4178,train/Image_4178.jpg,Image_4178.jpg,BECKERS WHITE,8,224,224,3,JPEG,27086
Image_5563,train/Image_5563.jpg,Image_5563.jpg,SOUTHERN DOGFACE,66,224,224,3,JPEG,20891
Image_610,train/Image_610.jpg,Image_610.jpg,SLEEPY ORANGE,64,224,224,3,JPEG,21160
Image_3639,train/Image_3639.jpg,Image_3639.jpg,COPPER TAIL,22,224,224,3,JPEG,24200
Image_6451,train/Image_6451.jpg,Image_6451.jpg,PEACOCK,51,224,224,3,JPEG,34013
Image_307,train/Image_307.jpg,Image_307.jpg,GREAT JAY,32,224,224,3,JPEG,23518
Image_6334,train/Image_6334.jpg,Image_6334.jpg,ORANGE TIP,47,224,224,3,JPEG,20022
Image_563,train/Image_563.jpg,Image_563.jpg,AMERICAN SNOOT,2,224,224,3,JPEG,29098
Image_1305,train/Image_1305.jpg,Image_1305.jpg,PURPLE HAIRSTREAK,55,224,224,3,JPEG,26562
Image_2415,train/Image_2415.jpg,Image_2415.jpg,PINE WHITE,52,224,224,3,JPEG,30301
Image_3674,train/Image_3674.jpg,Image_3674.jpg,CRECENT,23,224,224,3,JPEG,30217
Image_1406,train/Image_1406.jpg,Image_1406.jpg,ORANGE TIP,47,224,224,3,JPEG,22590
Image_4376,train/Image_4376.jpg,Image_4376.jpg,CLEOPATRA,17,224,224,3,JPEG,20756
Image_2625,train/Image_2625.jpg,Image_2625.jpg,AMERICAN SNOOT,2,224,224,3,JPEG,26742
Image_6090,train/Image_6090.jpg,Image_6090.jpg,BROWN SIPROETA,12,224,224,3,JPEG,27290
Image_5090,train/Image_5090.jpg,Image_5090.jpg,POPINJAY,54,224,224,3,JPEG,23240
Image_2099,train/Image_2099.jpg,Image_2099.jpg,CLOUDED SULPHUR,19,224,224,3,JPEG,22877
Image_6475,train/Image_6475.jpg,Image_6475.jpg,AMERICAN SNOOT,2,224,224,3,JPEG,32653
Image_2535,train/Image_2535.jpg,Image_2535.jpg,SCARCE SWALLOW,62,224,224,3,JPEG,23360
Image_487,train/Image_487.jpg,Image_487.jpg,COMMON WOOD-NYMPH,21,224,224,3,JPEG,30605
Image_4541,train/Image_4541.jpg,Image_4541.jpg,YELLOW SWALLOW TAIL,73,224,224,3,JPEG,27531
Image_500,train/Image_500.jpg,Image_500.jpg,LARGE MARBLE,38,224,224,3,JPEG,26526
Image_4680,train/Image_4680.jpg,Image_4680.jpg,GREY HAIRSTREAK,34,224,224,3,JPEG,25622
Image_5092,train/Image_5092.jpg,Image_5092.jpg,MONARCH,44,224,224,3,JPEG,33817
Image_103,train/Image_103.jpg,Image_103.jpg,COPPER TAIL,22,224,224,3,JPEG,27314
Image_4091,train/Image_4091.jpg,Image_4091.jpg,ELBOWED PIERROT,29,224,224,3,JPEG,24867
Image_452,train/Image_452.jpg,Image_452.jpg,ADONIS,0,224,224,3,JPEG,27167
Image_549,train/Image_549.jpg,Image_549.jpg,GREEN CELLED CATTLEHEART,33,224,224,3,JPEG,23254
Image_3186,train/Image_3186.jpg,Image_3186.jpg,PAINTED LADY,49,224,224,3,JPEG,27452
Image_4695,train/Image_4695.jpg,Image_4695.jpg,AN 88,3,224,224,3,JPEG,27840
Image_181,train/Image_181.jpg,Image_181.jpg,ULYSES,70,224,224,3,JPEG,19946
Image_559,train/Image_559.jpg,Image_559.jpg,IPHICLUS SISTER,36,224,224,3,JPEG,28675
Image_2588,train/Image_2588.jpg,Image_2588.jpg,PAINTED LADY,49,224,224,3,JPEG,19618
Image_1953,train/Image_1953.jpg,Image_1953.jpg,AN 88,3,224,224,3,JPEG,21874
Image_6096,train/Image_6096.jpg,Image_6096.jpg,ZEBRA LONG WING,74,224,224,3,JPEG,24450
Image_2402,train/Image_2402.jpg,Image_2402.jpg,PURPLISH COPPER,56,224,224,3,JPEG,21576
Image_2664,train/Image_2664.jpg,Image_2664.jpg,EASTERN COMA,26,224,224,3,JPEG,35737
Image_693,train/Image_693.jpg,Image_693.jpg,SOOTYWING,65,224,224,3,JPEG,30824
Image_1523,train/Image_1523.jpg,Image_1523.jpg,AMERICAN SNOOT,2,224,224,3,JPEG,22192
Image_1053,train/Image_1053.jpg,Image_1053.jpg,BLACK HAIRSTREAK,9,224,224,3,JPEG,25215
Image_1030,train/Image_1030.jpg,Image_1030.jpg,CLODIUS PARNASSIAN,18,224,224,3,JPEG,36806
Image_4676,train/Image_4676.jpg,Image_4676.jpg,CHECQUERED SKIPPER,15,224,224,3,JPEG,26259
Image_4878,train/Image_4878.jpg,Image_4878.jpg,ATALA,5,224,224,3,JPEG,24142
Image_220,train/Image_220.jpg,Image_220.jpg,CRECENT,23,224,224,3,JPEG,29060
Image_2140,train/Image_2140.jpg,Image_2140.jpg,AFRICAN GIANT SWALLOWTAIL,1,224,224,3,JPEG,19034
Image_2301,train/Image_2301.jpg,Image_2301.jpg,TWO BARRED FLASHER,69,224,224,3,JPEG,28110
Image_4607,train/Image_4607.jpg,Image_4607.jpg,GREEN CELLED CATTLEHEART,33,224,224,3,JPEG,23659
Image_3903,train/Image_3903.jpg,Image_3903.jpg,SCARCE SWALLOW,62,224,224,3,JPEG,25732
Image_4952,train/Image_4952.jpg,Image_4952.jpg,MANGROVE SKIPPER,40,224,224,3,JPEG,29357
Image_1507,train/Image_1507.jpg,Image_1507.jpg,PIPEVINE SWALLOW,53,224,224,3,JPEG,27381
Image_1254,train/Image_1254.jpg,Image_1254.jpg,SLEEPY ORANGE,64,224,224,3,JPEG,16466
Image_2308,train/Image_2308.jpg,Image_2308.jpg,SILVER SPOT SKIPPER,63,224,224,3,JPEG,25407
Image_1572,train/Image_1572.jpg,Image_1572.jpg,AMERICAN SNOOT,2,224,224,3,JPEG,29495
Image_5184,train/Image_5184.jpg,Image_5184.jpg,METALMARK,42,224,224,3,JPEG,26752
Image_469,train/Image_469.jpg,Image_469.jpg,DANAID EGGFLY,25,224,224,3,JPEG,27741
Image_6006,train/Image_6006.jpg,Image_6006.jpg,CAIRNS BIRDWING,14,224,224,3,JPEG,20639
Image_5475,train/Image_5475.jpg,Image_5475.jpg,CLOUDED SULPHUR,19,224,224,3,JPEG,21294
Image_5340,train/Image_5340.jpg,Image_5340.jpg,BLUE SPOTTED CROW,11,224,224,3,JPEG,23246
Image_1532,train/Image_1532.jpg,Image_1532.jpg,LARGE MARBLE,38,224,224,3,JPEG,25771
Image_2917,train/Image_2917.jpg,Image_2917.jpg,WOOD SATYR,72,224,224,3,JPEG,26223
Image_1300,train/Image_1300.jpg,Image_1300.jpg,RED CRACKER,59,224,224,3,JPEG,25111
Image_2251,train/Image_2251.jpg,Image_2251.jpg,WOOD SATYR,72,224,224,3,JPEG,28418
Image_5117,train/Image_5117.jpg,Image_5117.jpg,BANDED ORANGE HELICONIAN,6,224,224,3,JPEG,23840
Image_3902,train/Image_3902.jpg,Image_3902.jpg,PAPER KITE,50,224,224,3,JPEG,24645
Image_1088,train/Image_1088.jpg,Image_1088.jpg,RED CRACKER,59,224,224,3,JPEG,43011
Image_3467,train/Image_3467.jpg,Image_3467.jpg,AFRICAN GIANT SWALLOWTAIL,1,224,224,3,JPEG,20696
Image_6405,train/Image_6405.jpg,Image_6405.jpg,PIPEVINE SWALLOW,53,224,224,3,JPEG,28464
Image_87,train/Image_87.jpg,Image_87.jpg,GREEN CELLED CATTLEHEART,33,224,224,3,JPEG,22162
Image_3567,train/Image_3567.jpg,Image_3567.jpg,JULIA,37,224,224,3,JPEG,25470
Image_2132,train/Image_2132.jpg,Image_2132.jpg,ADONIS,0,224,224,3,JPEG,27551
Image_6033,train/Image_6033.jpg,Image_6033.jpg,GREEN CELLED CATTLEHEART,33,224,224,3,JPEG,25270
Image_3023,train/Image_3023.jpg,Image_3023.jpg,AN 88,3,224,224,3,JPEG,21877
Image_3138,train/Image_3138.jpg,Image_3138.jpg,ORANGE OAKLEAF,46,224,224,3,JPEG,21204
Image_1715,train/Image_1715.jpg,Image_1715.jpg,SILVER SPOT SKIPPER,63,224,224,3,JPEG,25845
Image_5318,train/Image_5318.jpg,Image_5318.jpg,MOURNING CLOAK,45,224,224,3,JPEG,21314
Image_4477,train/Image_4477.jpg,Image_4477.jpg,COMMON WOOD-NYMPH,21,224,224,3,JPEG,30495
Image_3053,train/Image_3053.jpg,Image_3053.jpg,BROWN SIPROETA,12,224,224,3,JPEG,25634
Image_303,train/Image_303.jpg,Image_303.jpg,GREAT JAY,32,224,224,3,JPEG,29649
Image_2206,train/Image_2206.jpg,Image_2206.jpg,ORANGE TIP,47,224,224,3,JPEG,17559
Image_6136,train/Image_6136.jpg,Image_6136.jpg,CHECQUERED SKIPPER,15,224,224,3,JPEG,30957
Image_875,train/Image_875.jpg,Image_875.jpg,SCARCE SWALLOW,62,224,224,3,JPEG,19521
Image_5433,train/Image_5433.jpg,Image_5433.jpg,PAPER KITE,50,224,224,3,JPEG,32027
Image_5106,train/Image_5106.jpg,Image_5106.jpg,INDRA SWALLOW,35,224,224,3,JPEG,31543
Image_3101,train/Image_3101.jpg,Image_3101.jpg,QUESTION MARK,57,224,224,3,JPEG,25509
Image_816,train/Image_816.jpg,Image_816.jpg,COMMON WOOD-NYMPH,21,224,224,3,JPEG,30241
Image_4384,train/Image_4384.jpg,Image_4384.jpg,MONARCH,44,224,224,3,JPEG,24721
Image_1064,train/Image_1064.jpg,Image_1064.jpg,STRAITED QUEEN,67,224,224,3,JPEG,28625
Image_5476,train/Image_5476.jpg,Image_5476.jpg,AN 88,3,224,224,3,JPEG,26784
Image_1261,train/Image_1261.jpg,Image_1261.jpg,CAIRNS BIRDWING,14,224,224,3,JPEG,21960
Image_1084,train/Image_1084.jpg,Image_1084.jpg,WOOD SATYR,72,224,224,3,JPEG,29703
Image_5557,train/Image_5557.jpg,Image_5557.jpg,RED POSTMAN,60,224,224,3,JPEG,21605
Image_5143,train/Image_5143.jpg,Image_5143.jpg,BLACK HAIRSTREAK,9,224,224,3,JPEG,16226
Image_6085,train/Image_6085.jpg,Image_6085.jpg,GREAT EGGFLY,31,224,224,3,JPEG,23101
Image_5546,train/Image_5546.jpg,Image_5546.jpg,CRIMSON PATCH,24,224,224,3,JPEG,27580
Image_4049,train/Image_4049.jpg,Image_4049.jpg,ULYSES,70,224,224,3,JPEG,26632
Image_4882,train/Image_4882.jpg,Image_4882.jpg,RED ADMIRAL,58,224,224,3,JPEG,23801
Image_2057,train/Image_2057.jpg,Image_2057.jpg,ORCHARD SWALLOW,48,224,224,3,JPEG,30660
Image_5259,train/Image_5259.jpg,Image_5259.jpg,BLUE SPOTTED CROW,11,224,224,3,JPEG,17574
Image_375,train/Image_375.jpg,Image_375.jpg,BANDED ORANGE HELICONIAN,6,224,224,3,JPEG,29012
Image_6440,train/Image_6440.jpg,Image_6440.jpg,ULYSES,70,224,224,3,JPEG,30905
Image_153,train/Image_153.jpg,Image_153.jpg,MOURNING CLOAK,45,224,224,3,JPEG,34284
Image_611,train/Image_611.jpg,Image_611.jpg,CAIRNS BIRDWING,14,224,224,3,JPEG,13121
Image_2658,train/Image_2658.jpg,Image_2658.jpg,QUESTION MARK,57,224,224,3,JPEG,21438
Image_3575,train/Image_3575.jpg,Image_3575.jpg,IPHICLUS SISTER,36,224,224,3,JPEG,25269
Image_6251,train/Image_6251.jpg,Image_6251.jpg,PIPEVINE SWALLOW,53,224,224,3,JPEG,30728
Image_139,train/Image_139.jpg,Image_139.jpg,TROPICAL LEAFWING,68,224,224,3,JPEG,26289
Image_5023,train/Image_5023.jpg,Image_5023.jpg,POPINJAY,54,224,224,3,JPEG,21995
Image_1073,train/Image_1073.jpg,Image_1073.jpg,SOUTHERN DOGFACE,66,224,224,3,JPEG,21739
Image_2183,train/Image_2183.jpg,Image_2183.jpg,POPINJAY,54,224,224,3,JPEG,18338
Image_5658,train/Image_5658.jpg,Image_5658.jpg,PURPLE HAIRSTREAK,55,224,224,3,JPEG,33270
Image_5794,train/Image_5794.jpg,Image_5794.jpg,SOUTHERN DOGFACE,66,224,224,3,JPEG,22611
Image_6008,train/Image_6008.jpg,Image_6008.jpg,GREEN CELLED CATTLEHEART,33,224,224,3,JPEG,23465
Image_2680,train/Image_2680.jpg,Image_2680.jpg,GREY HAIRSTREAK,34,224,224,3,JPEG,22630
Image_4255,train/Image_4255.jpg,Image_4255.jpg,BANDED PEACOCK,7,224,224,3,JPEG,27198
Image_5374,train/Image_5374.jpg,Image_5374.jpg,INDRA SWALLOW,35,224,224,3,JPEG,19022
Image_4196,train/Image_4196.jpg,Image_4196.jpg,AMERICAN SNOOT,2,224,224,3,JPEG,23043
Image_6276,train/Image_6276.jpg,Image_6276.jpg,RED CRACKER,59,224,224,3,JPEG,30697
Image_2184,train/Image_2184.jpg,Image_2184.jpg,ELBOWED PIERROT,29,224,224,3,JPEG,18684
Image_5241,train/Image_5241.jpg,Image_5241.jpg,CHESTNUT,16,224,224,3,JPEG,18555
Image_449,train/Image_449.jpg,Image_449.jpg,ORANGE OAKLEAF,46,224,224,3,JPEG,36590
Image_411,train/Image_411.jpg,Image_411.jpg,PINE WHITE,52,224,224,3,JPEG,19567
Image_6040,train/Image_6040.jpg,Image_6040.jpg,MONARCH,44,224,224,3,JPEG,30286
Image_6403,train/Image_6403.jpg,Image_6403.jpg,YELLOW SWALLOW TAIL,73,224,224,3,JPEG,25788
Image_4896,train/Image_4896.jpg,Image_4896.jpg,EASTERN COMA,26,224,224,3,JPEG,22257
Image_3651,train/Image_3651.jpg,Image_3651.jpg,CLEOPATRA,17,224,224,3,JPEG,16709
Image_2652,train/Image_2652.jpg,Image_2652.jpg,WOOD SATYR,72,224,224,3,JPEG,27564
Image_476,train/Image_476.jpg,Image_476.jpg,CLODIUS PARNASSIAN,18,224,224,3,JPEG,16584
Image_3566,train/Image_3566.jpg,Image_3566.jpg,RED CRACKER,59,224,224,3,JPEG,39009
Image_4198,train/Image_4198.jpg,Image_4198.jpg,ATALA,5,224,224,3,JPEG,30960
Image_4256,train/Image_4256.jpg,Image_4256.jpg,ELBOWED PIERROT,29,224,224,3,JPEG,21163
Image_5996,train/Image_5996.jpg,Image_5996.jpg,CHECQUERED SKIPPER,15,224,224,3,JPEG,23756
Image_5210,train/Image_5210.jpg,Image_5210.jpg,EASTERN DAPPLE WHITE,27,224,224,3,JPEG,16028
Image_3874,train/Image_3874.jpg,Image_3874.jpg,PIPEVINE SWALLOW,53,224,224,3,JPEG,23687
Image_2399,train/Image_2399.jpg,Image_2399.jpg,IPHICLUS SISTER,36,224,224,3,JPEG,21701
Image_4472,train/Image_4472.jpg,Image_4472.jpg,QUESTION MARK,57,224,224,3,JPEG,30191
Image_4736,train/Image_4736.jpg,Image_4736.jpg,EASTERN DAPPLE WHITE,27,224,224,3,JPEG,23561
Image_242,train/Image_242.jpg,Image_242.jpg,RED ADMIRAL,58,224,224,3,JPEG,29688
Image_3207,train/Image_3207.jpg,Image_3207.jpg,CAIRNS BIRDWING,14,224,224,3,JPEG,20674
Image_4789,train/Image_4789.jpg,Image_4789.jpg,APPOLLO,4,224,224,3,JPEG,19889
Image_3769,train/Image_3769.jpg,Image_3769.jpg,CHESTNUT,16,224,224,3,JPEG,20664
Image_5156,train/Image_5156.jpg,Image_5156.jpg,ZEBRA LONG WING,74,224,224,3,JPEG,29499
Image_5549,train/Image_5549.jpg,Image_5549.jpg,MALACHITE,39,224,224,3,JPEG,26925
Image_3203,train/Image_3203.jpg,Image_3203.jpg,EASTERN DAPPLE WHITE,27,224,224,3,JPEG,19796
Image_4891,train/Image_4891.jpg,Image_4891.jpg,CLOUDED SULPHUR,19,224,224,3,JPEG,26415
Image_4995,train/Image_4995.jpg,Image_4995.jpg,SCARCE SWALLOW,62,224,224,3,JPEG,26334
Image_5264,train/Image_5264.jpg,Image_5264.jpg,BANDED PEACOCK,7,224,224,3,JPEG,26520
Image_1137,train/Image_1137.jpg,Image_1137.jpg,GREEN CELLED CATTLEHEART,33,224,224,3,JPEG,18539
Image_1587,train/Image_1587.jpg,Image_1587.jpg,ORANGE TIP,47,224,224,3,JPEG,25386
Image_188,train/Image_188.jpg,Image_188.jpg,ELBOWED PIERROT,29,224,224,3,JPEG,21121
Image_55,train/Image_55.jpg,Image_55.jpg,ORANGE OAKLEAF,46,224,224,3,JPEG,30833
Image_2417,train/Image_2417.jpg,Image_2417.jpg,MALACHITE,39,224,224,3,JPEG,29435
Image_2298,train/Image_2298.jpg,Image_2298.jpg,CRECENT,23,224,224,3,JPEG,27185
Image_800,train/Image_800.jpg,Image_800.jpg,EASTERN COMA,26,224,224,3,JPEG,26030
Image_3049,train/Image_3049.jpg,Image_3049.jpg,CRIMSON PATCH,24,224,224,3,JPEG,23363
Image_1049,train/Image_1049.jpg,Image_1049.jpg,GREEN CELLED CATTLEHEART,33,224,224,3,JPEG,15304
Image_327,train/Image_327.jpg,Image_327.jpg,IPHICLUS SISTER,36,224,224,3,JPEG,16997
Image_1889,train/Image_1889.jpg,Image_1889.jpg,PINE WHITE,52,224,224,3,JPEG,23662
Image_2266,train/Image_2266.jpg,Image_2266.jpg,SCARCE SWALLOW,62,224,224,3,JPEG,28411
Image_1106,train/Image_1106.jpg,Image_1106.jpg,ULYSES,70,224,224,3,JPEG,29234
Image_1161,train/Image_1161.jpg,Image_1161.jpg,ORCHARD SWALLOW,48,224,224,3,JPEG,23902
Image_6353,train/Image_6353.jpg,Image_6353.jpg,ELBOWED PIERROT,29,224,224,3,JPEG,25280
Image_2229,train/Image_2229.jpg,Image_2229.jpg,CLODIUS PARNASSIAN,18,224,224,3,JPEG,38411
Image_4463,train/Image_4463.jpg,Image_4463.jpg,CHESTNUT,16,224,224,3,JPEG,26190
Image_3945,train/Image_3945.jpg,Image_3945.jpg,AFRICAN GIANT SWALLOWTAIL,1,224,224,3,JPEG,27567
Image_5291,train/Image_5291.jpg,Image_5291.jpg,WOOD SATYR,72,224,224,3,JPEG,39001
Image_1253,train/Image_1253.jpg,Image_1253.jpg,BLACK HAIRSTREAK,9,224,224,3,JPEG,17508
Image_3658,train/Image_3658.jpg,Image_3658.jpg,COPPER TAIL,22,224,224,3,JPEG,20827
Image_1760,train/Image_1760.jpg,Image_1760.jpg,RED SPOTTED PURPLE,61,224,224,3,JPEG,35977
Image_2608,train/Image_2608.jpg,Image_2608.jpg,CABBAGE WHITE,13,224,224,3,JPEG,21020
Image_6364,train/Image_6364.jpg,Image_6364.jpg,TWO BARRED FLASHER,69,224,224,3,JPEG,26456
Image_3,train/Image_3.jpg,Image_3.jpg,BROWN SIPROETA,12,224,224,3,JPEG,18240
Image_1328,train/Image_1328.jpg,Image_1328.jpg,POPINJAY,54,224,224,3,JPEG,35979
Image_2516,train/Image_2516.jpg,Image_2516.jpg,ADONIS,0,224,224,3,JPEG,35386
Image_2192,train/Image_2192.jpg,Image_2192.jpg,PEACOCK,51,224,224,3,JPEG,36750
Image_3378,train/Image_3378.jpg,Image_3378.jpg,COPPER TAIL,22,224,224,3,JPEG,26723
Image_1880,train/Image_1880.jpg,Image_1880.jpg,RED SPOTTED PURPLE,61,224,224,3,JPEG,27902
Image_2655,train/Image_2655.jpg,Image_2655.jpg,ADONIS,0,224,224,3,JPEG,25977
Image_3887,train/Image_3887.jpg,Image_3887.jpg,PAINTED LADY,49,224,224,3,JPEG,32637
Image_4642,train/Image_4642.jpg,Image_4642.jpg,MALACHITE,39,224,224,3,JPEG,27343
Image_600,train/Image_600.jpg,Image_600.jpg,AFRICAN GIANT SWALLOWTAIL,1,224,224,3,JPEG,20879
Image_888,train/Image_888.jpg,Image_888.jpg,RED CRACKER,59,224,224,3,JPEG,33811
Image_349,train/Image_349.jpg,Image_349.jpg,ATALA,5,224,224,3,JPEG,21608
Image_5159,train/Image_5159.jpg,Image_5159.jpg,INDRA SWALLOW,35,224,224,3,JPEG,25293
Image_4889,train/Image_4889.jpg,Image_4889.jpg,EASTERN COMA,26,224,224,3,JPEG,29601
Image_3532,train/Image_3532.jpg,Image_3532.jpg,ORANGE OAKLEAF,46,224,224,3,JPEG,28889
Image_205,train/Image_205.jpg,Image_205.jpg,PURPLISH COPPER,56,224,224,3,JPEG,22542
Image_4893,train/Image_4893.jpg,Image_4893.jpg,TROPICAL LEAFWING,68,224,224,3,JPEG,26680
Image_1339,train/Image_1339.jpg,Image_1339.jpg,ORANGE TIP,47,224,224,3,JPEG,25266
Image_3954,train/Image_3954.jpg,Image_3954.jpg,ATALA,5,224,224,3,JPEG,28367
Image_4447,train/Image_4447.jpg,Image_4447.jpg,BROWN SIPROETA,12,224,224,3,JPEG,25729
Image_5461,train/Image_5461.jpg,Image_5461.jpg,POPINJAY,54,224,224,3,JPEG,41361
Image_83,train/Image_83.jpg,Image_83.jpg,INDRA SWALLOW,35,224,224,3,JPEG,24929
Image_1884,train/Image_1884.jpg,Image_1884.jpg,IPHICLUS SISTER,36,224,224,3,JPEG,13536
Image_2612,train/Image_2612.jpg,Image_2612.jpg,WOOD SATYR,72,224,224,3,JPEG,23235
Image_5811,train/Image_5811.jpg,Image_5811.jpg,PAINTED LADY,49,224,224,3,JPEG,30474
Image_833,train/Image_833.jpg,Image_833.jpg,GREAT EGGFLY,31,224,224,3,JPEG,32797
Image_3968,train/Image_3968.jpg,Image_3968.jpg,GOLD BANDED,30,224,224,3,JPEG,18755
Image_4640,train/Image_4640.jpg,Image_4640.jpg,POPINJAY,54,224,224,3,JPEG,31156
Image_5506,train/Image_5506.jpg,Image_5506.jpg,BLUE SPOTTED CROW,11,224,224,3,JPEG,11985
Image_3533,train/Image_3533.jpg,Image_3533.jpg,EASTERN PINE ELFIN,28,224,224,3,JPEG,22438
Image_1432,train/Image_1432.jpg,Image_1432.jpg,METALMARK,42,224,224,3,JPEG,38255
Image_480,train/Image_480.jpg,Image_480.jpg,JULIA,37,224,224,3,JPEG,22738
Image_773,train/Image_773.jpg,Image_773.jpg,CAIRNS BIRDWING,14,224,224,3,JPEG,23867
Image_3961,train/Image_3961.jpg,Image_3961.jpg,CLOUDED SULPHUR,19,224,224,3,JPEG,21139
Image_4532,train/Image_4532.jpg,Image_4532.jpg,PAPER KITE,50,224,224,3,JPEG,29923
Image_3376,train/Image_3376.jpg,Image_3376.jpg,MOURNING CLOAK,45,224,224,3,JPEG,29653
Image_2472,train/Image_2472.jpg,Image_2472.jpg,ORCHARD SWALLOW,48,224,224,3,JPEG,33989
Image_5304,train/Image_5304.jpg,Image_5304.jpg,RED ADMIRAL,58,224,224,3,JPEG,24836
Image_2147,train/Image_2147.jpg,Image_2147.jpg,POPINJAY,54,224,224,3,JPEG,23936
Image_5365,train/Image_5365.jpg,Image_5365.jpg,DANAID EGGFLY,25,224,224,3,JPEG,18733
Image_2967,train/Image_2967.jpg,Image_2967.jpg,CAIRNS BIRDWING,14,224,224,3,JPEG,19576
Image_4513,train/Image_4513.jpg,Image_4513.jpg,SCARCE SWALLOW,62,224,224,3,JPEG,30842
Image_1393,train/Image_1393.jpg,Image_1393.jpg,POPINJAY,54,224,224,3,JPEG,34806
Image_5488,train/Image_5488.jpg,Image_5488.jpg,RED SPOTTED PURPLE,61,224,224,3,JPEG,29965
Image_4264,train/Image_4264.jpg,Image_4264.jpg,CHESTNUT,16,224,224,3,JPEG,30123
Image_388,train/Image_388.jpg,Image_388.jpg,SOUTHERN DOGFACE,66,224,224,3,JPEG,23228
Image_5955,train/Image_5955.jpg,Image_5955.jpg,STRAITED QUEEN,67,224,224,3,JPEG,25225
Image_1974,train/Image_1974.jpg,Image_1974.jpg,INDRA SWALLOW,35,224,224,3,JPEG,27512
Image_2385,train/Image_2385.jpg,Image_2385.jpg,PIPEVINE SWALLOW,53,224,224,3,JPEG,31567
Image_577,train/Image_577.jpg,Image_577.jpg,SOOTYWING,65,224,224,3,JPEG,15783
Image_551,train/Image_551.jpg,Image_551.jpg,APPOLLO,4,224,224,3,JPEG,19817
Image_4379,train/Image_4379.jpg,Image_4379.jpg,MANGROVE SKIPPER,40,224,224,3,JPEG,27027
Image_3109,train/Image_3109.jpg,Image_3109.jpg,TWO BARRED FLASHER,69,224,224,3,JPEG,26482
Image_1856,train/Image_1856.jpg,Image_1856.jpg,TWO BARRED FLASHER,69,224,224,3,JPEG,23437
Image_5412,train/Image_5412.jpg,Image_5412.jpg,MANGROVE SKIPPER,40,224,224,3,JPEG,21654
Image_5940,train/Image_5940.jpg,Image_5940.jpg,RED POSTMAN,60,224,224,3,JPEG,23995
Image_2008,train/Image_2008.jpg,Image_2008.jpg,BLACK HAIRSTREAK,9,224,224,3,JPEG,25811
Image_2740,train/Image_2740.jpg,Image_2740.jpg,MANGROVE SKIPPER,40,224,224,3,JPEG,22284
Image_5431,train/Image_5431.jpg,Image_5431.jpg,CRIMSON PATCH,24,224,224,3,JPEG,23768
Image_3781,train/Image_3781.jpg,Image_3781.jpg,GREY HAIRSTREAK,34,224,224,3,JPEG,28624
Image_1840,train/Image_1840.jpg,Image_1840.jpg,ATALA,5,224,224,3,JPEG,19595
Image_5815,train/Image_5815.jpg,Image_5815.jpg,PAPER KITE,50,224,224,3,JPEG,35776
Image_6303,train/Image_6303.jpg,Image_6303.jpg,SCARCE SWALLOW,62,224,224,3,JPEG,28518
Image_5713,train/Image_5713.jpg,Image_5713.jpg,TWO BARRED FLASHER,69,224,224,3,JPEG,25691
Image_557,train/Image_557.jpg,Image_557.jpg,EASTERN COMA,26,224,224,3,JPEG,29698
Image_1791,train/Image_1791.jpg,Image_1791.jpg,MALACHITE,39,224,224,3,JPEG,24617
Image_3165,train/Image_3165.jpg,Image_3165.jpg,AN 88,3,224,224,3,JPEG,24603
Image_4266,train/Image_4266.jpg,Image_4266.jpg,PINE WHITE,52,224,224,3,JPEG,27155
Image_3847,train/Image_3847.jpg,Image_3847.jpg,IPHICLUS SISTER,36,224,224,3,JPEG,17945
Image_2791,train/Image_2791.jpg,Image_2791.jpg,ZEBRA LONG WING,74,224,224,3,JPEG,30668
Image_4504,train/Image_4504.jpg,Image_4504.jpg,TROPICAL LEAFWING,68,224,224,3,JPEG,19451
Image_4895,train/Image_4895.jpg,Image_4895.jpg,CAIRNS BIRDWING,14,224,224,3,JPEG,22421
Image_2238,train/Image_2238.jpg,Image_2238.jpg,AFRICAN GIANT SWALLOWTAIL,1,224,224,3,JPEG,22691
Image_3050,train/Image_3050.jpg,Image_3050.jpg,POPINJAY,54,224,224,3,JPEG,29659
Image_3360,train/Image_3360.jpg,Image_3360.jpg,BROWN SIPROETA,12,224,224,3,JPEG,27904
Image_569,train/Image_569.jpg,Image_569.jpg,DANAID EGGFLY,25,224,224,3,JPEG,26821
Image_4254,train/Image_4254.jpg,Image_4254.jpg,PINE WHITE,52,224,224,3,JPEG,25362
Image_2678,train/Image_2678.jpg,Image_2678.jpg,PEACOCK,51,224,224,3,JPEG,27488
Image_3264,train/Image_3264.jpg,Image_3264.jpg,BROWN SIPROETA,12,224,224,3,JPEG,33267
Image_1821,train/Image_1821.jpg,Image_1821.jpg,RED CRACKER,59,224,224,3,JPEG,37295
Image_3142,train/Image_3142.jpg,Image_3142.jpg,PURPLISH COPPER,56,224,224,3,JPEG,19262
Image_1221,train/Image_1221.jpg,Image_1221.jpg,PURPLE HAIRSTREAK,55,224,224,3,JPEG,23201
Image_1047,train/Image_1047.jpg,Image_1047.jpg,COMMON BANDED AWL,20,224,224,3,JPEG,25531
Image_3569,train/Image_3569.jpg,Image_3569.jpg,STRAITED QUEEN,67,224,224,3,JPEG,29506
Image_1805,train/Image_1805.jpg,Image_1805.jpg,JULIA,37,224,224,3,JPEG,23712
Image_5287,train/Image_5287.jpg,Image_5287.jpg,YELLOW SWALLOW TAIL,73,224,224,3,JPEG,24550
Image_2324,train/Image_2324.jpg,Image_2324.jpg,ATALA,5,224,224,3,JPEG,24545
Image_436,train/Image_436.jpg,Image_436.jpg,ORCHARD SWALLOW,48,224,224,3,JPEG,26618
Image_281,train/Image_281.jpg,Image_281.jpg,STRAITED QUEEN,67,224,224,3,JPEG,32098
Image_576,train/Image_576.jpg,Image_576.jpg,RED SPOTTED PURPLE,61,224,224,3,JPEG,26831
Image_654,train/Image_654.jpg,Image_654.jpg,POPINJAY,54,224,224,3,JPEG,34560
Image_1633,train/Image_1633.jpg,Image_1633.jpg,IPHICLUS SISTER,36,224,224,3,JPEG,19311
Image_3867,train/Image_3867.jpg,Image_3867.jpg,POPINJAY,54,224,224,3,JPEG,20418
Image_2748,train/Image_2748.jpg,Image_2748.jpg,MALACHITE,39,224,224,3,JPEG,28082
Image_4684,train/Image_4684.jpg,Image_4684.jpg,BECKERS WHITE,8,224,224,3,JPEG,21819
Image_1343,train/Image_1343.jpg,Image_1343.jpg,PAPER KITE,50,224,224,3,JPEG,24648
Image_5814,train/Image_5814.jpg,Image_5814.jpg,EASTERN PINE ELFIN,28,224,224,3,JPEG,28211
Image_817,train/Image_817.jpg,Image_817.jpg,LARGE MARBLE,38,224,224,3,JPEG,16949
Image_5945,train/Image_5945.jpg,Image_5945.jpg,MILBERTS TORTOISESHELL,43,224,224,3,JPEG,29475
Image_5160,train/Image_5160.jpg,Image_5160.jpg,ORCHARD SWALLOW,48,224,224,3,JPEG,31649
Image_4167,train/Image_4167.jpg,Image_4167.jpg,CRECENT,23,224,224,3,JPEG,33030
Image_5358,train/Image_5358.jpg,Image_5358.jpg,QUESTION MARK,57,224,224,3,JPEG,25677
Image_6406,train/Image_6406.jpg,Image_6406.jpg,CLEOPATRA,17,224,224,3,JPEG,21263
Image_6472,train/Image_6472.jpg,Image_6472.jpg,CABBAGE WHITE,13,224,224,3,JPEG,19342
Image_4023,train/Image_4023.jpg,Image_4023.jpg,COPPER TAIL,22,224,224,3,JPEG,22947
Image_4321,train/Image_4321.jpg,Image_4321.jpg,WOOD SATYR,72,224,224,3,JPEG,25611
Image_4231,train/Image_4231.jpg,Image_4231.jpg,BROWN SIPROETA,12,224,224,3,JPEG,29199
Image_182,train/Image_182.jpg,Image_182.jpg,PIPEVINE SWALLOW,53,224,224,3,JPEG,27131
Image_4084,train/Image_4084.jpg,Image_4084.jpg,SCARCE SWALLOW,62,224,224,3,JPEG,31732
Image_4038,train/Image_4038.jpg,Image_4038.jpg,ULYSES,70,224,224,3,JPEG,30238
Image_2731,train/Image_2731.jpg,Image_2731.jpg,COPPER TAIL,22,224,224,3,JPEG,30472
Image_4765,train/Image_4765.jpg,Image_4765.jpg,PURPLISH COPPER,56,224,224,3,JPEG,15967
Image_1759,train/Image_1759.jpg,Image_1759.jpg,LARGE MARBLE,38,224,224,3,JPEG,25116
Image_2985,train/Image_2985.jpg,Image_2985.jpg,LARGE MARBLE,38,224,224,3,JPEG,24106
Image_3774,train/Image_3774.jpg,Image_3774.jpg,GREEN CELLED CATTLEHEART,33,224,224,3,JPEG,31197
Image_1964,train/Image_1964.jpg,Image_1964.jpg,CABBAGE WHITE,13,224,224,3,JPEG,12823
Image_571,train/Image_571.jpg,Image_571.jpg,PURPLISH COPPER,56,224,224,3,JPEG,19624
Image_5129,train/Image_5129.jpg,Image_5129.jpg,GOLD BANDED,30,224,224,3,JPEG,18049
Image_6054,train/Image_6054.jpg,Image_6054.jpg,BANDED ORANGE HELICONIAN,6,224,224,3,JPEG,26629
Image_771,train/Image_771.jpg,Image_771.jpg,ORANGE OAKLEAF,46,224,224,3,JPEG,23797
Image_2850,train/Image_2850.jpg,Image_2850.jpg,EASTERN PINE ELFIN,28,224,224,3,JPEG,22723
Image_2030,train/Image_2030.jpg,Image_2030.jpg,SOOTYWING,65,224,224,3,JPEG,16664
Image_1459,train/Image_1459.jpg,Image_1459.jpg,PURPLISH COPPER,56,224,224,3,JPEG,29508
Image_2863,train/Image_2863.jpg,Image_2863.jpg,AFRICAN GIANT SWALLOWTAIL,1,224,224,3,JPEG,36997
Image_6287,train/Image_6287.jpg,Image_6287.jpg,IPHICLUS SISTER,36,224,224,3,JPEG,24140
Image_633,train/Image_633.jpg,Image_633.jpg,BANDED ORANGE HELICONIAN,6,224,224,3,JPEG,31208
Image_2245,train/Image_2245.jpg,Image_2245.jpg,SOOTYWING,65,224,224,3,JPEG,18043
Image_588,train/Image_588.jpg,Image_588.jpg,MOURNING CLOAK,45,224,224,3,JPEG,38233
Image_2721,train/Image_2721.jpg,Image_2721.jpg,LARGE MARBLE,38,224,224,3,JPEG,17228
Image_6070,train/Image_6070.jpg,Image_6070.jpg,ELBOWED PIERROT,29,224,224,3,JPEG,18922
Image_1156,train/Image_1156.jpg,Image_1156.jpg,ATALA,5,224,224,3,JPEG,17916
Image_541,train/Image_541.jpg,Image_541.jpg,COPPER TAIL,22,224,224,3,JPEG,23142
Image_4677,train/Image_4677.jpg,Image_4677.jpg,SLEEPY ORANGE,64,224,224,3,JPEG,21905
Image_3375,train/Image_3375.jpg,Image_3375.jpg,CHECQUERED SKIPPER,15,224,224,3,JPEG,29396
Image_2165,train/Image_2165.jpg,Image_2165.jpg,PIPEVINE SWALLOW,53,224,224,3,JPEG,30192
Image_1562,train/Image_1562.jpg,Image_1562.jpg,CLEOPATRA,17,224,224,3,JPEG,23264
Image_2371,train/Image_2371.jpg,Image_2371.jpg,CAIRNS BIRDWING,14,224,224,3,JPEG,18688
Image_791,train/Image_791.jpg,Image_791.jpg,CHESTNUT,16,224,224,3,JPEG,43950
Image_1102,train/Image_1102.jpg,Image_1102.jpg,PAPER KITE,50,224,224,3,JPEG,28556
Image_1591,train/Image_1591.jpg,Image_1591.jpg,CLOUDED SULPHUR,19,224,224,3,JPEG,23580
Image_3719,train/Image_3719.jpg,Image_3719.jpg,CABBAGE WHITE,13,224,224,3,JPEG,18913
Image_1424,train/Image_1424.jpg,Image_1424.jpg,CHESTNUT,16,224,224,3,JPEG,27668
Image_5725,train/Image_5725.jpg,Image_5725.jpg,LARGE MARBLE,38,224,224,3,JPEG,23328
Image_5943,train/Image_5943.jpg,Image_5943.jpg,SLEEPY ORANGE,64,224,224,3,JPEG,24823
Image_1910,train/Image_1910.jpg,Image_1910.jpg,INDRA SWALLOW,35,224,224,3,JPEG,22785
Image_4932,train/Image_4932.jpg,Image_4932.jpg,ADONIS,0,224,224,3,JPEG,21611
Image_1310,train/Image_1310.jpg,Image_1310.jpg,MESTRA,41,224,224,3,JPEG,23625
Image_5232,train/Image_5232.jpg,Image_5232.jpg,SILVER SPOT SKIPPER,63,224,224,3,JPEG,30978
Image_82,train/Image_82.jpg,Image_82.jpg,GREEN CELLED CATTLEHEART,33,224,224,3,JPEG,19072
Image_5278,train/Image_5278.jpg,Image_5278.jpg,SLEEPY ORANGE,64,224,224,3,JPEG,21219
Image_4990,train/Image_4990.jpg,Image_4990.jpg,PURPLE HAIRSTREAK,55,224,224,3,JPEG,29795
Image_4242,train/Image_4242.jpg,Image_4242.jpg,CHESTNUT,16,224,224,3,JPEG,21201
Image_2794,train/Image_2794.jpg,Image_2794.jpg,RED ADMIRAL,58,224,224,3,JPEG,29310
Image_3171,train/Image_3171.jpg,Image_3171.jpg,AN 88,3,224,224,3,JPEG,30482
Image_2852,train/Image_2852.jpg,Image_2852.jpg,ORCHARD SWALLOW,48,224,224,3,JPEG,25754
Image_2648,train/Image_2648.jpg,Image_2648.jpg,TWO BARRED FLASHER,69,224,224,3,JPEG,22056
Image_4160,train/Image_4160.jpg,Image_4160.jpg,COMMON WOOD-NYMPH,21,224,224,3,JPEG,24376
Image_617,train/Image_617.jpg,Image_617.jpg,CLODIUS PARNASSIAN,18,224,224,3,JPEG,27357
Image_5347,train/Image_5347.jpg,Image_5347.jpg,SLEEPY ORANGE,64,224,224,3,JPEG,26651
Image_1728,train/Image_1728.jpg,Image_1728.jpg,CLODIUS PARNASSIAN,18,224,224,3,JPEG,36487
Image_2,train/Image_2.jpg,Image_2.jpg,ADONIS,0,224,224,3,JPEG,30315
Image_5196,train/Image_5196.jpg,Image_5196.jpg,RED CRACKER,59,224,224,3,JPEG,43181
Image_4636,train/Image_4636.jpg,Image_4636.jpg,YELLOW SWALLOW TAIL,73,224,224,3,JPEG,31190
Image_6148,train/Image_6148.jpg,Image_6148.jpg,COMMON WOOD-NYMPH,21,224,224,3,JPEG,17692
Image_5516,train/Image_5516.jpg,Image_5516.jpg,CAIRNS BIRDWING,14,224,224,3,JPEG,19945
Image_5765,train/Image_5765.jpg,Image_5765.jpg,AN 88,3,224,224,3,JPEG,28836
Image_5512,train/Image_5512.jpg,Image_5512.jpg,CAIRNS BIRDWING,14,224,224,3,JPEG,20329
Image_3491,train/Image_3491.jpg,Image_3491.jpg,TROPICAL LEAFWING,68,224,224,3,JPEG,30607
Image_3446,train/Image_3446.jpg,Image_3446.jpg,MONARCH,44,224,224,3,JPEG,28708
Image_2935,train/Image_2935.jpg,Image_2935.jpg,CLOUDED SULPHUR,19,224,224,3,JPEG,28358
Image_3580,train/Image_3580.jpg,Image_3580.jpg,EASTERN DAPPLE WHITE,27,224,224,3,JPEG,24860
Image_1462,train/Image_1462.jpg,Image_1462.jpg,COMMON BANDED AWL,20,224,224,3,JPEG,14674
Image_4823,train/Image_4823.jpg,Image_4823.jpg,TROPICAL LEAFWING,68,224,224,3,JPEG,32461
Image_4419,train/Image_4419.jpg,Image_4419.jpg,DANAID EGGFLY,25,224,224,3,JPEG,29219
Image_3893,train/Image_3893.jpg,Image_3893.jpg,EASTERN PINE ELFIN,28,224,224,3,JPEG,21153
Image_1121,train/Image_1121.jpg,Image_1121.jpg,MANGROVE SKIPPER,40,224,224,3,JPEG,25629
Image_5822,train/Image_5822.jpg,Image_5822.jpg,MESTRA,41,224,224,3,JPEG,20985
Image_5199,train/Image_5199.jpg,Image_5199.jpg,WOOD SATYR,72,224,224,3,JPEG,19870
Image_1561,train/Image_1561.jpg,Image_1561.jpg,ORANGE TIP,47,224,224,3,JPEG,23795
Image_3370,train/Image_3370.jpg,Image_3370.jpg,CRECENT,23,224,224,3,JPEG,34064
Image_2937,train/Image_2937.jpg,Image_2937.jpg,MILBERTS TORTOISESHELL,43,224,224,3,JPEG,22942
Image_1007,train/Image_1007.jpg,Image_1007.jpg,RED CRACKER,59,224,224,3,JPEG,28942
Image_3238,train/Image_3238.jpg,Image_3238.jpg,SCARCE SWALLOW,62,224,224,3,JPEG,32910
Image_3916,train/Image_3916.jpg,Image_3916.jpg,GREEN CELLED CATTLEHEART,33,224,224,3,JPEG,22768
Image_191,train/Image_191.jpg,Image_191.jpg,BROWN SIPROETA,12,224,224,3,JPEG,28717
Image_2218,train/Image_2218.jpg,Image_2218.jpg,ZEBRA LONG WING,74,224,224,3,JPEG,22420
Image_3737,train/Image_3737.jpg,Image_3737.jpg,STRAITED QUEEN,67,224,224,3,JPEG,27036
Image_1260,train/Image_1260.jpg,Image_1260.jpg,GREY HAIRSTREAK,34,224,224,3,JPEG,24284
Image_5818,train/Image_5818.jpg,Image_5818.jpg,BANDED ORANGE HELICONIAN,6,224,224,3,JPEG,28854
Image_530,train/Image_530.jpg,Image_530.jpg,ZEBRA LONG WING,74,224,224,3,JPEG,24061
Image_380,train/Image_380.jpg,Image_380.jpg,ATALA,5,224,224,3,JPEG,22851
Image_1344,train/Image_1344.jpg,Image_1344.jpg,PINE WHITE,52,224,224,3,JPEG,19616
Image_18,train/Image_18.jpg,Image_18.jpg,SOOTYWING,65,224,224,3,JPEG,28839
Image_2956,train/Image_2956.jpg,Image_2956.jpg,CRIMSON PATCH,24,224,224,3,JPEG,24311
Image_3673,train/Image_3673.jpg,Image_3673.jpg,ORCHARD SWALLOW,48,224,224,3,JPEG,32635
Image_2150,train/Image_2150.jpg,Image_2150.jpg,GREAT JAY,32,224,224,3,JPEG,22097
Image_1674,train/Image_1674.jpg,Image_1674.jpg,COMMON WOOD-NYMPH,21,224,224,3,JPEG,28420
Image_2179,train/Image_2179.jpg,Image_2179.jpg,METALMARK,42,224,224,3,JPEG,26653
Image_3614,train/Image_3614.jpg,Image_3614.jpg,DANAID EGGFLY,25,224,224,3,JPEG,18955
Image_4663,train/Image_4663.jpg,Image_4663.jpg,PEACOCK,51,224,224,3,JPEG,30351
Image_2785,train/Image_2785.jpg,Image_2785.jpg,ATALA,5,224,224,3,JPEG,22997
Image_45,train/Image_45.jpg,Image_45.jpg,RED CRACKER,59,224,224,3,JPEG,24003
Image_4792,train/Image_4792.jpg,Image_4792.jpg,RED SPOTTED PURPLE,61,224,224,3,JPEG,25967
Image_6093,train/Image_6093.jpg,Image_6093.jpg,SLEEPY ORANGE,64,224,224,3,JPEG,22629
Image_5419,train/Image_5419.jpg,Image_5419.jpg,ORANGE OAKLEAF,46,224,224,3,JPEG,26906
Image_2173,train/Image_2173.jpg,Image_2173.jpg,SOOTYWING,65,224,224,3,JPEG,28840
Image_3739,train/Image_3739.jpg,Image_3739.jpg,CLOUDED SULPHUR,19,224,224,3,JPEG,19083
Image_2367,train/Image_2367.jpg,Image_2367.jpg,GREEN CELLED CATTLEHEART,33,224,224,3,JPEG,23109
Image_4100,train/Image_4100.jpg,Image_4100.jpg,BECKERS WHITE,8,224,224,3,JPEG,32319
Image_4458,train/Image_4458.jpg,Image_4458.jpg,BLUE MORPHO,10,224,224,3,JPEG,28041
Image_4035,train/Image_4035.jpg,Image_4035.jpg,BLACK HAIRSTREAK,9,224,224,3,JPEG,26783
Image_4637,train/Image_4637.jpg,Image_4637.jpg,CRIMSON PATCH,24,224,224,3,JPEG,18509
Image_41,train/Image_41.jpg,Image_41.jpg,LARGE MARBLE,38,224,224,3,JPEG,20585
Image_949,train/Image_949.jpg,Image_949.jpg,GREY HAIRSTREAK,34,224,224,3,JPEG,22801
Image_6132,train/Image_6132.jpg,Image_6132.jpg,METALMARK,42,224,224,3,JPEG,28656
Image_2068,train/Image_2068.jpg,Image_2068.jpg,TROPICAL LEAFWING,68,224,224,3,JPEG,19687
Image_2280,train/Image_2280.jpg,Image_2280.jpg,RED CRACKER,59,224,224,3,JPEG,17131
Image_712,train/Image_712.jpg,Image_712.jpg,PEACOCK,51,224,224,3,JPEG,27266
Image_54,train/Image_54.jpg,Image_54.jpg,DANAID EGGFLY,25,224,224,3,JPEG,25864
Image_4204,train/Image_4204.jpg,Image_4204.jpg,BROWN SIPROETA,12,224,224,3,JPEG,22773
Image_6267,train/Image_6267.jpg,Image_6267.jpg,BLUE SPOTTED CROW,11,224,224,3,JPEG,22477
Image_1418,train/Image_1418.jpg,Image_1418.jpg,SLEEPY ORANGE,64,224,224,3,JPEG,21996
Image_4351,train/Image_4351.jpg,Image_4351.jpg,COPPER TAIL,22,224,224,3,JPEG,22051
Image_5197,train/Image_5197.jpg,Image_5197.jpg,CAIRNS BIRDWING,14,224,224,3,JPEG,17259
Image_5448,train/Image_5448.jpg,Image_5448.jpg,JULIA,37,224,224,3,JPEG,24591
Image_218,train/Image_218.jpg,Image_218.jpg,ULYSES,70,224,224,3,JPEG,26068
Image_1359,train/Image_1359.jpg,Image_1359.jpg,AMERICAN SNOOT,2,224,224,3,JPEG,29968
Image_4489,train/Image_4489.jpg,Image_4489.jpg,TWO BARRED FLASHER,69,224,224,3,JPEG,25038
Image_1921,train/Image_1921.jpg,Image_1921.jpg,IPHICLUS SISTER,36,224,224,3,JPEG,21628
Image_682,train/Image_682.jpg,Image_682.jpg,CLODIUS PARNASSIAN,18,224,224,3,JPEG,28465
Image_3801,train/Image_3801.jpg,Image_3801.jpg,JULIA,37,224,224,3,JPEG,19324
Image_951,train/Image_951.jpg,Image_951.jpg,METALMARK,42,224,224,3,JPEG,30656
Image_5149,train/Image_5149.jpg,Image_5149.jpg,EASTERN DAPPLE WHITE,27,224,224,3,JPEG,24359
Image_4653,train/Image_4653.jpg,Image_4653.jpg,GREEN CELLED CATTLEHEART,33,224,224,3,JPEG,18219
Image_2809,train/Image_2809.jpg,Image_2809.jpg,RED ADMIRAL,58,224,224,3,JPEG,25088
Image_3748,train/Image_3748.jpg,Image_3748.jpg,STRAITED QUEEN,67,224,224,3,JPEG,22326
Image_2996,train/Image_2996.jpg,Image_2996.jpg,ELBOWED PIERROT,29,224,224,3,JPEG,15839
Image_905,train/Image_905.jpg,Image_905.jpg,VICEROY,71,224,224,3,JPEG,24379
Image_5714,train/Image_5714.jpg,Image_5714.jpg,BLUE SPOTTED CROW,11,224,224,3,JPEG,26579
Image_3151,train/Image_3151.jpg,Image_3151.jpg,ATALA,5,224,224,3,JPEG,27586
Image_3273,train/Image_3273.jpg,Image_3273.jpg,POPINJAY,54,224,224,3,JPEG,24330
Image_366,train/Image_366.jpg,Image_366.jpg,COMMON BANDED AWL,20,224,224,3,JPEG,16352
Image_2203,train/Image_2203.jpg,Image_2203.jpg,ADONIS,0,224,224,3,JPEG,21917
Image_5174,train/Image_5174.jpg,Image_5174.jpg,PURPLE HAIRSTREAK,55,224,224,3,JPEG,24761
Image_4249,train/Image_4249.jpg,Image_4249.jpg,BROWN SIPROETA,12,224,224,3,JPEG,29486
Image_5046,train/Image_5046.jpg,Image_5046.jpg,DANAID EGGFLY,25,224,224,3,JPEG,19170
Image_2828,train/Image_2828.jpg,Image_2828.jpg,BECKERS WHITE,8,224,224,3,JPEG,20568
Image_5963,train/Image_5963.jpg,Image_5963.jpg,RED POSTMAN,60,224,224,3,JPEG,27022
Image_4883,train/Image_4883.jpg,Image_4883.jpg,EASTERN COMA,26,224,224,3,JPEG,29214
Image_3585,train/Image_3585.jpg,Image_3585.jpg,CAIRNS BIRDWING,14,224,224,3,JPEG,27175
Image_6074,train/Image_6074.jpg,Image_6074.jpg,CHECQUERED SKIPPER,15,224,224,3,JPEG,26571
Image_4269,train/Image_4269.jpg,Image_4269.jpg,EASTERN DAPPLE WHITE,27,224,224,3,JPEG,18050
Image_4524,train/Image_4524.jpg,Image_4524.jpg,BROWN SIPROETA,12,224,224,3,JPEG,26396
Image_4442,train/Image_4442.jpg,Image_4442.jpg,TROPICAL LEAFWING,68,224,224,3,JPEG,23063
Image_1644,train/Image_1644.jpg,Image_1644.jpg,ELBOWED PIERROT,29,224,224,3,JPEG,21265
Image_2511,train/Image_2511.jpg,Image_2511.jpg,EASTERN COMA,26,224,224,3,JPEG,35616
Image_996,train/Image_996.jpg,Image_996.jpg,COPPER TAIL,22,224,224,3,JPEG,29612
Image_2688,train/Image_2688.jpg,Image_2688.jpg,SILVER SPOT SKIPPER,63,224,224,3,JPEG,18652
Image_5305,train/Image_5305.jpg,Image_5305.jpg,AN 88,3,224,224,3,JPEG,27487
Image_5817,train/Image_5817.jpg,Image_5817.jpg,CLOUDED SULPHUR,19,224,224,3,JPEG,26903
Image_628,train/Image_628.jpg,Image_628.jpg,ORANGE OAKLEAF,46,224,224,3,JPEG,21967
Image_1069,train/Image_1069.jpg,Image_1069.jpg,APPOLLO,4,224,224,3,JPEG,40566
Image_917,train/Image_917.jpg,Image_917.jpg,ADONIS,0,224,224,3,JPEG,24213
Image_6350,train/Image_6350.jpg,Image_6350.jpg,BLUE SPOTTED CROW,11,224,224,3,JPEG,22727
Image_4145,train/Image_4145.jpg,Image_4145.jpg,GREY HAIRSTREAK,34,224,224,3,JPEG,14981
Image_3115,train/Image_3115.jpg,Image_3115.jpg,QUESTION MARK,57,224,224,3,JPEG,25470
Image_880,train/Image_880.jpg,Image_880.jpg,GOLD BANDED,30,224,224,3,JPEG,34804
Image_1334,train/Image_1334.jpg,Image_1334.jpg,GREEN CELLED CATTLEHEART,33,224,224,3,JPEG,27497
Image_6285,train/Image_6285.jpg,Image_6285.jpg,MILBERTS TORTOISESHELL,43,224,224,3,JPEG,39521
Image_974,train/Image_974.jpg,Image_974.jpg,PAINTED LADY,49,224,224,3,JPEG,30878
Image_340,train/Image_340.jpg,Image_340.jpg,SOUTHERN DOGFACE,66,224,224,3,JPEG,27598
Image_1616,train/Image_1616.jpg,Image_1616.jpg,GREEN CELLED CATTLEHEART,33,224,224,3,JPEG,22536
Image_3738,train/Image_3738.jpg,Image_3738.jpg,PAPER KITE,50,224,224,3,JPEG,25400
Image_2821,train/Image_2821.jpg,Image_2821.jpg,YELLOW SWALLOW TAIL,73,224,224,3,JPEG,35755
Image_4184,train/Image_4184.jpg,Image_4184.jpg,MONARCH,44,224,224,3,JPEG,31734
Image_1996,train/Image_1996.jpg,Image_1996.jpg,YELLOW SWALLOW TAIL,73,224,224,3,JPEG,31871
Image_926,train/Image_926.jpg,Image_926.jpg,MESTRA,41,224,224,3,JPEG,24463
Image_2849,train/Image_2849.jpg,Image_2849.jpg,SOUTHERN DOGFACE,66,224,224,3,JPEG,20145
Image_3379,train/Image_3379.jpg,Image_3379.jpg,SLEEPY ORANGE,64,224,224,3,JPEG,23595
Image_279,train/Image_279.jpg,Image_279.jpg,BLUE SPOTTED CROW,11,224,224,3,JPEG,25949
Image_4352,train/Image_4352.jpg,Image_4352.jpg,IPHICLUS SISTER,36,224,224,3,JPEG,32523
Image_885,train/Image_885.jpg,Image_885.jpg,PAPER KITE,50,224,224,3,JPEG,29523
Image_4272,train/Image_4272.jpg,Image_4272.jpg,GREAT JAY,32,224,224,3,JPEG,24959
Image_5096,train/Image_5096.jpg,Image_5096.jpg,COMMON BANDED AWL,20,224,224,3,JPEG,11537
Image_418,train/Image_418.jpg,Image_418.jpg,ZEBRA LONG WING,74,224,224,3,JPEG,24995
Image_3285,train/Image_3285.jpg,Image_3285.jpg,CLEOPATRA,17,224,224,3,JPEG,19418
Image_3951,train/Image_3951.jpg,Image_3951.jpg,CLEOPATRA,17,224,224,3,JPEG,23503
Image_4258,train/Image_4258.jpg,Image_4258.jpg,MANGROVE SKIPPER,40,224,224,3,JPEG,22374
Image_4954,train/Image_4954.jpg,Image_4954.jpg,TWO BARRED FLASHER,69,224,224,3,JPEG,20732
Image_2561,train/Image_2561.jpg,Image_2561.jpg,CLOUDED SULPHUR,19,224,224,3,JPEG,28053
Image_864,train/Image_864.jpg,Image_864.jpg,BLUE SPOTTED CROW,11,224,224,3,JPEG,28818
Image_5482,train/Image_5482.jpg,Image_5482.jpg,ULYSES,70,224,224,3,JPEG,31373
Image_3558,train/Image_3558.jpg,Image_3558.jpg,SOUTHERN DOGFACE,66,224,224,3,JPEG,23023
Image_772,train/Image_772.jpg,Image_772.jpg,MONARCH,44,224,224,3,JPEG,31627
Image_1183,train/Image_1183.jpg,Image_1183.jpg,BLACK HAIRSTREAK,9,224,224,3,JPEG,19731
Image_761,train/Image_761.jpg,Image_761.jpg,TWO BARRED FLASHER,69,224,224,3,JPEG,26694
Image_6389,train/Image_6389.jpg,Image_6389.jpg,RED SPOTTED PURPLE,61,224,224,3,JPEG,24281
Image_5504,train/Image_5504.jpg,Image_5504.jpg,AFRICAN GIANT SWALLOWTAIL,1,224,224,3,JPEG,19832
Image_81,train/Image_81.jpg,Image_81.jpg,TROPICAL LEAFWING,68,224,224,3,JPEG,27332
Image_1946,train/Image_1946.jpg,Image_1946.jpg,WOOD SATYR,72,224,224,3,JPEG,31743
Image_3590,train/Image_3590.jpg,Image_3590.jpg,BLACK HAIRSTREAK,9,224,224,3,JPEG,27168
Image_4237,train/Image_4237.jpg,Image_4237.jpg,QUESTION MARK,57,224,224,3,JPEG,25114
Image_5134,train/Image_5134.jpg,Image_5134.jpg,CLOUDED SULPHUR,19,224,224,3,JPEG,30401
Image_4639,train/Image_4639.jpg,Image_4639.jpg,GREY HAIRSTREAK,34,224,224,3,JPEG,19629
Image_2361,train/Image_2361.jpg,Image_2361.jpg,ATALA,5,224,224,3,JPEG,21595
Image_4377,train/Image_4377.jpg,Image_4377.jpg,EASTERN DAPPLE WHITE,27,224,224,3,JPEG,22774
Image_5507,train/Image_5507.jpg,Image_5507.jpg,BANDED PEACOCK,7,224,224,3,JPEG,20619
Image_5621,train/Image_5621.jpg,Image_5621.jpg,MESTRA,41,224,224,3,JPEG,21137
Image_3183,train/Image_3183.jpg,Image_3183.jpg,ATALA,5,224,224,3,JPEG,16131
Image_5277,train/Image_5277.jpg,Image_5277.jpg,CRIMSON PATCH,24,224,224,3,JPEG,30983
Image_644,train/Image_644.jpg,Image_644.jpg,JULIA,37,224,224,3,JPEG,14307
Image_3891,train/Image_3891.jpg,Image_3891.jpg,AFRICAN GIANT SWALLOWTAIL,1,224,224,3,JPEG,21937
Image_3071,train/Image_3071.jpg,Image_3071.jpg,GREY HAIRSTREAK,34,224,224,3,JPEG,23476
Image_3105,train/Image_3105.jpg,Image_3105.jpg,MONARCH,44,224,224,3,JPEG,25826
Image_6250,train/Image_6250.jpg,Image_6250.jpg,RED SPOTTED PURPLE,61,224,224,3,JPEG,20078
Image_1458,train/Image_1458.jpg,Image_1458.jpg,MESTRA,41,224,224,3,JPEG,24652
Image_3040,train/Image_3040.jpg,Image_3040.jpg,GREY HAIRSTREAK,34,224,224,3,JPEG,21092
Image_2305,train/Image_2305.jpg,Image_2305.jpg,ORANGE TIP,47,224,224,3,JPEG,27144
Image_4004,train/Image_4004.jpg,Image_4004.jpg,ELBOWED PIERROT,29,224,224,3,JPEG,20604
Image_1923,train/Image_1923.jpg,Image_1923.jpg,EASTERN DAPPLE WHITE,27,224,224,3,JPEG,16288
Image_1624,train/Image_1624.jpg,Image_1624.jpg,TROPICAL LEAFWING,68,224,224,3,JPEG,26998
Image_2921,train/Image_2921.jpg,Image_2921.jpg,SOOTYWING,65,224,224,3,JPEG,23483
Image_3386,train/Image_3386.jpg,Image_3386.jpg,IPHICLUS SISTER,36,224,224,3,JPEG,29594
Image_6374,train/Image_6374.jpg,Image_6374.jpg,SOOTYWING,65,224,224,3,JPEG,19825
Image_3704,train/Image_3704.jpg,Image_3704.jpg,PAPER KITE,50,224,224,3,JPEG,35483
Image_109,train/Image_109.jpg,Image_109.jpg,SILVER SPOT SKIPPER,63,224,224,3,JPEG,22967
Image_932,train/Image_932.jpg,Image_932.jpg,BROWN SIPROETA,12,224,224,3,JPEG,31892
Image_496,train/Image_496.jpg,Image_496.jpg,METALMARK,42,224,224,3,JPEG,13970
Image_2998,train/Image_2998.jpg,Image_2998.jpg,BLUE SPOTTED CROW,11,224,224,3,JPEG,27111
Image_3756,train/Image_3756.jpg,Image_3756.jpg,EASTERN PINE ELFIN,28,224,224,3,JPEG,20890
Image_3864,train/Image_3864.jpg,Image_3864.jpg,COMMON BANDED AWL,20,224,224,3,JPEG,12384
Image_4337,train/Image_4337.jpg,Image_4337.jpg,CABBAGE WHITE,13,224,224,3,JPEG,22231
Image_1773,train/Image_1773.jpg,Image_1773.jpg,PAINTED LADY,49,224,224,3,JPEG,22751
Image_4214,train/Image_4214.jpg,Image_4214.jpg,ELBOWED PIERROT,29,224,224,3,JPEG,18166
Image_4808,train/Image_4808.jpg,Image_4808.jpg,APPOLLO,4,224,224,3,JPEG,33020
Image_117,train/Image_117.jpg,Image_117.jpg,AMERICAN SNOOT,2,224,224,3,JPEG,24260
Image_5769,train/Image_5769.jpg,Image_5769.jpg,BLUE SPOTTED CROW,11,224,224,3,JPEG,25686
Image_4006,train/Image_4006.jpg,Image_4006.jpg,INDRA SWALLOW,35,224,224,3,JPEG,33177
Image_2400,train/Image_2400.jpg,Image_2400.jpg,IPHICLUS SISTER,36,224,224,3,JPEG,21741
Image_575,train/Image_575.jpg,Image_575.jpg,COMMON WOOD-NYMPH,21,224,224,3,JPEG,23104
Image_2981,train/Image_2981.jpg,Image_2981.jpg,ULYSES,70,224,224,3,JPEG,23448
Image_2759,train/Image_2759.jpg,Image_2759.jpg,BLUE MORPHO,10,224,224,3,JPEG,26496
Image_5100,train/Image_5100.jpg,Image_5100.jpg,ULYSES,70,224,224,3,JPEG,32980
Image_1786,train/Image_1786.jpg,Image_1786.jpg,MESTRA,41,224,224,3,JPEG,22035
Image_2886,train/Image_2886.jpg,Image_2886.jpg,BANDED ORANGE HELICONIAN,6,224,224,3,JPEG,26124
Image_4092,train/Image_4092.jpg,Image_4092.jpg,SOUTHERN DOGFACE,66,224,224,3,JPEG,28202
Image_948,train/Image_948.jpg,Image_948.jpg,BLACK HAIRSTREAK,9,224,224,3,JPEG,25723
Image_5785,train/Image_5785.jpg,Image_5785.jpg,EASTERN PINE ELFIN,28,224,224,3,JPEG,18844
Image_12,train/Image_12.jpg,Image_12.jpg,BLACK HAIRSTREAK,9,224,224,3,JPEG,19304
Image_2564,train/Image_2564.jpg,Image_2564.jpg,CHECQUERED SKIPPER,15,224,224,3,JPEG,25139
Image_183,train/Image_183.jpg,Image_183.jpg,SOOTYWING,65,224,224,3,JPEG,21922
Image_6109,train/Image_6109.jpg,Image_6109.jpg,ORCHARD SWALLOW,48,224,224,3,JPEG,22334
Image_6423,train/Image_6423.jpg,Image_6423.jpg,SILVER SPOT SKIPPER,63,224,224,3,JPEG,31868
Image_229,train/Image_229.jpg,Image_229.jpg,GOLD BANDED,30,224,224,3,JPEG,26969
Image_4437,train/Image_4437.jpg,Image_4437.jpg,RED POSTMAN,60,224,224,3,JPEG,23710
Image_662,train/Image_662.jpg,Image_662.jpg,RED CRACKER,59,224,224,3,JPEG,33742
Image_1736,train/Image_1736.jpg,Image_1736.jpg,PURPLISH COPPER,56,224,224,3,JPEG,25032
Image_516,train/Image_516.jpg,Image_516.jpg,CAIRNS BIRDWING,14,224,224,3,JPEG,22755
Image_3315,train/Image_3315.jpg,Image_3315.jpg,WOOD SATYR,72,224,224,3,JPEG,35882
Image_774,train/Image_774.jpg,Image_774.jpg,ADONIS,0,224,224,3,JPEG,27122
Image_2109,train/Image_2109.jpg,Image_2109.jpg,PIPEVINE SWALLOW,53,224,224,3,JPEG,15432
Image_680,train/Image_680.jpg,Image_680.jpg,TWO BARRED FLASHER,69,224,224,3,JPEG,22635
Image_3002,train/Image_3002.jpg,Image_3002.jpg,BECKERS WHITE,8,224,224,3,JPEG,27004
Image_1521,train/Image_1521.jpg,Image_1521.jpg,BECKERS WHITE,8,224,224,3,JPEG,24715
Image_3373,train/Image_3373.jpg,Image_3373.jpg,PEACOCK,51,224,224,3,JPEG,26661
Image_2903,train/Image_2903.jpg,Image_2903.jpg,MONARCH,44,224,224,3,JPEG,29020
Image_3568,train/Image_3568.jpg,Image_3568.jpg,PURPLISH COPPER,56,224,224,3,JPEG,17606
Image_4031,train/Image_4031.jpg,Image_4031.jpg,MILBERTS TORTOISESHELL,43,224,224,3,JPEG,36939
Image_4490,train/Image_4490.jpg,Image_4490.jpg,GREAT JAY,32,224,224,3,JPEG,22201
Image_4606,train/Image_4606.jpg,Image_4606.jpg,ATALA,5,224,224,3,JPEG,19183
Image_3785,train/Image_3785.jpg,Image_3785.jpg,SCARCE SWALLOW,62,224,224,3,JPEG,19361
Image_794,train/Image_794.jpg,Image_794.jpg,LARGE MARBLE,38,224,224,3,JPEG,27921
Image_1529,train/Image_1529.jpg,Image_1529.jpg,BANDED PEACOCK,7,224,224,3,JPEG,20924
Image_4795,train/Image_4795.jpg,Image_4795.jpg,BLUE MORPHO,10,224,224,3,JPEG,28685
Image_524,train/Image_524.jpg,Image_524.jpg,GREY HAIRSTREAK,34,224,224,3,JPEG,23849
Image_1046,train/Image_1046.jpg,Image_1046.jpg,COMMON WOOD-NYMPH,21,224,224,3,JPEG,29038
Image_4875,train/Image_4875.jpg,Image_4875.jpg,SOOTYWING,65,224,224,3,JPEG,21339
Image_1779,train/Image_1779.jpg,Image_1779.jpg,BLUE MORPHO,10,224,224,3,JPEG,28885
Image_5521,train/Image_5521.jpg,Image_5521.jpg,STRAITED QUEEN,67,224,224,3,JPEG,33325
Image_64,train/Image_64.jpg,Image_64.jpg,MALACHITE,39,224,224,3,JPEG,24451
Image_1027,train/Image_1027.jpg,Image_1027.jpg,SOOTYWING,65,224,224,3,JPEG,32331
Image_3653,train/Image_3653.jpg,Image_3653.jpg,QUESTION MARK,57,224,224,3,JPEG,24982
Image_2314,train/Image_2314.jpg,Image_2314.jpg,COMMON WOOD-NYMPH,21,224,224,3,JPEG,26923
Image_5734,train/Image_5734.jpg,Image_5734.jpg,BLUE SPOTTED CROW,11,224,224,3,JPEG,23684
Image_1209,train/Image_1209.jpg,Image_1209.jpg,ZEBRA LONG WING,74,224,224,3,JPEG,28485
Image_4322,train/Image_4322.jpg,Image_4322.jpg,CLODIUS PARNASSIAN,18,224,224,3,JPEG,25583
Image_129,train/Image_129.jpg,Image_129.jpg,CRECENT,23,224,224,3,JPEG,28854
Image_2840,train/Image_2840.jpg,Image_2840.jpg,RED ADMIRAL,58,224,224,3,JPEG,31361
Image_2575,train/Image_2575.jpg,Image_2575.jpg,PAPER KITE,50,224,224,3,JPEG,40093
Image_3947,train/Image_3947.jpg,Image_3947.jpg,IPHICLUS SISTER,36,224,224,3,JPEG,28509
Image_708,train/Image_708.jpg,Image_708.jpg,APPOLLO,4,224,224,3,JPEG,25586
Image_4522,train/Image_4522.jpg,Image_4522.jpg,METALMARK,42,224,224,3,JPEG,24574
Image_5220,train/Image_5220.jpg,Image_5220.jpg,BROWN SIPROETA,12,224,224,3,JPEG,23271
Image_3306,train/Image_3306.jpg,Image_3306.jpg,GREY HAIRSTREAK,34,224,224,3,JPEG,20458
Image_1886,train/Image_1886.jpg,Image_1886.jpg,ORANGE OAKLEAF,46,224,224,3,JPEG,32068
Image_2256,train/Image_2256.jpg,Image_2256.jpg,DANAID EGGFLY,25,224,224,3,JPEG,24079
Image_3061,train/Image_3061.jpg,Image_3061.jpg,EASTERN COMA,26,224,224,3,JPEG,26912
Image_4211,train/Image_4211.jpg,Image_4211.jpg,RED POSTMAN,60,224,224,3,JPEG,16716
Image_4278,train/Image_4278.jpg,Image_4278.jpg,ATALA,5,224,224,3,JPEG,16467
Image_141,train/Image_141.jpg,Image_141.jpg,SLEEPY ORANGE,64,224,224,3,JPEG,19490
Image_570,train/Image_570.jpg,Image_570.jpg,SOUTHERN DOGFACE,66,224,224,3,JPEG,22496
Image_4685,train/Image_4685.jpg,Image_4685.jpg,MESTRA,41,224,224,3,JPEG,16895
Image_6341,train/Image_6341.jpg,Image_6341.jpg,DANAID EGGFLY,25,224,224,3,JPEG,16324
Image_2075,train/Image_2075.jpg,Image_2075.jpg,CRIMSON PATCH,24,224,224,3,JPEG,27475
Image_5834,train/Image_5834.jpg,Image_5834.jpg,SLEEPY ORANGE,64,224,224,3,JPEG,23237
Image_4501,train/Image_4501.jpg,Image_4501.jpg,RED CRACKER,59,224,224,3,JPEG,27075
Image_5667,train/Image_5667.jpg,Image_5667.jpg,MALACHITE,39,224,224,3,JPEG,29824
Image_5693,train/Image_5693.jpg,Image_5693.jpg,PURPLISH COPPER,56,224,224,3,JPEG,31601
Image_4298,train/Image_4298.jpg,Image_4298.jpg,PURPLISH COPPER,56,224,224,3,JPEG,16468
Image_5626,train/Image_5626.jpg,Image_5626.jpg,INDRA SWALLOW,35,224,224,3,JPEG,26577
Image_6230,train/Image_6230.jpg,Image_6230.jpg,TWO BARRED FLASHER,69,224,224,3,JPEG,24411
Image_5580,train/Image_5580.jpg,Image_5580.jpg,INDRA SWALLOW,35,224,224,3,JPEG,24671
Image_4163,train/Image_4163.jpg,Image_4163.jpg,GREAT JAY,32,224,224,3,JPEG,24029
Image_5097,train/Image_5097.jpg,Image_5097.jpg,SILVER SPOT SKIPPER,63,224,224,3,JPEG,22086
Image_6087,train/Image_6087.jpg,Image_6087.jpg,SOUTHERN DOGFACE,66,224,224,3,JPEG,19214
Image_4647,train/Image_4647.jpg,Image_4647.jpg,WOOD SATYR,72,224,224,3,JPEG,26422
Image_2290,train/Image_2290.jpg,Image_2290.jpg,PEACOCK,51,224,224,3,JPEG,32822
Image_2009,train/Image_2009.jpg,Image_2009.jpg,POPINJAY,54,224,224,3,JPEG,26597
Image_231,train/Image_231.jpg,Image_231.jpg,RED POSTMAN,60,224,224,3,JPEG,18146
Image_2359,train/Image_2359.jpg,Image_2359.jpg,ORANGE TIP,47,224,224,3,JPEG,23167
Image_838,train/Image_838.jpg,Image_838.jpg,PAINTED LADY,49,224,224,3,JPEG,25549
Image_5479,train/Image_5479.jpg,Image_5479.jpg,VICEROY,71,224,224,3,JPEG,28136
Image_3097,train/Image_3097.jpg,Image_3097.jpg,SLEEPY ORANGE,64,224,224,3,JPEG,18378
Image_5384,train/Image_5384.jpg,Image_5384.jpg,CHECQUERED SKIPPER,15,224,224,3,JPEG,24133
Image_3250,train/Image_3250.jpg,Image_3250.jpg,YELLOW SWALLOW TAIL,73,224,224,3,JPEG,28317
Image_6260,train/Image_6260.jpg,Image_6260.jpg,MILBERTS TORTOISESHELL,43,224,224,3,JPEG,30868
Image_3832,train/Image_3832.jpg,Image_3832.jpg,YELLOW SWALLOW TAIL,73,224,224,3,JPEG,25919
Image_4303,train/Image_4303.jpg,Image_4303.jpg,MOURNING CLOAK,45,224,224,3,JPEG,24445
Image_1416,train/Image_1416.jpg,Image_1416.jpg,COMMON WOOD-NYMPH,21,224,224,3,JPEG,21308
Image_4951,train/Image_4951.jpg,Image_4951.jpg,AMERICAN SNOOT,2,224,224,3,JPEG,20643
Image_4740,train/Image_4740.jpg,Image_4740.jpg,RED POSTMAN,60,224,224,3,JPEG,21129
Image_5335,train/Image_5335.jpg,Image_5335.jpg,SILVER SPOT SKIPPER,63,224,224,3,JPEG,28037
Image_2010,train/Image_2010.jpg,Image_2010.jpg,STRAITED QUEEN,67,224,224,3,JPEG,29489
Image_5128,train/Image_5128.jpg,Image_5128.jpg,BLUE SPOTTED CROW,11,224,224,3,JPEG,19323
Image_5823,train/Image_5823.jpg,Image_5823.jpg,ORANGE OAKLEAF,46,224,224,3,JPEG,31081
Image_1859,train/Image_1859.jpg,Image_1859.jpg,COMMON BANDED AWL,20,224,224,3,JPEG,24821
Image_5569,train/Image_5569.jpg,Image_5569.jpg,TROPICAL LEAFWING,68,224,224,3,JPEG,26112
Image_3800,train/Image_3800.jpg,Image_3800.jpg,ELBOWED PIERROT,29,224,224,3,JPEG,22124
Image_4416,train/Image_4416.jpg,Image_4416.jpg,JULIA,37,224,224,3,JPEG,29338
Image_2505,train/Image_2505.jpg,Image_2505.jpg,BLACK HAIRSTREAK,9,224,224,3,JPEG,29416
Image_1948,train/Image_1948.jpg,Image_1948.jpg,CLEOPATRA,17,224,224,3,JPEG,26220
Image_1908,train/Image_1908.jpg,Image_1908.jpg,CLODIUS PARNASSIAN,18,224,224,3,JPEG,30801
Image_538,train/Image_538.jpg,Image_538.jpg,POPINJAY,54,224,224,3,JPEG,25339
Image_4331,train/Image_4331.jpg,Image_4331.jpg,BROWN SIPROETA,12,224,224,3,JPEG,23934
Image_1659,train/Image_1659.jpg,Image_1659.jpg,SOUTHERN DOGFACE,66,224,224,3,JPEG,24905
Image_599,train/Image_599.jpg,Image_599.jpg,RED SPOTTED PURPLE,61,224,224,3,JPEG,26769
Image_1135,train/Image_1135.jpg,Image_1135.jpg,PIPEVINE SWALLOW,53,224,224,3,JPEG,29251
Image_1841,train/Image_1841.jpg,Image_1841.jpg,PIPEVINE SWALLOW,53,224,224,3,JPEG,17859
Image_5777,train/Image_5777.jpg,Image_5777.jpg,SILVER SPOT SKIPPER,63,224,224,3,JPEG,22802
Image_4350,train/Image_4350.jpg,Image_4350.jpg,CAIRNS BIRDWING,14,224,224,3,JPEG,19233
Image_5988,train/Image_5988.jpg,Image_5988.jpg,RED SPOTTED PURPLE,61,224,224,3,JPEG,30047
Image_2900,train/Image_2900.jpg,Image_2900.jpg,DANAID EGGFLY,25,224,224,3,JPEG,18056
Image_271,train/Image_271.jpg,Image_271.jpg,PAPER KITE,50,224,224,3,JPEG,28351
Image_4257,train/Image_4257.jpg,Image_4257.jpg,RED SPOTTED PURPLE,61,224,224,3,JPEG,21210
Image_3524,train/Image_3524.jpg,Image_3524.jpg,BANDED PEACOCK,7,224,224,3,JPEG,24461
Image_5029,train/Image_5029.jpg,Image_5029.jpg,LARGE MARBLE,38,224,224,3,JPEG,25306
Image_2130,train/Image_2130.jpg,Image_2130.jpg,COMMON BANDED AWL,20,224,224,3,JPEG,17321
Image_1175,train/Image_1175.jpg,Image_1175.jpg,RED CRACKER,59,224,224,3,JPEG,33229
Image_214,train/Image_214.jpg,Image_214.jpg,GREEN CELLED CATTLEHEART,33,224,224,3,JPEG,22731
Image_6444,train/Image_6444.jpg,Image_6444.jpg,BLUE MORPHO,10,224,224,3,JPEG,23184
Image_3621,train/Image_3621.jpg,Image_3621.jpg,ADONIS,0,224,224,3,JPEG,26173
Image_365,train/Image_365.jpg,Image_365.jpg,QUESTION MARK,57,224,224,3,JPEG,33913
Image_3534,train/Image_3534.jpg,Image_3534.jpg,RED CRACKER,59,224,224,3,JPEG,37942
Image_2403,train/Image_2403.jpg,Image_2403.jpg,GREAT EGGFLY,31,224,224,3,JPEG,27915
Image_5474,train/Image_5474.jpg,Image_5474.jpg,MESTRA,41,224,224,3,JPEG,15898
Image_832,train/Image_832.jpg,Image_832.jpg,STRAITED QUEEN,67,224,224,3,JPEG,30607
Image_343,train/Image_343.jpg,Image_343.jpg,AN 88,3,224,224,3,JPEG,22939
Image_2796,train/Image_2796.jpg,Image_2796.jpg,IPHICLUS SISTER,36,224,224,3,JPEG,20365
Image_5136,train/Image_5136.jpg,Image_5136.jpg,BLUE MORPHO,10,224,224,3,JPEG,24027
Image_3922,train/Image_3922.jpg,Image_3922.jpg,TWO BARRED FLASHER,69,224,224,3,JPEG,23809
Image_1694,train/Image_1694.jpg,Image_1694.jpg,MONARCH,44,224,224,3,JPEG,25746
Image_2029,train/Image_2029.jpg,Image_2029.jpg,ORANGE TIP,47,224,224,3,JPEG,18465
Image_140,train/Image_140.jpg,Image_140.jpg,GREEN CELLED CATTLEHEART,33,224,224,3,JPEG,21507
Image_3131,train/Image_3131.jpg,Image_3131.jpg,PAPER KITE,50,224,224,3,JPEG,30276
Image_2848,train/Image_2848.jpg,Image_2848.jpg,BLUE MORPHO,10,224,224,3,JPEG,23710
Image_5369,train/Image_5369.jpg,Image_5369.jpg,VICEROY,71,224,224,3,JPEG,25769
Image_2122,train/Image_2122.jpg,Image_2122.jpg,INDRA SWALLOW,35,224,224,3,JPEG,31082
Image_2107,train/Image_2107.jpg,Image_2107.jpg,ULYSES,70,224,224,3,JPEG,23063
Image_1544,train/Image_1544.jpg,Image_1544.jpg,SOUTHERN DOGFACE,66,224,224,3,JPEG,19374
Image_4052,train/Image_4052.jpg,Image_4052.jpg,MALACHITE,39,224,224,3,JPEG,31487
Image_3270,train/Image_3270.jpg,Image_3270.jpg,RED SPOTTED PURPLE,61,224,224,3,JPEG,26925
Image_1787,train/Image_1787.jpg,Image_1787.jpg,EASTERN DAPPLE WHITE,27,224,224,3,JPEG,25498
Image_6234,train/Image_6234.jpg,Image_6234.jpg,MESTRA,41,224,224,3,JPEG,19726
Image_574,train/Image_574.jpg,Image_574.jpg,CHESTNUT,16,224,224,3,JPEG,24618
Image_3636,train/Image_3636.jpg,Image_3636.jpg,PEACOCK,51,224,224,3,JPEG,27239
Image_1351,train/Image_1351.jpg,Image_1351.jpg,CHESTNUT,16,224,224,3,JPEG,23321
Image_5738,train/Image_5738.jpg,Image_5738.jpg,GREY HAIRSTREAK,34,224,224,3,JPEG,26679
Image_4945,train/Image_4945.jpg,Image_4945.jpg,MOURNING CLOAK,45,224,224,3,JPEG,26608
Image_1935,train/Image_1935.jpg,Image_1935.jpg,RED CRACKER,59,224,224,3,JPEG,40231
Image_4868,train/Image_4868.jpg,Image_4868.jpg,ELBOWED PIERROT,29,224,224,3,JPEG,20343
Image_973,train/Image_973.jpg,Image_973.jpg,BANDED PEACOCK,7,224,224,3,JPEG,24493
Image_237,train/Image_237.jpg,Image_237.jpg,CRECENT,23,224,224,3,JPEG,28800
Image_2154,train/Image_2154.jpg,Image_2154.jpg,PURPLISH COPPER,56,224,224,3,JPEG,22414
Image_6010,train/Image_6010.jpg,Image_6010.jpg,MESTRA,41,224,224,3,JPEG,23013
Image_6078,train/Image_6078.jpg,Image_6078.jpg,SOUTHERN DOGFACE,66,224,224,3,JPEG,22214
Image_1469,train/Image_1469.jpg,Image_1469.jpg,RED CRACKER,59,224,224,3,JPEG,24962
Image_5779,train/Image_5779.jpg,Image_5779.jpg,SCARCE SWALLOW,62,224,224,3,JPEG,33801
Image_5373,train/Image_5373.jpg,Image_5373.jpg,ZEBRA LONG WING,74,224,224,3,JPEG,27665
Image_2944,train/Image_2944.jpg,Image_2944.jpg,SOUTHERN DOGFACE,66,224,224,3,JPEG,24001
Image_3882,train/Image_3882.jpg,Image_3882.jpg,GREEN CELLED CATTLEHEART,33,224,224,3,JPEG,28929
Image_5315,train/Image_5315.jpg,Image_5315.jpg,ZEBRA LONG WING,74,224,224,3,JPEG,17211
Image_364,train/Image_364.jpg,Image_364.jpg,BECKERS WHITE,8,224,224,3,JPEG,27691
Image_252,train/Image_252.jpg,Image_252.jpg,SILVER SPOT SKIPPER,63,224,224,3,JPEG,23521
Image_157,train/Image_157.jpg,Image_157.jpg,ZEBRA LONG WING,74,224,224,3,JPEG,23217
Image_5915,train/Image_5915.jpg,Image_5915.jpg,SOOTYWING,65,224,224,3,JPEG,25181
Image_2468,train/Image_2468.jpg,Image_2468.jpg,PIPEVINE SWALLOW,53,224,224,3,JPEG,29054
Image_3912,train/Image_3912.jpg,Image_3912.jpg,SOOTYWING,65,224,224,3,JPEG,18720
Image_2889,train/Image_2889.jpg,Image_2889.jpg,GREEN CELLED CATTLEHEART,33,224,224,3,JPEG,12373
Image_5664,train/Image_5664.jpg,Image_5664.jpg,VICEROY,71,224,224,3,JPEG,32697
Image_4138,train/Image_4138.jpg,Image_4138.jpg,CHESTNUT,16,224,224,3,JPEG,33655
Image_781,train/Image_781.jpg,Image_781.jpg,DANAID EGGFLY,25,224,224,3,JPEG,18273
Image_768,train/Image_768.jpg,Image_768.jpg,JULIA,37,224,224,3,JPEG,20521
Image_3256,train/Image_3256.jpg,Image_3256.jpg,SCARCE SWALLOW,62,224,224,3,JPEG,24710
Image_2906,train/Image_2906.jpg,Image_2906.jpg,CABBAGE WHITE,13,224,224,3,JPEG,24404
Image_3085,train/Image_3085.jpg,Image_3085.jpg,POPINJAY,54,224,224,3,JPEG,22193
Image_1018,train/Image_1018.jpg,Image_1018.jpg,BANDED ORANGE HELICONIAN,6,224,224,3,JPEG,20374
Image_4518,train/Image_4518.jpg,Image_4518.jpg,ATALA,5,224,224,3,JPEG,17822
Image_404,train/Image_404.jpg,Image_404.jpg,BLACK HAIRSTREAK,9,224,224,3,JPEG,27852
Image_4470,train/Image_4470.jpg,Image_4470.jpg,MANGROVE SKIPPER,40,224,224,3,JPEG,23634
Image_6011,train/Image_6011.jpg,Image_6011.jpg,EASTERN DAPPLE WHITE,27,224,224,3,JPEG,24599
Image_4333,train/Image_4333.jpg,Image_4333.jpg,ORCHARD SWALLOW,48,224,224,3,JPEG,28396
Image_4495,train/Image_4495.jpg,Image_4495.jpg,CHECQUERED SKIPPER,15,224,224,3,JPEG,21485
Image_4439,train/Image_4439.jpg,Image_4439.jpg,CRECENT,23,224,224,3,JPEG,29383
Image_779,train/Image_779.jpg,Image_779.jpg,JULIA,37,224,224,3,JPEG,25343
Image_2471,train/Image_2471.jpg,Image_2471.jpg,CHESTNUT,16,224,224,3,JPEG,28676
Image_5869,train/Image_5869.jpg,Image_5869.jpg,CHESTNUT,16,224,224,3,JPEG,28431
Image_363,train/Image_363.jpg,Image_363.jpg,EASTERN COMA,26,224,224,3,JPEG,31095
Image_4588,train/Image_4588.jpg,Image_4588.jpg,SOUTHERN DOGFACE,66,224,224,3,JPEG,15296
Image_6218,train/Image_6218.jpg,Image_6218.jpg,CRIMSON PATCH,24,224,224,3,JPEG,22359
Image_5451,train/Image_5451.jpg,Image_5451.jpg,WOOD SATYR,72,224,224,3,JPEG,32771
Image_4682,train/Image_4682.jpg,Image_4682.jpg,EASTERN COMA,26,224,224,3,JPEG,27066
Image_6462,train/Image_6462.jpg,Image_6462.jpg,BROWN SIPROETA,12,224,224,3,JPEG,26311
Image_3217,train/Image_3217.jpg,Image_3217.jpg,CLEOPATRA,17,224,224,3,JPEG,19735
Image_6157,train/Image_6157.jpg,Image_6157.jpg,GREAT JAY,32,224,224,3,JPEG,29168
Image_4050,train/Image_4050.jpg,Image_4050.jpg,GOLD BANDED,30,224,224,3,JPEG,23536
Image_4767,train/Image_4767.jpg,Image_4767.jpg,CLOUDED SULPHUR,19,224,224,3,JPEG,26747
Image_2523,train/Image_2523.jpg,Image_2523.jpg,COPPER TAIL,22,224,224,3,JPEG,21358
Image_2880,train/Image_2880.jpg,Image_2880.jpg,BROWN SIPROETA,12,224,224,3,JPEG,18107
Image_3857,train/Image_3857.jpg,Image_3857.jpg,IPHICLUS SISTER,36,224,224,3,JPEG,18916
Image_6222,train/Image_6222.jpg,Image_6222.jpg,CABBAGE WHITE,13,224,224,3,JPEG,27116
Image_4943,train/Image_4943.jpg,Image_4943.jpg,ORCHARD SWALLOW,48,224,224,3,JPEG,25233
Image_4418,train/Image_4418.jpg,Image_4418.jpg,VICEROY,71,224,224,3,JPEG,31603
Image_4565,train/Image_4565.jpg,Image_4565.jpg,AFRICAN GIANT SWALLOWTAIL,1,224,224,3,JPEG,22759
Image_6068,train/Image_6068.jpg,Image_6068.jpg,BANDED ORANGE HELICONIAN,6,224,224,3,JPEG,19846
Image_459,train/Image_459.jpg,Image_459.jpg,COMMON WOOD-NYMPH,21,224,224,3,JPEG,26344
Image_5778,train/Image_5778.jpg,Image_5778.jpg,MONARCH,44,224,224,3,JPEG,20746
Image_4879,train/Image_4879.jpg,Image_4879.jpg,ORCHARD SWALLOW,48,224,224,3,JPEG,30612
Image_1220,train/Image_1220.jpg,Image_1220.jpg,MOURNING CLOAK,45,224,224,3,JPEG,31243
Image_3348,train/Image_3348.jpg,Image_3348.jpg,ORANGE TIP,47,224,224,3,JPEG,14691
Image_3688,train/Image_3688.jpg,Image_3688.jpg,CHECQUERED SKIPPER,15,224,224,3,JPEG,22599
Image_6174,train/Image_6174.jpg,Image_6174.jpg,BLUE SPOTTED CROW,11,224,224,3,JPEG,21634
Image_5924,train/Image_5924.jpg,Image_5924.jpg,ADONIS,0,224,224,3,JPEG,25832
Image_1214,train/Image_1214.jpg,Image_1214.jpg,BANDED ORANGE HELICONIAN,6,224,224,3,JPEG,25496
Image_2787,train/Image_2787.jpg,Image_2787.jpg,CABBAGE WHITE,13,224,224,3,JPEG,23015
Image_413,train/Image_413.jpg,Image_413.jpg,MOURNING CLOAK,45,224,224,3,JPEG,34846
Image_5497,train/Image_5497.jpg,Image_5497.jpg,SOUTHERN DOGFACE,66,224,224,3,JPEG,23394
Image_5601,train/Image_5601.jpg,Image_5601.jpg,PURPLE HAIRSTREAK,55,224,224,3,JPEG,26884
Image_3778,train/Image_3778.jpg,Image_3778.jpg,CLEOPATRA,17,224,224,3,JPEG,17365
Image_5303,train/Image_5303.jpg,Image_5303.jpg,COMMON WOOD-NYMPH,21,224,224,3,JPEG,25140
Image_4597,train/Image_4597.jpg,Image_4597.jpg,BANDED PEACOCK,7,224,224,3,JPEG,25711
Image_3269,train/Image_3269.jpg,Image_3269.jpg,GREY HAIRSTREAK,34,224,224,3,JPEG,24004
Image_2609,train/Image_2609.jpg,Image_2609.jpg,EASTERN PINE ELFIN,28,224,224,3,JPEG,23968
Image_3829,train/Image_3829.jpg,Image_3829.jpg,ADONIS,0,224,224,3,JPEG,31014
Image_6238,train/Image_6238.jpg,Image_6238.jpg,EASTERN COMA,26,224,224,3,JPEG,34502
Image_2458,train/Image_2458.jpg,Image_2458.jpg,PEACOCK,51,224,224,3,JPEG,29598
Image_3633,train/Image_3633.jpg,Image_3633.jpg,CLEOPATRA,17,224,224,3,JPEG,23269
Image_1615,train/Image_1615.jpg,Image_1615.jpg,ORANGE OAKLEAF,46,224,224,3,JPEG,20421
Image_223,train/Image_223.jpg,Image_223.jpg,POPINJAY,54,224,224,3,JPEG,33026
Image_5634,train/Image_5634.jpg,Image_5634.jpg,EASTERN DAPPLE WHITE,27,224,224,3,JPEG,27826
Image_4066,train/Image_4066.jpg,Image_4066.jpg,VICEROY,71,224,224,3,JPEG,36693
Image_5740,train/Image_5740.jpg,Image_5740.jpg,GREY HAIRSTREAK,34,224,224,3,JPEG,26621
Image_2080,train/Image_2080.jpg,Image_2080.jpg,CLEOPATRA,17,224,224,3,JPEG,25701
Image_1892,train/Image_1892.jpg,Image_1892.jpg,ULYSES,70,224,224,3,JPEG,19389
Image_716,train/Image_716.jpg,Image_716.jpg,SILVER SPOT SKIPPER,63,224,224,3,JPEG,19503
Image_583,train/Image_583.jpg,Image_583.jpg,ELBOWED PIERROT,29,224,224,3,JPEG,18381
Image_6449,train/Image_6449.jpg,Image_6449.jpg,EASTERN DAPPLE WHITE,27,224,224,3,JPEG,23166
Image_3362,train/Image_3362.jpg,Image_3362.jpg,RED POSTMAN,60,224,224,3,JPEG,27162
Image_3041,train/Image_3041.jpg,Image_3041.jpg,SOOTYWING,65,224,224,3,JPEG,24495
Image_5102,train/Image_5102.jpg,Image_5102.jpg,ADONIS,0,224,224,3,JPEG,28406
Image_5325,train/Image_5325.jpg,Image_5325.jpg,SLEEPY ORANGE,64,224,224,3,JPEG,19044
Image_2689,train/Image_2689.jpg,Image_2689.jpg,ADONIS,0,224,224,3,JPEG,23086
Image_621,train/Image_621.jpg,Image_621.jpg,AFRICAN GIANT SWALLOWTAIL,1,224,224,3,JPEG,20892
Image_5359,train/Image_5359.jpg,Image_5359.jpg,BANDED ORANGE HELICONIAN,6,224,224,3,JPEG,28136
Image_2260,train/Image_2260.jpg,Image_2260.jpg,GREAT EGGFLY,31,224,224,3,JPEG,28763
Image_1509,train/Image_1509.jpg,Image_1509.jpg,DANAID EGGFLY,25,224,224,3,JPEG,31208
Image_100,train/Image_100.jpg,Image_100.jpg,COPPER TAIL,22,224,224,3,JPEG,27680
Image_1350,train/Image_1350.jpg,Image_1350.jpg,COPPER TAIL,22,224,224,3,JPEG,25829
Image_4979,train/Image_4979.jpg,Image_4979.jpg,YELLOW SWALLOW TAIL,73,224,224,3,JPEG,28644
Image_870,train/Image_870.jpg,Image_870.jpg,SOUTHERN DOGFACE,66,224,224,3,JPEG,25052
Image_10,train/Image_10.jpg,Image_10.jpg,RED POSTMAN,60,224,224,3,JPEG,26329
Image_2316,train/Image_2316.jpg,Image_2316.jpg,MESTRA,41,224,224,3,JPEG,22543
Image_2611,train/Image_2611.jpg,Image_2611.jpg,RED POSTMAN,60,224,224,3,JPEG,27924
Image_3879,train/Image_3879.jpg,Image_3879.jpg,CRECENT,23,224,224,3,JPEG,30297
Image_6060,train/Image_6060.jpg,Image_6060.jpg,COMMON WOOD-NYMPH,21,224,224,3,JPEG,22155
Image_462,train/Image_462.jpg,Image_462.jpg,RED POSTMAN,60,224,224,3,JPEG,20450
Image_3588,train/Image_3588.jpg,Image_3588.jpg,CRIMSON PATCH,24,224,224,3,JPEG,25009
Image_3725,train/Image_3725.jpg,Image_3725.jpg,DANAID EGGFLY,25,224,224,3,JPEG,22696
Image_2288,train/Image_2288.jpg,Image_2288.jpg,ELBOWED PIERROT,29,224,224,3,JPEG,25985
Image_5456,train/Image_5456.jpg,Image_5456.jpg,GREY HAIRSTREAK,34,224,224,3,JPEG,24366
Image_6072,train/Image_6072.jpg,Image_6072.jpg,TWO BARRED FLASHER,69,224,224,3,JPEG,25327
Image_466,train/Image_466.jpg,Image_466.jpg,AFRICAN GIANT SWALLOWTAIL,1,224,224,3,JPEG,27566
Image_2990,train/Image_2990.jpg,Image_2990.jpg,MONARCH,44,224,224,3,JPEG,34545
Image_1082,train/Image_1082.jpg,Image_1082.jpg,VICEROY,71,224,224,3,JPEG,31596
Image_5021,train/Image_5021.jpg,Image_5021.jpg,GREY HAIRSTREAK,34,224,224,3,JPEG,20256
Image_6298,train/Image_6298.jpg,Image_6298.jpg,PINE WHITE,52,224,224,3,JPEG,23022
Image_747,train/Image_747.jpg,Image_747.jpg,BECKERS WHITE,8,224,224,3,JPEG,30137
Image_5877,train/Image_5877.jpg,Image_5877.jpg,CLOUDED SULPHUR,19,224,224,3,JPEG,26361
Image_5551,train/Image_5551.jpg,Image_5551.jpg,SLEEPY ORANGE,64,224,224,3,JPEG,16829
Image_1078,train/Image_1078.jpg,Image_1078.jpg,CHECQUERED SKIPPER,15,224,224,3,JPEG,24209
Image_2056,train/Image_2056.jpg,Image_2056.jpg,YELLOW SWALLOW TAIL,73,224,224,3,JPEG,35196
Image_3054,train/Image_3054.jpg,Image_3054.jpg,VICEROY,71,224,224,3,JPEG,37719
Image_1373,train/Image_1373.jpg,Image_1373.jpg,AN 88,3,224,224,3,JPEG,25306
Image_907,train/Image_907.jpg,Image_907.jpg,ORANGE TIP,47,224,224,3,JPEG,22050
Image_3445,train/Image_3445.jpg,Image_3445.jpg,PAPER KITE,50,224,224,3,JPEG,25904
Image_1095,train/Image_1095.jpg,Image_1095.jpg,BLACK HAIRSTREAK,9,224,224,3,JPEG,23221
Image_5965,train/Image_5965.jpg,Image_5965.jpg,CHECQUERED SKIPPER,15,224,224,3,JPEG,25719
Image_447,train/Image_447.jpg,Image_447.jpg,SOOTYWING,65,224,224,3,JPEG,27219
Image_3883,train/Image_3883.jpg,Image_3883.jpg,PURPLE HAIRSTREAK,55,224,224,3,JPEG,23599
Image_5553,train/Image_5553.jpg,Image_5553.jpg,BLACK HAIRSTREAK,9,224,224,3,JPEG,29569
Image_4634,train/Image_4634.jpg,Image_4634.jpg,MALACHITE,39,224,224,3,JPEG,25275
Image_4856,train/Image_4856.jpg,Image_4856.jpg,GREY HAIRSTREAK,34,224,224,3,JPEG,22397
Image_3424,train/Image_3424.jpg,Image_3424.jpg,MOURNING CLOAK,45,224,224,3,JPEG,30917
Image_221,train/Image_221.jpg,Image_221.jpg,DANAID EGGFLY,25,224,224,3,JPEG,22072
Image_2817,train/Image_2817.jpg,Image_2817.jpg,PAINTED LADY,49,224,224,3,JPEG,28915
Image_5073,train/Image_5073.jpg,Image_5073.jpg,GREAT JAY,32,224,224,3,JPEG,25433
Image_4471,train/Image_4471.jpg,Image_4471.jpg,GREAT EGGFLY,31,224,224,3,JPEG,27504
Image_3563,train/Image_3563.jpg,Image_3563.jpg,COMMON WOOD-NYMPH,21,224,224,3,JPEG,27711
Image_2901,train/Image_2901.jpg,Image_2901.jpg,GREAT EGGFLY,31,224,224,3,JPEG,30412
Image_4536,train/Image_4536.jpg,Image_4536.jpg,BLACK HAIRSTREAK,9,224,224,3,JPEG,24121
Image_2241,train/Image_2241.jpg,Image_2241.jpg,STRAITED QUEEN,67,224,224,3,JPEG,28361
Image_1152,train/Image_1152.jpg,Image_1152.jpg,INDRA SWALLOW,35,224,224,3,JPEG,31212
Image_4648,train/Image_4648.jpg,Image_4648.jpg,BLUE MORPHO,10,224,224,3,JPEG,31959
Image_939,train/Image_939.jpg,Image_939.jpg,MESTRA,41,224,224,3,JPEG,23406
Image_6271,train/Image_6271.jpg,Image_6271.jpg,COPPER TAIL,22,224,224,3,JPEG,35176
Image_3144,train/Image_3144.jpg,Image_3144.jpg,STRAITED QUEEN,67,224,224,3,JPEG,26076
Image_1973,train/Image_1973.jpg,Image_1973.jpg,GOLD BANDED,30,224,224,3,JPEG,28016
Image_3606,train/Image_3606.jpg,Image_3606.jpg,BANDED ORANGE HELICONIAN,6,224,224,3,JPEG,26122
Image_5829,train/Image_5829.jpg,Image_5829.jpg,GOLD BANDED,30,224,224,3,JPEG,21738
Image_5833,train/Image_5833.jpg,Image_5833.jpg,MALACHITE,39,224,224,3,JPEG,27573
Image_6041,train/Image_6041.jpg,Image_6041.jpg,CABBAGE WHITE,13,224,224,3,JPEG,28499
Image_2504,train/Image_2504.jpg,Image_2504.jpg,ZEBRA LONG WING,74,224,224,3,JPEG,21661
Image_3561,train/Image_3561.jpg,Image_3561.jpg,AN 88,3,224,224,3,JPEG,28593
Image_2613,train/Image_2613.jpg,Image_2613.jpg,PIPEVINE SWALLOW,53,224,224,3,JPEG,22055
Image_703,train/Image_703.jpg,Image_703.jpg,PURPLE HAIRSTREAK,55,224,224,3,JPEG,30506
Image_4148,train/Image_4148.jpg,Image_4148.jpg,BECKERS WHITE,8,224,224,3,JPEG,26923
Image_5342,train/Image_5342.jpg,Image_5342.jpg,STRAITED QUEEN,67,224,224,3,JPEG,25814
Image_4021,train/Image_4021.jpg,Image_4021.jpg,BLUE SPOTTED CROW,11,224,224,3,JPEG,16260
Image_3214,train/Image_3214.jpg,Image_3214.jpg,PIPEVINE SWALLOW,53,224,224,3,JPEG,33181
Image_5390,train/Image_5390.jpg,Image_5390.jpg,BLUE SPOTTED CROW,11,224,224,3,JPEG,22510
Image_1554,train/Image_1554.jpg,Image_1554.jpg,MOURNING CLOAK,45,224,224,3,JPEG,30035
Image_4494,train/Image_4494.jpg,Image_4494.jpg,CLEOPATRA,17,224,224,3,JPEG,20187
Image_6331,train/Image_6331.jpg,Image_6331.jpg,ORANGE TIP,47,224,224,3,JPEG,17091
Image_5847,train/Image_5847.jpg,Image_5847.jpg,EASTERN DAPPLE WHITE,27,224,224,3,JPEG,23924
Image_5293,train/Image_5293.jpg,Image_5293.jpg,JULIA,37,224,224,3,JPEG,18968
Image_5752,train/Image_5752.jpg,Image_5752.jpg,POPINJAY,54,224,224,3,JPEG,18282
Image_965,train/Image_965.jpg,Image_965.jpg,CRIMSON PATCH,24,224,224,3,JPEG,21567
Image_6039,train/Image_6039.jpg,Image_6039.jpg,TWO BARRED FLASHER,69,224,224,3,JPEG,23627
Image_3440,train/Image_3440.jpg,Image_3440.jpg,ATALA,5,224,224,3,JPEG,24797
Image_3313,train/Image_3313.jpg,Image_3313.jpg,CABBAGE WHITE,13,224,224,3,JPEG,19700
Image_2304,train/Image_2304.jpg,Image_2304.jpg,LARGE MARBLE,38,224,224,3,JPEG,21959
Image_465,train/Image_465.jpg,Image_465.jpg,AN 88,3,224,224,3,JPEG,22220
Image_3715,train/Image_3715.jpg,Image_3715.jpg,BANDED ORANGE HELICONIAN,6,224,224,3,JPEG,28514
Image_2096,train/Image_2096.jpg,Image_2096.jpg,EASTERN DAPPLE WHITE,27,224,224,3,JPEG,24498
Image_661,train/Image_661.jpg,Image_661.jpg,BANDED ORANGE HELICONIAN,6,224,224,3,JPEG,31570
Image_2085,train/Image_2085.jpg,Image_2085.jpg,ELBOWED PIERROT,29,224,224,3,JPEG,16864
Image_5857,train/Image_5857.jpg,Image_5857.jpg,PAPER KITE,50,224,224,3,JPEG,32343
Image_233,train/Image_233.jpg,Image_233.jpg,CLEOPATRA,17,224,224,3,JPEG,21381
Image_3396,train/Image_3396.jpg,Image_3396.jpg,METALMARK,42,224,224,3,JPEG,36773
Image_5271,train/Image_5271.jpg,Image_5271.jpg,AN 88,3,224,224,3,JPEG,27742
Image_535,train/Image_535.jpg,Image_535.jpg,AN 88,3,224,224,3,JPEG,33990
Image_894,train/Image_894.jpg,Image_894.jpg,BLUE MORPHO,10,224,224,3,JPEG,23443
Image_3216,train/Image_3216.jpg,Image_3216.jpg,ELBOWED PIERROT,29,224,224,3,JPEG,19245
Image_2577,train/Image_2577.jpg,Image_2577.jpg,BECKERS WHITE,8,224,224,3,JPEG,26294
Image_3074,train/Image_3074.jpg,Image_3074.jpg,METALMARK,42,224,224,3,JPEG,24360
Image_264,train/Image_264.jpg,Image_264.jpg,COPPER TAIL,22,224,224,3,JPEG,26349
Image_1881,train/Image_1881.jpg,Image_1881.jpg,ZEBRA LONG WING,74,224,224,3,JPEG,27417
Image_2046,train/Image_2046.jpg,Image_2046.jpg,GREEN CELLED CATTLEHEART,33,224,224,3,JPEG,18840
Image_2606,train/Image_2606.jpg,Image_2606.jpg,CHESTNUT,16,224,224,3,JPEG,31158
Image_1110,train/Image_1110.jpg,Image_1110.jpg,CLEOPATRA,17,224,224,3,JPEG,20319
Image_4245,train/Image_4245.jpg,Image_4245.jpg,MESTRA,41,224,224,3,JPEG,16458
Image_4312,train/Image_4312.jpg,Image_4312.jpg,MALACHITE,39,224,224,3,JPEG,27529
Image_2259,train/Image_2259.jpg,Image_2259.jpg,TWO BARRED FLASHER,69,224,224,3,JPEG,21583
Image_5791,train/Image_5791.jpg,Image_5791.jpg,YELLOW SWALLOW TAIL,73,224,224,3,JPEG,30745
Image_721,train/Image_721.jpg,Image_721.jpg,CLODIUS PARNASSIAN,18,224,224,3,JPEG,35489
Image_1460,train/Image_1460.jpg,Image_1460.jpg,AN 88,3,224,224,3,JPEG,29914
Image_2890,train/Image_2890.jpg,Image_2890.jpg,ATALA,5,224,224,3,JPEG,24432
Image_2345,train/Image_2345.jpg,Image_2345.jpg,CRIMSON PATCH,24,224,224,3,JPEG,25440
Image_6464,train/Image_6464.jpg,Image_6464.jpg,PURPLISH COPPER,56,224,224,3,JPEG,26810
Image_3355,train/Image_3355.jpg,Image_3355.jpg,RED POSTMAN,60,224,224,3,JPEG,22534
Image_550,train/Image_550.jpg,Image_550.jpg,INDRA SWALLOW,35,224,224,3,JPEG,34640
Image_1162,train/Image_1162.jpg,Image_1162.jpg,MOURNING CLOAK,45,224,224,3,JPEG,25714
Image_243,train/Image_243.jpg,Image_243.jpg,PEACOCK,51,224,224,3,JPEG,29178
Image_2322,train/Image_2322.jpg,Image_2322.jpg,EASTERN DAPPLE WHITE,27,224,224,3,JPEG,27110
Image_5226,train/Image_5226.jpg,Image_5226.jpg,SOOTYWING,65,224,224,3,JPEG,20572
Image_2178,train/Image_2178.jpg,Image_2178.jpg,BECKERS WHITE,8,224,224,3,JPEG,18165
Image_1109,train/Image_1109.jpg,Image_1109.jpg,BROWN SIPROETA,12,224,224,3,JPEG,29200
Image_4708,train/Image_4708.jpg,Image_4708.jpg,BANDED ORANGE HELICONIAN,6,224,224,3,JPEG,24837
Image_381,train/Image_381.jpg,Image_381.jpg,ATALA,5,224,224,3,JPEG,20389
Image_3439,train/Image_3439.jpg,Image_3439.jpg,JULIA,37,224,224,3,JPEG,29911
Image_1340,train/Image_1340.jpg,Image_1340.jpg,CHECQUERED SKIPPER,15,224,224,3,JPEG,26870
Image_3152,train/Image_3152.jpg,Image_3152.jpg,PURPLISH COPPER,56,224,224,3,JPEG,18329
Image_1655,train/Image_1655.jpg,Image_1655.jpg,CRIMSON PATCH,24,224,224,3,JPEG,29670
Image_1151,train/Image_1151.jpg,Image_1151.jpg,JULIA,37,224,224,3,JPEG,25872
Image_1718,train/Image_1718.jpg,Image_1718.jpg,EASTERN COMA,26,224,224,3,JPEG,25377
Image_5647,train/Image_5647.jpg,Image_5647.jpg,CLODIUS PARNASSIAN,18,224,224,3,JPEG,18166
Image_5644,train/Image_5644.jpg,Image_5644.jpg,ZEBRA LONG WING,74,224,224,3,JPEG,22220
Image_1537,train/Image_1537.jpg,Image_1537.jpg,PURPLISH COPPER,56,224,224,3,JPEG,16932
Image_2365,train/Image_2365.jpg,Image_2365.jpg,PEACOCK,51,224,224,3,JPEG,24071
Image_1916,train/Image_1916.jpg,Image_1916.jpg,CLODIUS PARNASSIAN,18,224,224,3,JPEG,27247
Image_1928,train/Image_1928.jpg,Image_1928.jpg,RED POSTMAN,60,224,224,3,JPEG,21555
Image_3696,train/Image_3696.jpg,Image_3696.jpg,TWO BARRED FLASHER,69,224,224,3,JPEG,21722
Image_1667,train/Image_1667.jpg,Image_1667.jpg,CLODIUS PARNASSIAN,18,224,224,3,JPEG,32109
Image_4564,train/Image_4564.jpg,Image_4564.jpg,SILVER SPOT SKIPPER,63,224,224,3,JPEG,20020
Image_1009,train/Image_1009.jpg,Image_1009.jpg,CHESTNUT,16,224,224,3,JPEG,31983
Image_976,train/Image_976.jpg,Image_976.jpg,TROPICAL LEAFWING,68,224,224,3,JPEG,20935
Image_2605,train/Image_2605.jpg,Image_2605.jpg,SCARCE SWALLOW,62,224,224,3,JPEG,28255
Image_1756,train/Image_1756.jpg,Image_1756.jpg,LARGE MARBLE,38,224,224,3,JPEG,17178
Image_1038,train/Image_1038.jpg,Image_1038.jpg,CLODIUS PARNASSIAN,18,224,224,3,JPEG,27564
Image_3540,train/Image_3540.jpg,Image_3540.jpg,COMMON WOOD-NYMPH,21,224,224,3,JPEG,26934
Image_2306,train/Image_2306.jpg,Image_2306.jpg,MOURNING CLOAK,45,224,224,3,JPEG,21353
Image_5034,train/Image_5034.jpg,Image_5034.jpg,PIPEVINE SWALLOW,53,224,224,3,JPEG,19246
Image_2964,train/Image_2964.jpg,Image_2964.jpg,JULIA,37,224,224,3,JPEG,23792
Image_796,train/Image_796.jpg,Image_796.jpg,ADONIS,0,224,224,3,JPEG,32173
Image_6046,train/Image_6046.jpg,Image_6046.jpg,INDRA SWALLOW,35,224,224,3,JPEG,29102
Image_305,train/Image_305.jpg,Image_305.jpg,CLODIUS PARNASSIAN,18,224,224,3,JPEG,26343
Image_4121,train/Image_4121.jpg,Image_4121.jpg,ELBOWED PIERROT,29,224,224,3,JPEG,20552
Image_2831,train/Image_2831.jpg,Image_2831.jpg,CHESTNUT,16,224,224,3,JPEG,32167
Image_3398,train/Image_3398.jpg,Image_3398.jpg,YELLOW SWALLOW TAIL,73,224,224,3,JPEG,31358
Image_3560,train/Image_3560.jpg,Image_3560.jpg,MONARCH,44,224,224,3,JPEG,24212
Image_1721,train/Image_1721.jpg,Image_1721.jpg,GREAT EGGFLY,31,224,224,3,JPEG,19864
Image_4200,train/Image_4200.jpg,Image_4200.jpg,SOOTYWING,65,224,224,3,JPEG,26285
Image_3812,train/Image_3812.jpg,Image_3812.jpg,GREY HAIRSTREAK,34,224,224,3,JPEG,21392
Image_6140,train/Image_6140.jpg,Image_6140.jpg,CRECENT,23,224,224,3,JPEG,33157
Image_1924,train/Image_1924.jpg,Image_1924.jpg,GREAT EGGFLY,31,224,224,3,JPEG,18625
Image_2321,train/Image_2321.jpg,Image_2321.jpg,IPHICLUS SISTER,36,224,224,3,JPEG,21582
Image_6314,train/Image_6314.jpg,Image_6314.jpg,CRIMSON PATCH,24,224,224,3,JPEG,23913
Image_3004,train/Image_3004.jpg,Image_3004.jpg,BLUE MORPHO,10,224,224,3,JPEG,27313
Image_1658,train/Image_1658.jpg,Image_1658.jpg,PIPEVINE SWALLOW,53,224,224,3,JPEG,23446
Image_4998,train/Image_4998.jpg,Image_4998.jpg,GREY HAIRSTREAK,34,224,224,3,JPEG,15969
Image_3159,train/Image_3159.jpg,Image_3159.jpg,PEACOCK,51,224,224,3,JPEG,23156
Image_5624,train/Image_5624.jpg,Image_5624.jpg,COPPER TAIL,22,224,224,3,JPEG,32606
Image_184,train/Image_184.jpg,Image_184.jpg,EASTERN DAPPLE WHITE,27,224,224,3,JPEG,23480
Image_6358,train/Image_6358.jpg,Image_6358.jpg,ORCHARD SWALLOW,48,224,224,3,JPEG,34965
Image_6061,train/Image_6061.jpg,Image_6061.jpg,BLUE SPOTTED CROW,11,224,224,3,JPEG,22665
Image_660,train/Image_660.jpg,Image_660.jpg,PAINTED LADY,49,224,224,3,JPEG,25144
Image_3956,train/Image_3956.jpg,Image_3956.jpg,PAPER KITE,50,224,224,3,JPEG,32644
Image_4394,train/Image_4394.jpg,Image_4394.jpg,BLUE SPOTTED CROW,11,224,224,3,JPEG,17062
Image_4182,train/Image_4182.jpg,Image_4182.jpg,PAPER KITE,50,224,224,3,JPEG,34506
Image_2191,train/Image_2191.jpg,Image_2191.jpg,BLACK HAIRSTREAK,9,224,224,3,JPEG,28555
Image_1240,train/Image_1240.jpg,Image_1240.jpg,GREEN CELLED CATTLEHEART,33,224,224,3,JPEG,14658
Image_1708,train/Image_1708.jpg,Image_1708.jpg,MONARCH,44,224,224,3,JPEG,24914
Image_2186,train/Image_2186.jpg,Image_2186.jpg,GOLD BANDED,30,224,224,3,JPEG,19439
Image_4349,train/Image_4349.jpg,Image_4349.jpg,TROPICAL LEAFWING,68,224,224,3,JPEG,26981
Image_975,train/Image_975.jpg,Image_975.jpg,PINE WHITE,52,224,224,3,JPEG,24721
Image_5105,train/Image_5105.jpg,Image_5105.jpg,QUESTION MARK,57,224,224,3,JPEG,31678
Image_6224,train/Image_6224.jpg,Image_6224.jpg,RED SPOTTED PURPLE,61,224,224,3,JPEG,23290
Image_190,train/Image_190.jpg,Image_190.jpg,TROPICAL LEAFWING,68,224,224,3,JPEG,18962
Image_1790,train/Image_1790.jpg,Image_1790.jpg,BROWN SIPROETA,12,224,224,3,JPEG,28666
Image_769,train/Image_769.jpg,Image_769.jpg,MILBERTS TORTOISESHELL,43,224,224,3,JPEG,23222
Image_6211,train/Image_6211.jpg,Image_6211.jpg,CLEOPATRA,17,224,224,3,JPEG,27487
Image_1932,train/Image_1932.jpg,Image_1932.jpg,COMMON WOOD-NYMPH,21,224,224,3,JPEG,29269
Image_2302,train/Image_2302.jpg,Image_2302.jpg,AMERICAN SNOOT,2,224,224,3,JPEG,29600
Image_4582,train/Image_4582.jpg,Image_4582.jpg,GREY HAIRSTREAK,34,224,224,3,JPEG,22626
Image_3031,train/Image_3031.jpg,Image_3031.jpg,SOOTYWING,65,224,224,3,JPEG,23301
Image_2281,train/Image_2281.jpg,Image_2281.jpg,GREY HAIRSTREAK,34,224,224,3,JPEG,18797
Image_3964,train/Image_3964.jpg,Image_3964.jpg,RED CRACKER,59,224,224,3,JPEG,30144
Image_93,train/Image_93.jpg,Image_93.jpg,COMMON WOOD-NYMPH,21,224,224,3,JPEG,24499
Image_6438,train/Image_6438.jpg,Image_6438.jpg,BECKERS WHITE,8,224,224,3,JPEG,37288
Image_1213,train/Image_1213.jpg,Image_1213.jpg,MILBERTS TORTOISESHELL,43,224,224,3,JPEG,25757
Image_1234,train/Image_1234.jpg,Image_1234.jpg,PAPER KITE,50,224,224,3,JPEG,28814
Image_4948,train/Image_4948.jpg,Image_4948.jpg,EASTERN DAPPLE WHITE,27,224,224,3,JPEG,24837
Image_918,train/Image_918.jpg,Image_918.jpg,SCARCE SWALLOW,62,224,224,3,JPEG,26107
Image_20,train/Image_20.jpg,Image_20.jpg,PEACOCK,51,224,224,3,JPEG,20326
Image_4693,train/Image_4693.jpg,Image_4693.jpg,COMMON WOOD-NYMPH,21,224,224,3,JPEG,27574
Image_634,train/Image_634.jpg,Image_634.jpg,DANAID EGGFLY,25,224,224,3,JPEG,24817
Image_5889,train/Image_5889.jpg,Image_5889.jpg,SCARCE SWALLOW,62,224,224,3,JPEG,27571
Image_104,train/Image_104.jpg,Image_104.jpg,ATALA,5,224,224,3,JPEG,20727
Image_1869,train/Image_1869.jpg,Image_1869.jpg,AN 88,3,224,224,3,JPEG,23645
Image_5107,train/Image_5107.jpg,Image_5107.jpg,ATALA,5,224,224,3,JPEG,17686
Image_1729,train/Image_1729.jpg,Image_1729.jpg,POPINJAY,54,224,224,3,JPEG,40922
Image_3904,train/Image_3904.jpg,Image_3904.jpg,MALACHITE,39,224,224,3,JPEG,23896
Image_1274,train/Image_1274.jpg,Image_1274.jpg,CHESTNUT,16,224,224,3,JPEG,30967
Image_4553,train/Image_4553.jpg,Image_4553.jpg,CRECENT,23,224,224,3,JPEG,22467
Image_3255,train/Image_3255.jpg,Image_3255.jpg,VICEROY,71,224,224,3,JPEG,29443
Image_2778,train/Image_2778.jpg,Image_2778.jpg,ELBOWED PIERROT,29,224,224,3,JPEG,21409
Image_5878,train/Image_5878.jpg,Image_5878.jpg,JULIA,37,224,224,3,JPEG,32310
Image_4226,train/Image_4226.jpg,Image_4226.jpg,BLUE MORPHO,10,224,224,3,JPEG,15807
Image_3592,train/Image_3592.jpg,Image_3592.jpg,CRECENT,23,224,224,3,JPEG,31202
Image_1396,train/Image_1396.jpg,Image_1396.jpg,MOURNING CLOAK,45,224,224,3,JPEG,30261
Image_6065,train/Image_6065.jpg,Image_6065.jpg,PIPEVINE SWALLOW,53,224,224,3,JPEG,23732
Image_758,train/Image_758.jpg,Image_758.jpg,BLUE SPOTTED CROW,11,224,224,3,JPEG,23160
Image_4327,train/Image_4327.jpg,Image_4327.jpg,SCARCE SWALLOW,62,224,224,3,JPEG,22293
Image_3029,train/Image_3029.jpg,Image_3029.jpg,APPOLLO,4,224,224,3,JPEG,27318
Image_3695,train/Image_3695.jpg,Image_3695.jpg,CHESTNUT,16,224,224,3,JPEG,25477
Image_2567,train/Image_2567.jpg,Image_2567.jpg,GREAT EGGFLY,31,224,224,3,JPEG,24922
Image_1606,train/Image_1606.jpg,Image_1606.jpg,BANDED PEACOCK,7,224,224,3,JPEG,22482
Image_2128,train/Image_2128.jpg,Image_2128.jpg,PURPLE HAIRSTREAK,55,224,224,3,JPEG,24304
Image_3262,train/Image_3262.jpg,Image_3262.jpg,BLUE MORPHO,10,224,224,3,JPEG,21546
Image_878,train/Image_878.jpg,Image_878.jpg,SCARCE SWALLOW,62,224,224,3,JPEG,18608
Image_3127,train/Image_3127.jpg,Image_3127.jpg,ORANGE TIP,47,224,224,3,JPEG,24958
Image_5221,train/Image_5221.jpg,Image_5221.jpg,EASTERN PINE ELFIN,28,224,224,3,JPEG,28868
Image_4431,train/Image_4431.jpg,Image_4431.jpg,CLEOPATRA,17,224,224,3,JPEG,22464
Image_5706,train/Image_5706.jpg,Image_5706.jpg,METALMARK,42,224,224,3,JPEG,36211
Image_1325,train/Image_1325.jpg,Image_1325.jpg,CLODIUS PARNASSIAN,18,224,224,3,JPEG,29715
Image_2719,train/Image_2719.jpg,Image_2719.jpg,CHECQUERED SKIPPER,15,224,224,3,JPEG,26402
Image_3198,train/Image_3198.jpg,Image_3198.jpg,QUESTION MARK,57,224,224,3,JPEG,25327
Image_4949,train/Image_4949.jpg,Image_4949.jpg,RED CRACKER,59,224,224,3,JPEG,35971
Image_6397,train/Image_6397.jpg,Image_6397.jpg,CHESTNUT,16,224,224,3,JPEG,26479
Image_1966,train/Image_1966.jpg,Image_1966.jpg,COMMON BANDED AWL,20,224,224,3,JPEG,18386
Image_1495,train/Image_1495.jpg,Image_1495.jpg,GREY HAIRSTREAK,34,224,224,3,JPEG,25538
Image_154,train/Image_154.jpg,Image_154.jpg,MANGROVE SKIPPER,40,224,224,3,JPEG,22771
Image_3016,train/Image_3016.jpg,Image_3016.jpg,VICEROY,71,224,224,3,JPEG,32497
Image_4569,train/Image_4569.jpg,Image_4569.jpg,ADONIS,0,224,224,3,JPEG,25478
Image_441,train/Image_441.jpg,Image_441.jpg,RED SPOTTED PURPLE,61,224,224,3,JPEG,25696
Image_2295,train/Image_2295.jpg,Image_2295.jpg,POPINJAY,54,224,224,3,JPEG,22115
Image_818,train/Image_818.jpg,Image_818.jpg,AN 88,3,224,224,3,JPEG,23934
Image_748,train/Image_748.jpg,Image_748.jpg,MILBERTS TORTOISESHELL,43,224,224,3,JPEG,34341
Image_1967,train/Image_1967.jpg,Image_1967.jpg,LARGE MARBLE,38,224,224,3,JPEG,22073
Image_2919,train/Image_2919.jpg,Image_2919.jpg,ORANGE TIP,47,224,224,3,JPEG,29431
Image_2227,train/Image_2227.jpg,Image_2227.jpg,DANAID EGGFLY,25,224,224,3,JPEG,23819
Image_968,train/Image_968.jpg,Image_968.jpg,PURPLISH COPPER,56,224,224,3,JPEG,20103
Image_2456,train/Image_2456.jpg,Image_2456.jpg,BLACK HAIRSTREAK,9,224,224,3,JPEG,19897
Image_3594,train/Image_3594.jpg,Image_3594.jpg,VICEROY,71,224,224,3,JPEG,28261
Image_677,train/Image_677.jpg,Image_677.jpg,INDRA SWALLOW,35,224,224,3,JPEG,18528
Image_5481,train/Image_5481.jpg,Image_5481.jpg,GOLD BANDED,30,224,224,3,JPEG,22225
Image_4143,train/Image_4143.jpg,Image_4143.jpg,DANAID EGGFLY,25,224,224,3,JPEG,20795
Image_5999,train/Image_5999.jpg,Image_5999.jpg,EASTERN PINE ELFIN,28,224,224,3,JPEG,23970
Image_4317,train/Image_4317.jpg,Image_4317.jpg,CHESTNUT,16,224,224,3,JPEG,23311
Image_3510,train/Image_3510.jpg,Image_3510.jpg,RED CRACKER,59,224,224,3,JPEG,44140
Image_999,train/Image_999.jpg,Image_999.jpg,QUESTION MARK,57,224,224,3,JPEG,29573
Image_507,train/Image_507.jpg,Image_507.jpg,BANDED PEACOCK,7,224,224,3,JPEG,25944
Image_5437,train/Image_5437.jpg,Image_5437.jpg,RED POSTMAN,60,224,224,3,JPEG,25939
Image_2309,train/Image_2309.jpg,Image_2309.jpg,EASTERN PINE ELFIN,28,224,224,3,JPEG,33306
Image_4730,train/Image_4730.jpg,Image_4730.jpg,ORANGE OAKLEAF,46,224,224,3,JPEG,25406
Image_3288,train/Image_3288.jpg,Image_3288.jpg,CHECQUERED SKIPPER,15,224,224,3,JPEG,29815
Image_5513,train/Image_5513.jpg,Image_5513.jpg,BANDED PEACOCK,7,224,224,3,JPEG,30231
Image_814,train/Image_814.jpg,Image_814.jpg,LARGE MARBLE,38,224,224,3,JPEG,26319
Image_5994,train/Image_5994.jpg,Image_5994.jpg,CRIMSON PATCH,24,224,224,3,JPEG,26159
Image_2853,train/Image_2853.jpg,Image_2853.jpg,RED SPOTTED PURPLE,61,224,224,3,JPEG,29645
Image_3645,train/Image_3645.jpg,Image_3645.jpg,YELLOW SWALLOW TAIL,73,224,224,3,JPEG,34478
Image_2327,train/Image_2327.jpg,Image_2327.jpg,MOURNING CLOAK,45,224,224,3,JPEG,30361
Image_3732,train/Image_3732.jpg,Image_3732.jpg,CHESTNUT,16,224,224,3,JPEG,25642
Image_4840,train/Image_4840.jpg,Image_4840.jpg,QUESTION MARK,57,224,224,3,JPEG,24218
Image_2102,train/Image_2102.jpg,Image_2102.jpg,AN 88,3,224,224,3,JPEG,30914
Image_6296,train/Image_6296.jpg,Image_6296.jpg,AN 88,3,224,224,3,JPEG,22106
Image_2560,train/Image_2560.jpg,Image_2560.jpg,JULIA,37,224,224,3,JPEG,26725
Image_4375,train/Image_4375.jpg,Image_4375.jpg,CHECQUERED SKIPPER,15,224,224,3,JPEG,24562
Image_6281,train/Image_6281.jpg,Image_6281.jpg,EASTERN PINE ELFIN,28,224,224,3,JPEG,26160
Image_4617,train/Image_4617.jpg,Image_4617.jpg,MANGROVE SKIPPER,40,224,224,3,JPEG,27721
Image_6370,train/Image_6370.jpg,Image_6370.jpg,PURPLISH COPPER,56,224,224,3,JPEG,22505
Image_5410,train/Image_5410.jpg,Image_5410.jpg,DANAID EGGFLY,25,224,224,3,JPEG,24189
Image_902,train/Image_902.jpg,Image_902.jpg,BANDED ORANGE HELICONIAN,6,224,224,3,JPEG,31174
Image_1582,train/Image_1582.jpg,Image_1582.jpg,MOURNING CLOAK,45,224,224,3,JPEG,27762
Image_6315,train/Image_6315.jpg,Image_6315.jpg,BLUE SPOTTED CROW,11,224,224,3,JPEG,20685
Image_6448,train/Image_6448.jpg,Image_6448.jpg,COMMON BANDED AWL,20,224,224,3,JPEG,20063
Image_1423,train/Image_1423.jpg,Image_1423.jpg,COPPER TAIL,22,224,224,3,JPEG,32146
Image_5123,train/Image_5123.jpg,Image_5123.jpg,GREAT EGGFLY,31,224,224,3,JPEG,22965
Image_4366,train/Image_4366.jpg,Image_4366.jpg,MANGROVE SKIPPER,40,224,224,3,JPEG,31988
Image_5697,train/Image_5697.jpg,Image_5697.jpg,CHESTNUT,16,224,224,3,JPEG,30183
Image_982,train/Image_982.jpg,Image_982.jpg,GREAT EGGFLY,31,224,224,3,JPEG,26517
Image_1767,train/Image_1767.jpg,Image_1767.jpg,MILBERTS TORTOISESHELL,43,224,224,3,JPEG,32707
Image_1192,train/Image_1192.jpg,Image_1192.jpg,ORANGE TIP,47,224,224,3,JPEG,26534
Image_945,train/Image_945.jpg,Image_945.jpg,GREY HAIRSTREAK,34,224,224,3,JPEG,22323
Image_1065,train/Image_1065.jpg,Image_1065.jpg,SILVER SPOT SKIPPER,63,224,224,3,JPEG,19279
Image_5795,train/Image_5795.jpg,Image_5795.jpg,GREAT EGGFLY,31,224,224,3,JPEG,25543
Image_3153,train/Image_3153.jpg,Image_3153.jpg,MILBERTS TORTOISESHELL,43,224,224,3,JPEG,30938
Image_267,train/Image_267.jpg,Image_267.jpg,ORCHARD SWALLOW,48,224,224,3,JPEG,22991
Image_6241,train/Image_6241.jpg,Image_6241.jpg,BLACK HAIRSTREAK,9,224,224,3,JPEG,27405
Image_1684,train/Image_1684.jpg,Image_1684.jpg,IPHICLUS SISTER,36,224,224,3,JPEG,25118
Image_5961,train/Image_5961.jpg,Image_5961.jpg,ADONIS,0,224,224,3,JPEG,29605
Image_3878,train/Image_3878.jpg,Image_3878.jpg,GREEN CELLED CATTLEHEART,33,224,224,3,JPEG,21387
Image_5768,train/Image_5768.jpg,Image_5768.jpg,SCARCE SWALLOW,62,224,224,3,JPEG,38470
Image_5952,train/Image_5952.jpg,Image_5952.jpg,ULYSES,70,224,224,3,JPEG,29845
Image_5541,train/Image_5541.jpg,Image_5541.jpg,YELLOW SWALLOW TAIL,73,224,224,3,JPEG,26043
Image_3869,train/Image_3869.jpg,Image_3869.jpg,SOOTYWING,65,224,224,3,JPEG,15020
Image_4900,train/Image_4900.jpg,Image_4900.jpg,EASTERN PINE ELFIN,28,224,224,3,JPEG,17846
Image_5900,train/Image_5900.jpg,Image_5900.jpg,PAINTED LADY,49,224,224,3,JPEG,27259
Image_2839,train/Image_2839.jpg,Image_2839.jpg,GOLD BANDED,30,224,224,3,JPEG,25289
Image_302,train/Image_302.jpg,Image_302.jpg,EASTERN COMA,26,224,224,3,JPEG,34759
Image_5300,train/Image_5300.jpg,Image_5300.jpg,LARGE MARBLE,38,224,224,3,JPEG,24509
Image_1352,train/Image_1352.jpg,Image_1352.jpg,MALACHITE,39,224,224,3,JPEG,26697
Image_4126,train/Image_4126.jpg,Image_4126.jpg,ADONIS,0,224,224,3,JPEG,26582
Image_4697,train/Image_4697.jpg,Image_4697.jpg,PURPLISH COPPER,56,224,224,3,JPEG,24953
Image_3079,train/Image_3079.jpg,Image_3079.jpg,BECKERS WHITE,8,224,224,3,JPEG,20004
Image_5972,train/Image_5972.jpg,Image_5972.jpg,MILBERTS TORTOISESHELL,43,224,224,3,JPEG,24583
Image_6216,train/Image_6216.jpg,Image_6216.jpg,BLACK HAIRSTREAK,9,224,224,3,JPEG,27391
Image_2477,train/Image_2477.jpg,Image_2477.jpg,SILVER SPOT SKIPPER,63,224,224,3,JPEG,29838
Image_396,train/Image_396.jpg,Image_396.jpg,CABBAGE WHITE,13,224,224,3,JPEG,18456
Image_6124,train/Image_6124.jpg,Image_6124.jpg,AN 88,3,224,224,3,JPEG,23798
Image_4602,train/Image_4602.jpg,Image_4602.jpg,SILVER SPOT SKIPPER,63,224,224,3,JPEG,23763
Image_4062,train/Image_4062.jpg,Image_4062.jpg,QUESTION MARK,57,224,224,3,JPEG,27527
Image_3425,train/Image_3425.jpg,Image_3425.jpg,IPHICLUS SISTER,36,224,224,3,JPEG,21761
Image_618,train/Image_618.jpg,Image_618.jpg,MESTRA,41,224,224,3,JPEG,18148
Image_1428,train/Image_1428.jpg,Image_1428.jpg,DANAID EGGFLY,25,224,224,3,JPEG,16031
Image_5997,train/Image_5997.jpg,Image_5997.jpg,CHESTNUT,16,224,224,3,JPEG,32370
Image_808,train/Image_808.jpg,Image_808.jpg,MOURNING CLOAK,45,224,224,3,JPEG,33234
Image_4380,train/Image_4380.jpg,Image_4380.jpg,GREEN CELLED CATTLEHEART,33,224,224,3,JPEG,15073
Image_3433,train/Image_3433.jpg,Image_3433.jpg,RED CRACKER,59,224,224,3,JPEG,27750
Image_778,train/Image_778.jpg,Image_778.jpg,PURPLISH COPPER,56,224,224,3,JPEG,26272
Image_845,train/Image_845.jpg,Image_845.jpg,COMMON BANDED AWL,20,224,224,3,JPEG,15907
Image_1122,train/Image_1122.jpg,Image_1122.jpg,LARGE MARBLE,38,224,224,3,JPEG,21571
Image_3226,train/Image_3226.jpg,Image_3226.jpg,DANAID EGGFLY,25,224,224,3,JPEG,23217
Image_2506,train/Image_2506.jpg,Image_2506.jpg,CLODIUS PARNASSIAN,18,224,224,3,JPEG,28141
Image_2959,train/Image_2959.jpg,Image_2959.jpg,ADONIS,0,224,224,3,JPEG,28209
Image_3291,train/Image_3291.jpg,Image_3291.jpg,AN 88,3,224,224,3,JPEG,23190
Image_2193,train/Image_2193.jpg,Image_2193.jpg,YELLOW SWALLOW TAIL,73,224,224,3,JPEG,33875
Image_899,train/Image_899.jpg,Image_899.jpg,BANDED ORANGE HELICONIAN,6,224,224,3,JPEG,24773
Image_5657,train/Image_5657.jpg,Image_5657.jpg,SLEEPY ORANGE,64,224,224,3,JPEG,16322
Image_5832,train/Image_5832.jpg,Image_5832.jpg,RED CRACKER,59,224,224,3,JPEG,25818
Image_6328,train/Image_6328.jpg,Image_6328.jpg,SCARCE SWALLOW,62,224,224,3,JPEG,26182
Image_5462,train/Image_5462.jpg,Image_5462.jpg,ZEBRA LONG WING,74,224,224,3,JPEG,27317
Image_3943,train/Image_3943.jpg,Image_3943.jpg,TWO BARRED FLASHER,69,224,224,3,JPEG,22773
Image_4633,train/Image_4633.jpg,Image_4633.jpg,PURPLE HAIRSTREAK,55,224,224,3,JPEG,30834
Image_3794,train/Image_3794.jpg,Image_3794.jpg,VICEROY,71,224,224,3,JPEG,21288
Image_4623,train/Image_4623.jpg,Image_4623.jpg,PIPEVINE SWALLOW,53,224,224,3,JPEG,21486
Image_1104,train/Image_1104.jpg,Image_1104.jpg,COMMON WOOD-NYMPH,21,224,224,3,JPEG,24709
Image_5616,train/Image_5616.jpg,Image_5616.jpg,SCARCE SWALLOW,62,224,224,3,JPEG,30533
Image_5523,train/Image_5523.jpg,Image_5523.jpg,EASTERN PINE ELFIN,28,224,224,3,JPEG,21637
Image_4095,train/Image_4095.jpg,Image_4095.jpg,RED CRACKER,59,224,224,3,JPEG,23216
Image_22,train/Image_22.jpg,Image_22.jpg,JULIA,37,224,224,3,JPEG,21192
Image_2246,train/Image_2246.jpg,Image_2246.jpg,GREAT JAY,32,224,224,3,JPEG,17795
Image_6418,train/Image_6418.jpg,Image_6418.jpg,PAINTED LADY,49,224,224,3,JPEG,31364
Image_4666,train/Image_4666.jpg,Image_4666.jpg,COPPER TAIL,22,224,224,3,JPEG,20802
Image_2926,train/Image_2926.jpg,Image_2926.jpg,COPPER TAIL,22,224,224,3,JPEG,25865
Image_4360,train/Image_4360.jpg,Image_4360.jpg,CHESTNUT,16,224,224,3,JPEG,24905
Image_3039,train/Image_3039.jpg,Image_3039.jpg,STRAITED QUEEN,67,224,224,3,JPEG,29925
Image_685,train/Image_685.jpg,Image_685.jpg,ORANGE TIP,47,224,224,3,JPEG,22123
Image_5203,train/Image_5203.jpg,Image_5203.jpg,SOOTYWING,65,224,224,3,JPEG,20164
Image_4702,train/Image_4702.jpg,Image_4702.jpg,TROPICAL LEAFWING,68,224,224,3,JPEG,27446
Image_6075,train/Image_6075.jpg,Image_6075.jpg,SOOTYWING,65,224,224,3,JPEG,18137
Image_3659,train/Image_3659.jpg,Image_3659.jpg,PURPLE HAIRSTREAK,55,224,224,3,JPEG,23927
Image_3075,train/Image_3075.jpg,Image_3075.jpg,MONARCH,44,224,224,3,JPEG,27162
Image_2681,train/Image_2681.jpg,Image_2681.jpg,PEACOCK,51,224,224,3,JPEG,22273
Image_752,train/Image_752.jpg,Image_752.jpg,MALACHITE,39,224,224,3,JPEG,18788
Image_5813,train/Image_5813.jpg,Image_5813.jpg,AMERICAN SNOOT,2,224,224,3,JPEG,24984
Image_2687,train/Image_2687.jpg,Image_2687.jpg,GREAT EGGFLY,31,224,224,3,JPEG,27643
Image_6293,train/Image_6293.jpg,Image_6293.jpg,PURPLE HAIRSTREAK,55,224,224,3,JPEG,28341
Image_6439,train/Image_6439.jpg,Image_6439.jpg,CRECENT,23,224,224,3,JPEG,28981
Image_3716,train/Image_3716.jpg,Image_3716.jpg,ORCHARD SWALLOW,48,224,224,3,JPEG,28065
Image_2861,train/Image_2861.jpg,Image_2861.jpg,BROWN SIPROETA,12,224,224,3,JPEG,25634
Image_5127,train/Image_5127.jpg,Image_5127.jpg,COMMON BANDED AWL,20,224,224,3,JPEG,16775
Image_1115,train/Image_1115.jpg,Image_1115.jpg,EASTERN PINE ELFIN,28,224,224,3,JPEG,29737
Image_5194,train/Image_5194.jpg,Image_5194.jpg,BANDED ORANGE HELICONIAN,6,224,224,3,JPEG,20714
Image_2773,train/Image_2773.jpg,Image_2773.jpg,VICEROY,71,224,224,3,JPEG,33812
Image_4551,train/Image_4551.jpg,Image_4551.jpg,RED CRACKER,59,224,224,3,JPEG,36790
Image_736,train/Image_736.jpg,Image_736.jpg,MALACHITE,39,224,224,3,JPEG,28318
Image_4862,train/Image_4862.jpg,Image_4862.jpg,GREY HAIRSTREAK,34,224,224,3,JPEG,22593
Image_5727,train/Image_5727.jpg,Image_5727.jpg,CHECQUERED SKIPPER,15,224,224,3,JPEG,27682
Image_1063,train/Image_1063.jpg,Image_1063.jpg,BROWN SIPROETA,12,224,224,3,JPEG,28558
Image_3656,train/Image_3656.jpg,Image_3656.jpg,POPINJAY,54,224,224,3,JPEG,39096
Image_5356,train/Image_5356.jpg,Image_5356.jpg,EASTERN COMA,26,224,224,3,JPEG,34684
Image_2867,train/Image_2867.jpg,Image_2867.jpg,PAPER KITE,50,224,224,3,JPEG,31955
Image_1348,train/Image_1348.jpg,Image_1348.jpg,CRECENT,23,224,224,3,JPEG,32197
Image_5320,train/Image_5320.jpg,Image_5320.jpg,POPINJAY,54,224,224,3,JPEG,28545
Image_5935,train/Image_5935.jpg,Image_5935.jpg,PEACOCK,51,224,224,3,JPEG,24365
Image_3423,train/Image_3423.jpg,Image_3423.jpg,BANDED ORANGE HELICONIAN,6,224,224,3,JPEG,23331
Image_1894,train/Image_1894.jpg,Image_1894.jpg,APPOLLO,4,224,224,3,JPEG,27663
Image_498,train/Image_498.jpg,Image_498.jpg,MONARCH,44,224,224,3,JPEG,35203
Image_4106,train/Image_4106.jpg,Image_4106.jpg,MALACHITE,39,224,224,3,JPEG,30026
Image_547,train/Image_547.jpg,Image_547.jpg,ATALA,5,224,224,3,JPEG,17308
Image_4749,train/Image_4749.jpg,Image_4749.jpg,COMMON WOOD-NYMPH,21,224,224,3,JPEG,23159
Image_2723,train/Image_2723.jpg,Image_2723.jpg,AN 88,3,224,224,3,JPEG,20245
Image_1926,train/Image_1926.jpg,Image_1926.jpg,GOLD BANDED,30,224,224,3,JPEG,24849
Image_4238,train/Image_4238.jpg,Image_4238.jpg,ATALA,5,224,224,3,JPEG,18596
Image_3369,train/Image_3369.jpg,Image_3369.jpg,RED SPOTTED PURPLE,61,224,224,3,JPEG,28785
Image_1663,train/Image_1663.jpg,Image_1663.jpg,EASTERN COMA,26,224,224,3,JPEG,29365
Image_3764,train/Image_3764.jpg,Image_3764.jpg,EASTERN COMA,26,224,224,3,JPEG,26589
Image_2485,train/Image_2485.jpg,Image_2485.jpg,GREY HAIRSTREAK,34,224,224,3,JPEG,24471
Image_3421,train/Image_3421.jpg,Image_3421.jpg,PAPER KITE,50,224,224,3,JPEG,31345
Image_300,train/Image_300.jpg,Image_300.jpg,METALMARK,42,224,224,3,JPEG,32550
Image_1311,train/Image_1311.jpg,Image_1311.jpg,SOOTYWING,65,224,224,3,JPEG,23709
Image_1951,train/Image_1951.jpg,Image_1951.jpg,GREY HAIRSTREAK,34,224,224,3,JPEG,28313
Image_4153,train/Image_4153.jpg,Image_4153.jpg,POPINJAY,54,224,224,3,JPEG,28081
Image_4165,train/Image_4165.jpg,Image_4165.jpg,COPPER TAIL,22,224,224,3,JPEG,22165
Image_4923,train/Image_4923.jpg,Image_4923.jpg,AFRICAN GIANT SWALLOWTAIL,1,224,224,3,JPEG,24539
Image_4060,train/Image_4060.jpg,Image_4060.jpg,MOURNING CLOAK,45,224,224,3,JPEG,26614
Image_3727,train/Image_3727.jpg,Image_3727.jpg,RED CRACKER,59,224,224,3,JPEG,25011
Image_5684,train/Image_5684.jpg,Image_5684.jpg,MANGROVE SKIPPER,40,224,224,3,JPEG,26237
Image_2351,train/Image_2351.jpg,Image_2351.jpg,GREY HAIRSTREAK,34,224,224,3,JPEG,23561
Image_990,train/Image_990.jpg,Image_990.jpg,COMMON WOOD-NYMPH,21,224,224,3,JPEG,23648
Image_1178,train/Image_1178.jpg,Image_1178.jpg,PURPLISH COPPER,56,224,224,3,JPEG,28054
Image_2918,train/Image_2918.jpg,Image_2918.jpg,BANDED PEACOCK,7,224,224,3,JPEG,20840
Image_173,train/Image_173.jpg,Image_173.jpg,TROPICAL LEAFWING,68,224,224,3,JPEG,33333
Image_4028,train/Image_4028.jpg,Image_4028.jpg,PAPER KITE,50,224,224,3,JPEG,31234
Image_56,train/Image_56.jpg,Image_56.jpg,COPPER TAIL,22,224,224,3,JPEG,25885
Image_5893,train/Image_5893.jpg,Image_5893.jpg,ORCHARD SWALLOW,48,224,224,3,JPEG,26212
Image_3132,train/Image_3132.jpg,Image_3132.jpg,PAPER KITE,50,224,224,3,JPEG,37799
Image_2683,train/Image_2683.jpg,Image_2683.jpg,CRIMSON PATCH,24,224,224,3,JPEG,23762
Image_4415,train/Image_4415.jpg,Image_4415.jpg,ORANGE OAKLEAF,46,224,224,3,JPEG,27731
Image_3108,train/Image_3108.jpg,Image_3108.jpg,ADONIS,0,224,224,3,JPEG,25983
Image_2133,train/Image_2133.jpg,Image_2133.jpg,SOUTHERN DOGFACE,66,224,224,3,JPEG,23157
Image_6245,train/Image_6245.jpg,Image_6245.jpg,SCARCE SWALLOW,62,224,224,3,JPEG,31751
Image_265,train/Image_265.jpg,Image_265.jpg,MALACHITE,39,224,224,3,JPEG,25570
Image_5971,train/Image_5971.jpg,Image_5971.jpg,SOOTYWING,65,224,224,3,JPEG,25535
Image_4527,train/Image_4527.jpg,Image_4527.jpg,TWO BARRED FLASHER,69,224,224,3,JPEG,18710
Image_2049,train/Image_2049.jpg,Image_2049.jpg,MANGROVE SKIPPER,40,224,224,3,JPEG,23261
Image_5986,train/Image_5986.jpg,Image_5986.jpg,PURPLE HAIRSTREAK,55,224,224,3,JPEG,25297
Image_4638,train/Image_4638.jpg,Image_4638.jpg,PIPEVINE SWALLOW,53,224,224,3,JPEG,25366
Image_2559,train/Image_2559.jpg,Image_2559.jpg,QUESTION MARK,57,224,224,3,JPEG,37074
Image_5573,train/Image_5573.jpg,Image_5573.jpg,GREEN CELLED CATTLEHEART,33,224,224,3,JPEG,17314
Image_5089,train/Image_5089.jpg,Image_5089.jpg,GREEN CELLED CATTLEHEART,33,224,224,3,JPEG,30661
Image_3213,train/Image_3213.jpg,Image_3213.jpg,CLODIUS PARNASSIAN,18,224,224,3,JPEG,29662
Image_5895,train/Image_5895.jpg,Image_5895.jpg,MANGROVE SKIPPER,40,224,224,3,JPEG,26527
Image_3100,train/Image_3100.jpg,Image_3100.jpg,CABBAGE WHITE,13,224,224,3,JPEG,19759
Image_3456,train/Image_3456.jpg,Image_3456.jpg,CRECENT,23,224,224,3,JPEG,30134
Image_4261,train/Image_4261.jpg,Image_4261.jpg,IPHICLUS SISTER,36,224,224,3,JPEG,18550
Image_2148,train/Image_2148.jpg,Image_2148.jpg,EASTERN PINE ELFIN,28,224,224,3,JPEG,25571
Image_4598,train/Image_4598.jpg,Image_4598.jpg,RED ADMIRAL,58,224,224,3,JPEG,29787
Image_2121,train/Image_2121.jpg,Image_2121.jpg,MANGROVE SKIPPER,40,224,224,3,JPEG,17610
Image_3831,train/Image_3831.jpg,Image_3831.jpg,MANGROVE SKIPPER,40,224,224,3,JPEG,20233
Image_4499,train/Image_4499.jpg,Image_4499.jpg,BANDED PEACOCK,7,224,224,3,JPEG,30583
Image_5567,train/Image_5567.jpg,Image_5567.jpg,APPOLLO,4,224,224,3,JPEG,30540
Image_1324,train/Image_1324.jpg,Image_1324.jpg,PAPER KITE,50,224,224,3,JPEG,29390
Image_1160,train/Image_1160.jpg,Image_1160.jpg,CAIRNS BIRDWING,14,224,224,3,JPEG,27683
Image_676,train/Image_676.jpg,Image_676.jpg,JULIA,37,224,224,3,JPEG,28921
Image_1657,train/Image_1657.jpg,Image_1657.jpg,TROPICAL LEAFWING,68,224,224,3,JPEG,25731
Image_4076,train/Image_4076.jpg,Image_4076.jpg,COMMON BANDED AWL,20,224,224,3,JPEG,26982
Image_3668,train/Image_3668.jpg,Image_3668.jpg,INDRA SWALLOW,35,224,224,3,JPEG,29672
Image_5131,train/Image_5131.jpg,Image_5131.jpg,TWO BARRED FLASHER,69,224,224,3,JPEG,22191
Image_1056,train/Image_1056.jpg,Image_1056.jpg,JULIA,37,224,224,3,JPEG,24586
Image_5742,train/Image_5742.jpg,Image_5742.jpg,JULIA,37,224,224,3,JPEG,23677
Image_2591,train/Image_2591.jpg,Image_2591.jpg,BLUE SPOTTED CROW,11,224,224,3,JPEG,23861
Image_3908,train/Image_3908.jpg,Image_3908.jpg,VICEROY,71,224,224,3,JPEG,21738
Image_2518,train/Image_2518.jpg,Image_2518.jpg,RED SPOTTED PURPLE,61,224,224,3,JPEG,21881
Image_6434,train/Image_6434.jpg,Image_6434.jpg,POPINJAY,54,224,224,3,JPEG,18587
Image_2875,train/Image_2875.jpg,Image_2875.jpg,PIPEVINE SWALLOW,53,224,224,3,JPEG,24657
Image_6465,train/Image_6465.jpg,Image_6465.jpg,BANDED ORANGE HELICONIAN,6,224,224,3,JPEG,24493
Image_1725,train/Image_1725.jpg,Image_1725.jpg,INDRA SWALLOW,35,224,224,3,JPEG,31900
Image_3969,train/Image_3969.jpg,Image_3969.jpg,MANGROVE SKIPPER,40,224,224,3,JPEG,25263
Image_3280,train/Image_3280.jpg,Image_3280.jpg,CRECENT,23,224,224,3,JPEG,33271
Image_2297,train/Image_2297.jpg,Image_2297.jpg,CABBAGE WHITE,13,224,224,3,JPEG,18606
Image_2912,train/Image_2912.jpg,Image_2912.jpg,SCARCE SWALLOW,62,224,224,3,JPEG,29160
Image_3750,train/Image_3750.jpg,Image_3750.jpg,AFRICAN GIANT SWALLOWTAIL,1,224,224,3,JPEG,24983
Image_941,train/Image_941.jpg,Image_941.jpg,POPINJAY,54,224,224,3,JPEG,34783
Image_3958,train/Image_3958.jpg,Image_3958.jpg,SOUTHERN DOGFACE,66,224,224,3,JPEG,26102
Image_1227,train/Image_1227.jpg,Image_1227.jpg,CRECENT,23,224,224,3,JPEG,26095
Image_2126,train/Image_2126.jpg,Image_2126.jpg,PAINTED LADY,49,224,224,3,JPEG,20778
Image_5427,train/Image_5427.jpg,Image_5427.jpg,SILVER SPOT SKIPPER,63,224,224,3,JPEG,28443
Image_2980,train/Image_2980.jpg,Image_2980.jpg,RED ADMIRAL,58,224,224,3,JPEG,19229
Image_6266,train/Image_6266.jpg,Image_6266.jpg,RED SPOTTED PURPLE,61,224,224,3,JPEG,26682
Image_2452,train/Image_2452.jpg,Image_2452.jpg,POPINJAY,54,224,224,3,JPEG,23037
Image_5485,train/Image_5485.jpg,Image_5485.jpg,BECKERS WHITE,8,224,224,3,JPEG,34628
Image_1828,train/Image_1828.jpg,Image_1828.jpg,MALACHITE,39,224,224,3,JPEG,24819
Image_1851,train/Image_1851.jpg,Image_1851.jpg,CHECQUERED SKIPPER,15,224,224,3,JPEG,23014
Image_33,train/Image_33.jpg,Image_33.jpg,CAIRNS BIRDWING,14,224,224,3,JPEG,19973
Image_2464,train/Image_2464.jpg,Image_2464.jpg,MANGROVE SKIPPER,40,224,224,3,JPEG,20579
Image_5339,train/Image_5339.jpg,Image_5339.jpg,CLEOPATRA,17,224,224,3,JPEG,22931
Image_3150,train/Image_3150.jpg,Image_3150.jpg,PURPLE HAIRSTREAK,55,224,224,3,JPEG,29955
Image_1878,train/Image_1878.jpg,Image_1878.jpg,APPOLLO,4,224,224,3,JPEG,22576
Image_4428,train/Image_4428.jpg,Image_4428.jpg,PINE WHITE,52,224,224,3,JPEG,18322
Image_5628,train/Image_5628.jpg,Image_5628.jpg,CHESTNUT,16,224,224,3,JPEG,28794
Image_3641,train/Image_3641.jpg,Image_3641.jpg,BLUE MORPHO,10,224,224,3,JPEG,36273
Image_34,train/Image_34.jpg,Image_34.jpg,BLACK HAIRSTREAK,9,224,224,3,JPEG,30144
Image_4411,train/Image_4411.jpg,Image_4411.jpg,CHECQUERED SKIPPER,15,224,224,3,JPEG,31849
Image_85,train/Image_85.jpg,Image_85.jpg,QUESTION MARK,57,224,224,3,JPEG,27664
Image_2211,train/Image_2211.jpg,Image_2211.jpg,ORANGE OAKLEAF,46,224,224,3,JPEG,27447
Image_2542,train/Image_2542.jpg,Image_2542.jpg,BLUE SPOTTED CROW,11,224,224,3,JPEG,18067
Image_6463,train/Image_6463.jpg,Image_6463.jpg,ORANGE TIP,47,224,224,3,JPEG,21386
Image_1279,train/Image_1279.jpg,Image_1279.jpg,MESTRA,41,224,224,3,JPEG,14581
Image_2708,train/Image_2708.jpg,Image_2708.jpg,STRAITED QUEEN,67,224,224,3,JPEG,35007
Image_84,train/Image_84.jpg,Image_84.jpg,PAINTED LADY,49,224,224,3,JPEG,28375
Image_1289,train/Image_1289.jpg,Image_1289.jpg,EASTERN PINE ELFIN,28,224,224,3,JPEG,23599
Image_5747,train/Image_5747.jpg,Image_5747.jpg,ELBOWED PIERROT,29,224,224,3,JPEG,17028
Image_2172,train/Image_2172.jpg,Image_2172.jpg,AMERICAN SNOOT,2,224,224,3,JPEG,19669
Image_6299,train/Image_6299.jpg,Image_6299.jpg,RED ADMIRAL,58,224,224,3,JPEG,27544
Image_2284,train/Image_2284.jpg,Image_2284.jpg,AFRICAN GIANT SWALLOWTAIL,1,224,224,3,JPEG,30388
Image_1011,train/Image_1011.jpg,Image_1011.jpg,TWO BARRED FLASHER,69,224,224,3,JPEG,21646
Image_2685,train/Image_2685.jpg,Image_2685.jpg,BANDED PEACOCK,7,224,224,3,JPEG,25473
Image_5853,train/Image_5853.jpg,Image_5853.jpg,MOURNING CLOAK,45,224,224,3,JPEG,31621
Image_533,train/Image_533.jpg,Image_533.jpg,CHECQUERED SKIPPER,15,224,224,3,JPEG,31869
Image_5314,train/Image_5314.jpg,Image_5314.jpg,GREAT JAY,32,224,224,3,JPEG,29040
Image_1943,train/Image_1943.jpg,Image_1943.jpg,MILBERTS TORTOISESHELL,43,224,224,3,JPEG,36962
Image_835,train/Image_835.jpg,Image_835.jpg,CLEOPATRA,17,224,224,3,JPEG,19959
Image_2546,train/Image_2546.jpg,Image_2546.jpg,RED POSTMAN,60,224,224,3,JPEG,23621
Image_6426,train/Image_6426.jpg,Image_6426.jpg,MOURNING CLOAK,45,224,224,3,JPEG,38387
Image_1489,train/Image_1489.jpg,Image_1489.jpg,MOURNING CLOAK,45,224,224,3,JPEG,33345
Image_1013,train/Image_1013.jpg,Image_1013.jpg,AFRICAN GIANT SWALLOWTAIL,1,224,224,3,JPEG,17267
Image_6016,train/Image_6016.jpg,Image_6016.jpg,INDRA SWALLOW,35,224,224,3,JPEG,25808
Image_6138,train/Image_6138.jpg,Image_6138.jpg,EASTERN COMA,26,224,224,3,JPEG,30925
Image_3078,train/Image_3078.jpg,Image_3078.jpg,STRAITED QUEEN,67,224,224,3,JPEG,26376
Image_3576,train/Image_3576.jpg,Image_3576.jpg,VICEROY,71,224,224,3,JPEG,28340
Image_5851,train/Image_5851.jpg,Image_5851.jpg,DANAID EGGFLY,25,224,224,3,JPEG,24391
Image_1332,train/Image_1332.jpg,Image_1332.jpg,ATALA,5,224,224,3,JPEG,24957
Image_5147,train/Image_5147.jpg,Image_5147.jpg,AMERICAN SNOOT,2,224,224,3,JPEG,24741
Image_5543,train/Image_5543.jpg,Image_5543.jpg,SOOTYWING,65,224,224,3,JPEG,27323
Image_3110,train/Image_3110.jpg,Image_3110.jpg,EASTERN PINE ELFIN,28,224,224,3,JPEG,34920
Image_2858,train/Image_2858.jpg,Image_2858.jpg,PINE WHITE,52,224,224,3,JPEG,35882
Image_4051,train/Image_4051.jpg,Image_4051.jpg,CLEOPATRA,17,224,224,3,JPEG,17798
Image_6133,train/Image_6133.jpg,Image_6133.jpg,MILBERTS TORTOISESHELL,43,224,224,3,JPEG,25493
Image_3380,train/Image_3380.jpg,Image_3380.jpg,MANGROVE SKIPPER,40,224,224,3,JPEG,15813
Image_5153,train/Image_5153.jpg,Image_5153.jpg,ORANGE OAKLEAF,46,224,224,3,JPEG,22381
Image_2386,train/Image_2386.jpg,Image_2386.jpg,PURPLISH COPPER,56,224,224,3,JPEG,18743
Image_118,train/Image_118.jpg,Image_118.jpg,BECKERS WHITE,8,224,224,3,JPEG,26624
Image_2180,train/Image_2180.jpg,Image_2180.jpg,CHECQUERED SKIPPER,15,224,224,3,JPEG,18705
Image_6185,train/Image_6185.jpg,Image_6185.jpg,COMMON BANDED AWL,20,224,224,3,JPEG,17534
Image_5561,train/Image_5561.jpg,Image_5561.jpg,MILBERTS TORTOISESHELL,43,224,224,3,JPEG,20909
Image_3018,train/Image_3018.jpg,Image_3018.jpg,GREAT JAY,32,224,224,3,JPEG,16654
Image_797,train/Image_797.jpg,Image_797.jpg,ZEBRA LONG WING,74,224,224,3,JPEG,29607
Image_3453,train/Image_3453.jpg,Image_3453.jpg,COMMON BANDED AWL,20,224,224,3,JPEG,35826
Image_2762,train/Image_2762.jpg,Image_2762.jpg,AN 88,3,224,224,3,JPEG,24470
Image_743,train/Image_743.jpg,Image_743.jpg,METALMARK,42,224,224,3,JPEG,24003
Image_3089,train/Image_3089.jpg,Image_3089.jpg,GREY HAIRSTREAK,34,224,224,3,JPEG,20321
Image_2454,train/Image_2454.jpg,Image_2454.jpg,BANDED ORANGE HELICONIAN,6,224,224,3,JPEG,26580
Image_3808,train/Image_3808.jpg,Image_3808.jpg,COPPER TAIL,22,224,224,3,JPEG,22792
Image_2569,train/Image_2569.jpg,Image_2569.jpg,EASTERN PINE ELFIN,28,224,224,3,JPEG,28417
Image_6226,train/Image_6226.jpg,Image_6226.jpg,QUESTION MARK,57,224,224,3,JPEG,32854
Image_519,train/Image_519.jpg,Image_519.jpg,RED CRACKER,59,224,224,3,JPEG,25208
Image_3325,train/Image_3325.jpg,Image_3325.jpg,CHECQUERED SKIPPER,15,224,224,3,JPEG,31650
Image_1630,train/Image_1630.jpg,Image_1630.jpg,EASTERN COMA,26,224,224,3,JPEG,28324
Image_3694,train/Image_3694.jpg,Image_3694.jpg,YELLOW SWALLOW TAIL,73,224,224,3,JPEG,30534
Image_2067,train/Image_2067.jpg,Image_2067.jpg,CLODIUS PARNASSIAN,18,224,224,3,JPEG,24063
Image_2199,train/Image_2199.jpg,Image_2199.jpg,METALMARK,42,224,224,3,JPEG,21823
Image_1259,train/Image_1259.jpg,Image_1259.jpg,EASTERN DAPPLE WHITE,27,224,224,3,JPEG,25210
Image_1238,train/Image_1238.jpg,Image_1238.jpg,BLACK HAIRSTREAK,9,224,224,3,JPEG,27497
Image_5597,train/Image_5597.jpg,Image_5597.jpg,EASTERN PINE ELFIN,28,224,224,3,JPEG,23948
Image_1368,train/Image_1368.jpg,Image_1368.jpg,QUESTION MARK,57,224,224,3,JPEG,22529
Image_6279,train/Image_6279.jpg,Image_6279.jpg,ULYSES,70,224,224,3,JPEG,19250
Image_377,train/Image_377.jpg,Image_377.jpg,CLOUDED SULPHUR,19,224,224,3,JPEG,21583
Image_4362,train/Image_4362.jpg,Image_4362.jpg,CLEOPATRA,17,224,224,3,JPEG,25027
Image_3284,train/Image_3284.jpg,Image_3284.jpg,MONARCH,44,224,224,3,JPEG,28271
Image_4958,train/Image_4958.jpg,Image_4958.jpg,COPPER TAIL,22,224,224,3,JPEG,24054
Image_5632,train/Image_5632.jpg,Image_5632.jpg,CLEOPATRA,17,224,224,3,JPEG,25390
Image_3602,train/Image_3602.jpg,Image_3602.jpg,CHECQUERED SKIPPER,15,224,224,3,JPEG,28166
Image_4649,train/Image_4649.jpg,Image_4649.jpg,BANDED ORANGE HELICONIAN,6,224,224,3,JPEG,23350
Image_4343,train/Image_4343.jpg,Image_4343.jpg,CLOUDED SULPHUR,19,224,224,3,JPEG,25097
Image_76,train/Image_76.jpg,Image_76.jpg,PAPER KITE,50,224,224,3,JPEG,29364
Image_986,train/Image_986.jpg,Image_986.jpg,MALACHITE,39,224,224,3,JPEG,25043
Image_1120,train/Image_1120.jpg,Image_1120.jpg,AN 88,3,224,224,3,JPEG,30608
Image_5712,train/Image_5712.jpg,Image_5712.jpg,COMMON WOOD-NYMPH,21,224,224,3,JPEG,20973
Image_1505,train/Image_1505.jpg,Image_1505.jpg,PIPEVINE SWALLOW,53,224,224,3,JPEG,29764
Image_5502,train/Image_5502.jpg,Image_5502.jpg,MILBERTS TORTOISESHELL,43,224,224,3,JPEG,35219
Image_2904,train/Image_2904.jpg,Image_2904.jpg,CABBAGE WHITE,13,224,224,3,JPEG,22177
Image_5701,train/Image_5701.jpg,Image_5701.jpg,PIPEVINE SWALLOW,53,224,224,3,JPEG,30175
Image_681,train/Image_681.jpg,Image_681.jpg,STRAITED QUEEN,67,224,224,3,JPEG,27795
Image_5564,train/Image_5564.jpg,Image_5564.jpg,MOURNING CLOAK,45,224,224,3,JPEG,28491
Image_2332,train/Image_2332.jpg,Image_2332.jpg,SOUTHERN DOGFACE,66,224,224,3,JPEG,21276
Image_1202,train/Image_1202.jpg,Image_1202.jpg,BANDED ORANGE HELICONIAN,6,224,224,3,JPEG,28164
Image_810,train/Image_810.jpg,Image_810.jpg,GOLD BANDED,30,224,224,3,JPEG,20744
Image_5875,train/Image_5875.jpg,Image_5875.jpg,AMERICAN SNOOT,2,224,224,3,JPEG,22745
Image_1128,train/Image_1128.jpg,Image_1128.jpg,SILVER SPOT SKIPPER,63,224,224,3,JPEG,22574
Image_2488,train/Image_2488.jpg,Image_2488.jpg,ADONIS,0,224,224,3,JPEG,26364
Image_5635,train/Image_5635.jpg,Image_5635.jpg,METALMARK,42,224,224,3,JPEG,21250
Image_6013,train/Image_6013.jpg,Image_6013.jpg,BLUE SPOTTED CROW,11,224,224,3,JPEG,13228
Image_580,train/Image_580.jpg,Image_580.jpg,BECKERS WHITE,8,224,224,3,JPEG,26679
Image_4207,train/Image_4207.jpg,Image_4207.jpg,SILVER SPOT SKIPPER,63,224,224,3,JPEG,19057
Image_4724,train/Image_4724.jpg,Image_4724.jpg,APPOLLO,4,224,224,3,JPEG,30736
Image_2770,train/Image_2770.jpg,Image_2770.jpg,CAIRNS BIRDWING,14,224,224,3,JPEG,25974
Image_1882,train/Image_1882.jpg,Image_1882.jpg,AMERICAN SNOOT,2,224,224,3,JPEG,26649
Image_291,train/Image_291.jpg,Image_291.jpg,MANGROVE SKIPPER,40,224,224,3,JPEG,23483
Image_3460,train/Image_3460.jpg,Image_3460.jpg,BANDED ORANGE HELICONIAN,6,224,224,3,JPEG,18907
Image_68,train/Image_68.jpg,Image_68.jpg,RED ADMIRAL,58,224,224,3,JPEG,27226
Image_2946,train/Image_2946.jpg,Image_2946.jpg,CLOUDED SULPHUR,19,224,224,3,JPEG,24081
Image_4732,train/Image_4732.jpg,Image_4732.jpg,SOUTHERN DOGFACE,66,224,224,3,JPEG,21396
Image_803,train/Image_803.jpg,Image_803.jpg,ORCHARD SWALLOW,48,224,224,3,JPEG,27609
Image_3880,train/Image_3880.jpg,Image_3880.jpg,CRECENT,23,224,224,3,JPEG,50813
Image_1035,train/Image_1035.jpg,Image_1035.jpg,CAIRNS BIRDWING,14,224,224,3,JPEG,23763
Image_1473,train/Image_1473.jpg,Image_1473.jpg,BROWN SIPROETA,12,224,224,3,JPEG,27223
Image_2420,train/Image_2420.jpg,Image_2420.jpg,RED ADMIRAL,58,224,224,3,JPEG,25213
Image_1601,train/Image_1601.jpg,Image_1601.jpg,CHECQUERED SKIPPER,15,224,224,3,JPEG,23718
Image_4407,train/Image_4407.jpg,Image_4407.jpg,VICEROY,71,224,224,3,JPEG,26480
Image_79,train/Image_79.jpg,Image_79.jpg,ADONIS,0,224,224,3,JPEG,23043
Image_957,train/Image_957.jpg,Image_957.jpg,BANDED PEACOCK,7,224,224,3,JPEG,22823
Image_2413,train/Image_2413.jpg,Image_2413.jpg,PAPER KITE,50,224,224,3,JPEG,25523
Image_1338,train/Image_1338.jpg,Image_1338.jpg,METALMARK,42,224,224,3,JPEG,33332
Image_1362,train/Image_1362.jpg,Image_1362.jpg,ULYSES,70,224,224,3,JPEG,26561
Image_2449,train/Image_2449.jpg,Image_2449.jpg,SLEEPY ORANGE,64,224,224,3,JPEG,29831
Image_6118,train/Image_6118.jpg,Image_6118.jpg,SOOTYWING,65,224,224,3,JPEG,24234
Image_3055,train/Image_3055.jpg,Image_3055.jpg,BANDED PEACOCK,7,224,224,3,JPEG,32307
Image_3711,train/Image_3711.jpg,Image_3711.jpg,ORANGE TIP,47,224,224,3,JPEG,26644
Image_2159,train/Image_2159.jpg,Image_2159.jpg,ORCHARD SWALLOW,48,224,224,3,JPEG,36141
Image_2598,train/Image_2598.jpg,Image_2598.jpg,EASTERN COMA,26,224,224,3,JPEG,21739
Image_4055,train/Image_4055.jpg,Image_4055.jpg,CLEOPATRA,17,224,224,3,JPEG,24606
Image_5503,train/Image_5503.jpg,Image_5503.jpg,ORCHARD SWALLOW,48,224,224,3,JPEG,21026
Image_1547,train/Image_1547.jpg,Image_1547.jpg,COMMON WOOD-NYMPH,21,224,224,3,JPEG,24486
Image_6344,train/Image_6344.jpg,Image_6344.jpg,AN 88,3,224,224,3,JPEG,24477
Image_395,train/Image_395.jpg,Image_395.jpg,GREAT EGGFLY,31,224,224,3,JPEG,30797
Image_4085,train/Image_4085.jpg,Image_4085.jpg,PEACOCK,51,224,224,3,JPEG,33396
Image_4843,train/Image_4843.jpg,Image_4843.jpg,MALACHITE,39,224,224,3,JPEG,25785
Image_5019,train/Image_5019.jpg,Image_5019.jpg,MILBERTS TORTOISESHELL,43,224,224,3,JPEG,27883
Image_3426,train/Image_3426.jpg,Image_3426.jpg,ORCHARD SWALLOW,48,224,224,3,JPEG,23918
Image_5544,train/Image_5544.jpg,Image_5544.jpg,EASTERN COMA,26,224,224,3,JPEG,21718
Image_2139,train/Image_2139.jpg,Image_2139.jpg,DANAID EGGFLY,25,224,224,3,JPEG,22537
Image_1358,train/Image_1358.jpg,Image_1358.jpg,COMMON WOOD-NYMPH,21,224,224,3,JPEG,27681
Image_1180,train/Image_1180.jpg,Image_1180.jpg,ATALA,5,224,224,3,JPEG,26305
Image_1394,train/Image_1394.jpg,Image_1394.jpg,SLEEPY ORANGE,64,224,224,3,JPEG,21556
Image_3232,train/Image_3232.jpg,Image_3232.jpg,ULYSES,70,224,224,3,JPEG,30949
Image_304,train/Image_304.jpg,Image_304.jpg,APPOLLO,4,224,224,3,JPEG,27952
Image_1387,train/Image_1387.jpg,Image_1387.jpg,SILVER SPOT SKIPPER,63,224,224,3,JPEG,19005
Image_1818,train/Image_1818.jpg,Image_1818.jpg,SLEEPY ORANGE,64,224,224,3,JPEG,19718
Image_1478,train/Image_1478.jpg,Image_1478.jpg,SLEEPY ORANGE,64,224,224,3,JPEG,20352
Image_852,train/Image_852.jpg,Image_852.jpg,AFRICAN GIANT SWALLOWTAIL,1,224,224,3,JPEG,22796
Image_805,train/Image_805.jpg,Image_805.jpg,IPHICLUS SISTER,36,224,224,3,JPEG,25537
Image_1085,train/Image_1085.jpg,Image_1085.jpg,SOOTYWING,65,224,224,3,JPEG,27573
Image_2401,train/Image_2401.jpg,Image_2401.jpg,ADONIS,0,224,224,3,JPEG,35605
Image_150,train/Image_150.jpg,Image_150.jpg,ORANGE TIP,47,224,224,3,JPEG,18376
Image_5317,train/Image_5317.jpg,Image_5317.jpg,ULYSES,70,224,224,3,JPEG,24232
Image_3167,train/Image_3167.jpg,Image_3167.jpg,ORANGE OAKLEAF,46,224,224,3,JPEG,23164
Image_2012,train/Image_2012.jpg,Image_2012.jpg,IPHICLUS SISTER,36,224,224,3,JPEG,15543
Image_4361,train/Image_4361.jpg,Image_4361.jpg,MOURNING CLOAK,45,224,224,3,JPEG,24214
Image_2463,train/Image_2463.jpg,Image_2463.jpg,BLUE SPOTTED CROW,11,224,224,3,JPEG,20534
Image_106,train/Image_106.jpg,Image_106.jpg,DANAID EGGFLY,25,224,224,3,JPEG,23855
Image_4783,train/Image_4783.jpg,Image_4783.jpg,BROWN SIPROETA,12,224,224,3,JPEG,21487
Image_6394,train/Image_6394.jpg,Image_6394.jpg,ZEBRA LONG WING,74,224,224,3,JPEG,32964
Image_2883,train/Image_2883.jpg,Image_2883.jpg,BROWN SIPROETA,12,224,224,3,JPEG,35855
Image_3573,train/Image_3573.jpg,Image_3573.jpg,PURPLE HAIRSTREAK,55,224,224,3,JPEG,29436
Image_5928,train/Image_5928.jpg,Image_5928.jpg,ORANGE TIP,47,224,224,3,JPEG,16688
Image_5281,train/Image_5281.jpg,Image_5281.jpg,LARGE MARBLE,38,224,224,3,JPEG,16769
Image_2620,train/Image_2620.jpg,Image_2620.jpg,TWO BARRED FLASHER,69,224,224,3,JPEG,22760
Image_1676,train/Image_1676.jpg,Image_1676.jpg,BLACK HAIRSTREAK,9,224,224,3,JPEG,21012
Image_6122,train/Image_6122.jpg,Image_6122.jpg,BANDED ORANGE HELICONIAN,6,224,224,3,JPEG,25244
Image_4390,train/Image_4390.jpg,Image_4390.jpg,CRECENT,23,224,224,3,JPEG,27838
Image_1337,train/Image_1337.jpg,Image_1337.jpg,RED POSTMAN,60,224,224,3,JPEG,20876
Image_203,train/Image_203.jpg,Image_203.jpg,MANGROVE SKIPPER,40,224,224,3,JPEG,23109
Image_40,train/Image_40.jpg,Image_40.jpg,BLUE SPOTTED CROW,11,224,224,3,JPEG,19966
Image_1550,train/Image_1550.jpg,Image_1550.jpg,CRECENT,23,224,224,3,JPEG,30008
Image_978,train/Image_978.jpg,Image_978.jpg,QUESTION MARK,57,224,224,3,JPEG,22934
Image_4503,train/Image_4503.jpg,Image_4503.jpg,MANGROVE SKIPPER,40,224,224,3,JPEG,28248
Image_675,train/Image_675.jpg,Image_675.jpg,CHESTNUT,16,224,224,3,JPEG,23082
Image_2977,train/Image_2977.jpg,Image_2977.jpg,BLUE MORPHO,10,224,224,3,JPEG,27160
Image_4045,train/Image_4045.jpg,Image_4045.jpg,GREAT EGGFLY,31,224,224,3,JPEG,27556
Image_5188,train/Image_5188.jpg,Image_5188.jpg,ELBOWED PIERROT,29,224,224,3,JPEG,21045
Image_775,train/Image_775.jpg,Image_775.jpg,BLUE SPOTTED CROW,11,224,224,3,JPEG,21794
Image_5253,train/Image_5253.jpg,Image_5253.jpg,CLOUDED SULPHUR,19,224,224,3,JPEG,17440
Image_4701,train/Image_4701.jpg,Image_4701.jpg,SLEEPY ORANGE,64,224,224,3,JPEG,17358
Image_1443,train/Image_1443.jpg,Image_1443.jpg,PURPLE HAIRSTREAK,55,224,224,3,JPEG,32680
Image_3938,train/Image_3938.jpg,Image_3938.jpg,RED POSTMAN,60,224,224,3,JPEG,24114
Image_2337,train/Image_2337.jpg,Image_2337.jpg,GREAT EGGFLY,31,224,224,3,JPEG,28726
Image_865,train/Image_865.jpg,Image_865.jpg,MOURNING CLOAK,45,224,224,3,JPEG,27137
Image_4887,train/Image_4887.jpg,Image_4887.jpg,RED SPOTTED PURPLE,61,224,224,3,JPEG,29649
Image_2084,train/Image_2084.jpg,Image_2084.jpg,MONARCH,44,224,224,3,JPEG,25155
Image_259,train/Image_259.jpg,Image_259.jpg,ATALA,5,224,224,3,JPEG,27125
Image_397,train/Image_397.jpg,Image_397.jpg,MOURNING CLOAK,45,224,224,3,JPEG,32504
Image_352,train/Image_352.jpg,Image_352.jpg,GREAT JAY,32,224,224,3,JPEG,20336
Image_6067,train/Image_6067.jpg,Image_6067.jpg,GREAT JAY,32,224,224,3,JPEG,28229
Image_196,train/Image_196.jpg,Image_196.jpg,DANAID EGGFLY,25,224,224,3,JPEG,25396
Image_4717,train/Image_4717.jpg,Image_4717.jpg,PEACOCK,51,224,224,3,JPEG,29205
Image_1862,train/Image_1862.jpg,Image_1862.jpg,ORCHARD SWALLOW,48,224,224,3,JPEG,25790
Image_1778,train/Image_1778.jpg,Image_1778.jpg,JULIA,37,224,224,3,JPEG,23588
Image_5242,train/Image_5242.jpg,Image_5242.jpg,EASTERN PINE ELFIN,28,224,224,3,JPEG,27593
Image_3066,train/Image_3066.jpg,Image_3066.jpg,COMMON BANDED AWL,20,224,224,3,JPEG,21582
Image_4221,train/Image_4221.jpg,Image_4221.jpg,PAPER KITE,50,224,224,3,JPEG,33462
Image_1101,train/Image_1101.jpg,Image_1101.jpg,AN 88,3,224,224,3,JPEG,26705
Image_3477,train/Image_3477.jpg,Image_3477.jpg,ELBOWED PIERROT,29,224,224,3,JPEG,20099
Image_643,train/Image_643.jpg,Image_643.jpg,SOOTYWING,65,224,224,3,JPEG,25602
Image_4576,train/Image_4576.jpg,Image_4576.jpg,GREY HAIRSTREAK,34,224,224,3,JPEG,30393
Image_149,train/Image_149.jpg,Image_149.jpg,PURPLISH COPPER,56,224,224,3,JPEG,17290
Image_5615,train/Image_5615.jpg,Image_5615.jpg,SLEEPY ORANGE,64,224,224,3,JPEG,14586
Image_3792,train/Image_3792.jpg,Image_3792.jpg,GREEN CELLED CATTLEHEART,33,224,224,3,JPEG,22978
Image_1474,train/Image_1474.jpg,Image_1474.jpg,COMMON BANDED AWL,20,224,224,3,JPEG,14009
Image_1824,train/Image_1824.jpg,Image_1824.jpg,CAIRNS BIRDWING,14,224,224,3,JPEG,26447
Image_6229,train/Image_6229.jpg,Image_6229.jpg,MONARCH,44,224,224,3,JPEG,21323
Image_330,train/Image_330.jpg,Image_330.jpg,ADONIS,0,224,224,3,JPEG,24539
Image_2614,train/Image_2614.jpg,Image_2614.jpg,PIPEVINE SWALLOW,53,224,224,3,JPEG,29860
Image_3987,train/Image_3987.jpg,Image_3987.jpg,GREAT EGGFLY,31,224,224,3,JPEG,25423
Image_1552,train/Image_1552.jpg,Image_1552.jpg,BANDED ORANGE HELICONIAN,6,224,224,3,JPEG,17110
Image_1497,train/Image_1497.jpg,Image_1497.jpg,TWO BARRED FLASHER,69,224,224,3,JPEG,20356
Image_3797,train/Image_3797.jpg,Image_3797.jpg,SCARCE SWALLOW,62,224,224,3,JPEG,27404
Image_4046,train/Image_4046.jpg,Image_4046.jpg,BROWN SIPROETA,12,224,224,3,JPEG,26931
Image_5505,train/Image_5505.jpg,Image_5505.jpg,TROPICAL LEAFWING,68,224,224,3,JPEG,28752
Image_392,train/Image_392.jpg,Image_392.jpg,CHECQUERED SKIPPER,15,224,224,3,JPEG,25252
Image_328,train/Image_328.jpg,Image_328.jpg,LARGE MARBLE,38,224,224,3,JPEG,22104
Image_5144,train/Image_5144.jpg,Image_5144.jpg,ELBOWED PIERROT,29,224,224,3,JPEG,20414
Image_4811,train/Image_4811.jpg,Image_4811.jpg,GREEN CELLED CATTLEHEART,33,224,224,3,JPEG,32131
Image_3233,train/Image_3233.jpg,Image_3233.jpg,PAPER KITE,50,224,224,3,JPEG,33869
Image_2969,train/Image_2969.jpg,Image_2969.jpg,RED CRACKER,59,224,224,3,JPEG,23785
Image_5111,train/Image_5111.jpg,Image_5111.jpg,MALACHITE,39,224,224,3,JPEG,28485
Image_2044,train/Image_2044.jpg,Image_2044.jpg,EASTERN PINE ELFIN,28,224,224,3,JPEG,26613
Image_4401,train/Image_4401.jpg,Image_4401.jpg,BLUE MORPHO,10,224,224,3,JPEG,27498
Image_4183,train/Image_4183.jpg,Image_4183.jpg,EASTERN PINE ELFIN,28,224,224,3,JPEG,31495
Image_1937,train/Image_1937.jpg,Image_1937.jpg,ADONIS,0,224,224,3,JPEG,26099
Image_4193,train/Image_4193.jpg,Image_4193.jpg,GREAT JAY,32,224,224,3,JPEG,21367
Image_2950,train/Image_2950.jpg,Image_2950.jpg,MALACHITE,39,224,224,3,JPEG,19837
Image_213,train/Image_213.jpg,Image_213.jpg,COMMON BANDED AWL,20,224,224,3,JPEG,18160
Image_5906,train/Image_5906.jpg,Image_5906.jpg,SILVER SPOT SKIPPER,63,224,224,3,JPEG,21240
Image_3899,train/Image_3899.jpg,Image_3899.jpg,PEACOCK,51,224,224,3,JPEG,33031
Image_4830,train/Image_4830.jpg,Image_4830.jpg,COMMON BANDED AWL,20,224,224,3,JPEG,15432
Image_3104,train/Image_3104.jpg,Image_3104.jpg,ORANGE TIP,47,224,224,3,JPEG,24241
Image_937,train/Image_937.jpg,Image_937.jpg,IPHICLUS SISTER,36,224,224,3,JPEG,30844
Image_3789,train/Image_3789.jpg,Image_3789.jpg,MESTRA,41,224,224,3,JPEG,18027
Image_1784,train/Image_1784.jpg,Image_1784.jpg,COMMON WOOD-NYMPH,21,224,224,3,JPEG,23347
Image_4981,train/Image_4981.jpg,Image_4981.jpg,BANDED ORANGE HELICONIAN,6,224,224,3,JPEG,28944
Image_2742,train/Image_2742.jpg,Image_2742.jpg,APPOLLO,4,224,224,3,JPEG,29286
Image_4764,train/Image_4764.jpg,Image_4764.jpg,SOUTHERN DOGFACE,66,224,224,3,JPEG,22438
Image_4809,train/Image_4809.jpg,Image_4809.jpg,EASTERN DAPPLE WHITE,27,224,224,3,JPEG,22846
Image_6319,train/Image_6319.jpg,Image_6319.jpg,BECKERS WHITE,8,224,224,3,JPEG,26728
Image_5422,train/Image_5422.jpg,Image_5422.jpg,QUESTION MARK,57,224,224,3,JPEG,25655
Image_2175,train/Image_2175.jpg,Image_2175.jpg,SILVER SPOT SKIPPER,63,224,224,3,JPEG,25349
Image_1488,train/Image_1488.jpg,Image_1488.jpg,PAINTED LADY,49,224,224,3,JPEG,26189
Image_199,train/Image_199.jpg,Image_199.jpg,EASTERN PINE ELFIN,28,224,224,3,JPEG,29960
Image_626,train/Image_626.jpg,Image_626.jpg,COMMON WOOD-NYMPH,21,224,224,3,JPEG,20038
Image_843,train/Image_843.jpg,Image_843.jpg,PINE WHITE,52,224,224,3,JPEG,25598
Image_5645,train/Image_5645.jpg,Image_5645.jpg,GREAT EGGFLY,31,224,224,3,JPEG,29814
Image_2819,train/Image_2819.jpg,Image_2819.jpg,QUESTION MARK,57,224,224,3,JPEG,28427
Image_616,train/Image_616.jpg,Image_616.jpg,SILVER SPOT SKIPPER,63,224,224,3,JPEG,19318
Image_6022,train/Image_6022.jpg,Image_6022.jpg,APPOLLO,4,224,224,3,JPEG,26840
Image_4658,train/Image_4658.jpg,Image_4658.jpg,EASTERN PINE ELFIN,28,224,224,3,JPEG,21197
Image_1216,train/Image_1216.jpg,Image_1216.jpg,ULYSES,70,224,224,3,JPEG,34721
Image_2427,train/Image_2427.jpg,Image_2427.jpg,MONARCH,44,224,224,3,JPEG,26065
Image_2303,train/Image_2303.jpg,Image_2303.jpg,PINE WHITE,52,224,224,3,JPEG,18711
Image_3087,train/Image_3087.jpg,Image_3087.jpg,MESTRA,41,224,224,3,JPEG,18955
Image_4445,train/Image_4445.jpg,Image_4445.jpg,EASTERN PINE ELFIN,28,224,224,3,JPEG,20396
Image_2201,train/Image_2201.jpg,Image_2201.jpg,CLOUDED SULPHUR,19,224,224,3,JPEG,29228
Image_1465,train/Image_1465.jpg,Image_1465.jpg,APPOLLO,4,224,224,3,JPEG,28717
Image_208,train/Image_208.jpg,Image_208.jpg,METALMARK,42,224,224,3,JPEG,21805
Image_3419,train/Image_3419.jpg,Image_3419.jpg,BLUE SPOTTED CROW,11,224,224,3,JPEG,23970
Image_1713,train/Image_1713.jpg,Image_1713.jpg,SCARCE SWALLOW,62,224,224,3,JPEG,26536
Image_2529,train/Image_2529.jpg,Image_2529.jpg,BROWN SIPROETA,12,224,224,3,JPEG,23656
Image_4567,train/Image_4567.jpg,Image_4567.jpg,YELLOW SWALLOW TAIL,73,224,224,3,JPEG,31693
Image_5700,train/Image_5700.jpg,Image_5700.jpg,ULYSES,70,224,224,3,JPEG,23841
Image_5651,train/Image_5651.jpg,Image_5651.jpg,SLEEPY ORANGE,64,224,224,3,JPEG,17233
Image_1166,train/Image_1166.jpg,Image_1166.jpg,SLEEPY ORANGE,64,224,224,3,JPEG,24369
Image_3052,train/Image_3052.jpg,Image_3052.jpg,COMMON BANDED AWL,20,224,224,3,JPEG,14747
Image_879,train/Image_879.jpg,Image_879.jpg,MONARCH,44,224,224,3,JPEG,22682
Image_4803,train/Image_4803.jpg,Image_4803.jpg,IPHICLUS SISTER,36,224,224,3,JPEG,14426
Image_4129,train/Image_4129.jpg,Image_4129.jpg,MANGROVE SKIPPER,40,224,224,3,JPEG,18048
Image_2520,train/Image_2520.jpg,Image_2520.jpg,ADONIS,0,224,224,3,JPEG,22825
Image_919,train/Image_919.jpg,Image_919.jpg,SILVER SPOT SKIPPER,63,224,224,3,JPEG,26102
Image_5091,train/Image_5091.jpg,Image_5091.jpg,SOOTYWING,65,224,224,3,JPEG,18233
Image_3965,train/Image_3965.jpg,Image_3965.jpg,LARGE MARBLE,38,224,224,3,JPEG,25506
Image_564,train/Image_564.jpg,Image_564.jpg,BECKERS WHITE,8,224,224,3,JPEG,27924
Image_2293,train/Image_2293.jpg,Image_2293.jpg,LARGE MARBLE,38,224,224,3,JPEG,19207
Image_63,train/Image_63.jpg,Image_63.jpg,VICEROY,71,224,224,3,JPEG,33071
Image_3707,train/Image_3707.jpg,Image_3707.jpg,SCARCE SWALLOW,62,224,224,3,JPEG,24419
Image_4904,train/Image_4904.jpg,Image_4904.jpg,IPHICLUS SISTER,36,224,224,3,JPEG,17894
Image_6496,train/Image_6496.jpg,Image_6496.jpg,MOURNING CLOAK,45,224,224,3,JPEG,41725
Image_1031,train/Image_1031.jpg,Image_1031.jpg,BECKERS WHITE,8,224,224,3,JPEG,25308
Image_4409,train/Image_4409.jpg,Image_4409.jpg,TROPICAL LEAFWING,68,224,224,3,JPEG,20473
Image_3158,train/Image_3158.jpg,Image_3158.jpg,ULYSES,70,224,224,3,JPEG,30680
Image_2437,train/Image_2437.jpg,Image_2437.jpg,BROWN SIPROETA,12,224,224,3,JPEG,33521
Image_2974,train/Image_2974.jpg,Image_2974.jpg,CABBAGE WHITE,13,224,224,3,JPEG,27246
Image_3826,train/Image_3826.jpg,Image_3826.jpg,PIPEVINE SWALLOW,53,224,224,3,JPEG,19267
Image_2826,train/Image_2826.jpg,Image_2826.jpg,AFRICAN GIANT SWALLOWTAIL,1,224,224,3,JPEG,19174
Image_101,train/Image_101.jpg,Image_101.jpg,BECKERS WHITE,8,224,224,3,JPEG,24515
Image_2862,train/Image_2862.jpg,Image_2862.jpg,ZEBRA LONG WING,74,224,224,3,JPEG,25195
Image_78,train/Image_78.jpg,Image_78.jpg,TWO BARRED FLASHER,69,224,224,3,JPEG,23837
Image_5695,train/Image_5695.jpg,Image_5695.jpg,EASTERN PINE ELFIN,28,224,224,3,JPEG,32886
Image_1636,train/Image_1636.jpg,Image_1636.jpg,BLACK HAIRSTREAK,9,224,224,3,JPEG,28698
Image_3918,train/Image_3918.jpg,Image_3918.jpg,GREY HAIRSTREAK,34,224,224,3,JPEG,26083
Image_6030,train/Image_6030.jpg,Image_6030.jpg,BLUE SPOTTED CROW,11,224,224,3,JPEG,23002
Image_6330,train/Image_6330.jpg,Image_6330.jpg,GREAT JAY,32,224,224,3,JPEG,19033
Image_4174,train/Image_4174.jpg,Image_4174.jpg,DANAID EGGFLY,25,224,224,3,JPEG,24716
Image_3392,train/Image_3392.jpg,Image_3392.jpg,EASTERN COMA,26,224,224,3,JPEG,29704
Image_3148,train/Image_3148.jpg,Image_3148.jpg,EASTERN DAPPLE WHITE,27,224,224,3,JPEG,22336
Image_5018,train/Image_5018.jpg,Image_5018.jpg,ZEBRA LONG WING,74,224,224,3,JPEG,21178
Image_4484,train/Image_4484.jpg,Image_4484.jpg,SLEEPY ORANGE,64,224,224,3,JPEG,19885
Image_6489,train/Image_6489.jpg,Image_6489.jpg,SOUTHERN DOGFACE,66,224,224,3,JPEG,17388
Image_5405,train/Image_5405.jpg,Image_5405.jpg,COMMON WOOD-NYMPH,21,224,224,3,JPEG,30053
Image_1382,train/Image_1382.jpg,Image_1382.jpg,CABBAGE WHITE,13,224,224,3,JPEG,14601
Image_5146,train/Image_5146.jpg,Image_5146.jpg,WOOD SATYR,72,224,224,3,JPEG,28250
Image_869,train/Image_869.jpg,Image_869.jpg,IPHICLUS SISTER,36,224,224,3,JPEG,26329
Image_6171,train/Image_6171.jpg,Image_6171.jpg,RED ADMIRAL,58,224,224,3,JPEG,33669
Image_1050,train/Image_1050.jpg,Image_1050.jpg,COPPER TAIL,22,224,224,3,JPEG,30677
Image_2936,train/Image_2936.jpg,Image_2936.jpg,COMMON BANDED AWL,20,224,224,3,JPEG,24280
Image_3782,train/Image_3782.jpg,Image_3782.jpg,EASTERN DAPPLE WHITE,27,224,224,3,JPEG,18340
Image_1001,train/Image_1001.jpg,Image_1001.jpg,RED CRACKER,59,224,224,3,JPEG,35751
Image_6269,train/Image_6269.jpg,Image_6269.jpg,CABBAGE WHITE,13,224,224,3,JPEG,17725
Image_1838,train/Image_1838.jpg,Image_1838.jpg,SLEEPY ORANGE,64,224,224,3,JPEG,19704
Image_4253,train/Image_4253.jpg,Image_4253.jpg,MOURNING CLOAK,45,224,224,3,JPEG,32058
Image_5043,train/Image_5043.jpg,Image_5043.jpg,EASTERN DAPPLE WHITE,27,224,224,3,JPEG,22925
Image_3548,train/Image_3548.jpg,Image_3548.jpg,CLOUDED SULPHUR,19,224,224,3,JPEG,24824
Image_5612,train/Image_5612.jpg,Image_5612.jpg,BECKERS WHITE,8,224,224,3,JPEG,24298
Image_4335,train/Image_4335.jpg,Image_4335.jpg,MOURNING CLOAK,45,224,224,3,JPEG,32697
Image_2765,train/Image_2765.jpg,Image_2765.jpg,INDRA SWALLOW,35,224,224,3,JPEG,22155
Image_5775,train/Image_5775.jpg,Image_5775.jpg,GREEN CELLED CATTLEHEART,33,224,224,3,JPEG,25814
Image_3082,train/Image_3082.jpg,Image_3082.jpg,CLOUDED SULPHUR,19,224,224,3,JPEG,19506
Image_1033,train/Image_1033.jpg,Image_1033.jpg,GOLD BANDED,30,224,224,3,JPEG,28916
Image_3261,train/Image_3261.jpg,Image_3261.jpg,RED ADMIRAL,58,224,224,3,JPEG,32557
Image_5838,train/Image_5838.jpg,Image_5838.jpg,GREAT JAY,32,224,224,3,JPEG,20170
Image_1303,train/Image_1303.jpg,Image_1303.jpg,INDRA SWALLOW,35,224,224,3,JPEG,31725
Image_4170,train/Image_4170.jpg,Image_4170.jpg,MANGROVE SKIPPER,40,224,224,3,JPEG,17956
Image_2318,train/Image_2318.jpg,Image_2318.jpg,DANAID EGGFLY,25,224,224,3,JPEG,20227
Image_5416,train/Image_5416.jpg,Image_5416.jpg,APPOLLO,4,224,224,3,JPEG,28682
Image_407,train/Image_407.jpg,Image_407.jpg,ZEBRA LONG WING,74,224,224,3,JPEG,37724
Image_4601,train/Image_4601.jpg,Image_4601.jpg,MALACHITE,39,224,224,3,JPEG,20786
Image_3400,train/Image_3400.jpg,Image_3400.jpg,BANDED ORANGE HELICONIAN,6,224,224,3,JPEG,25640
Image_5344,train/Image_5344.jpg,Image_5344.jpg,BECKERS WHITE,8,224,224,3,JPEG,14440
Image_3741,train/Image_3741.jpg,Image_3741.jpg,CLEOPATRA,17,224,224,3,JPEG,18306
Image_5577,train/Image_5577.jpg,Image_5577.jpg,CHESTNUT,16,224,224,3,JPEG,25422
Image_3760,train/Image_3760.jpg,Image_3760.jpg,MONARCH,44,224,224,3,JPEG,26882
Image_4397,train/Image_4397.jpg,Image_4397.jpg,IPHICLUS SISTER,36,224,224,3,JPEG,17538
Image_1867,train/Image_1867.jpg,Image_1867.jpg,CLOUDED SULPHUR,19,224,224,3,JPEG,22154
Image_151,train/Image_151.jpg,Image_151.jpg,RED SPOTTED PURPLE,61,224,224,3,JPEG,27500
Image_1266,train/Image_1266.jpg,Image_1266.jpg,WOOD SATYR,72,224,224,3,JPEG,33823
Image_6235,train/Image_6235.jpg,Image_6235.jpg,EASTERN COMA,26,224,224,3,JPEG,20535
Image_751,train/Image_751.jpg,Image_751.jpg,PAPER KITE,50,224,224,3,JPEG,32284
Image_3162,train/Image_3162.jpg,Image_3162.jpg,AMERICAN SNOOT,2,224,224,3,JPEG,24230
Image_5530,train/Image_5530.jpg,Image_5530.jpg,SCARCE SWALLOW,62,224,224,3,JPEG,29547
Image_1263,train/Image_1263.jpg,Image_1263.jpg,VICEROY,71,224,224,3,JPEG,31305
Image_3147,train/Image_3147.jpg,Image_3147.jpg,RED POSTMAN,60,224,224,3,JPEG,24981
Image_5789,train/Image_5789.jpg,Image_5789.jpg,BANDED ORANGE HELICONIAN,6,224,224,3,JPEG,28421
Image_2628,train/Image_2628.jpg,Image_2628.jpg,CABBAGE WHITE,13,224,224,3,JPEG,23623
Image_4670,train/Image_4670.jpg,Image_4670.jpg,METALMARK,42,224,224,3,JPEG,29685
Image_2925,train/Image_2925.jpg,Image_2925.jpg,PAPER KITE,50,224,224,3,JPEG,34164
Image_4812,train/Image_4812.jpg,Image_4812.jpg,GREEN CELLED CATTLEHEART,33,224,224,3,JPEG,12734
Image_3589,train/Image_3589.jpg,Image_3589.jpg,CAIRNS BIRDWING,14,224,224,3,JPEG,21673
Image_66,train/Image_66.jpg,Image_66.jpg,APPOLLO,4,224,224,3,JPEG,29306
Image_359,train/Image_359.jpg,Image_359.jpg,MILBERTS TORTOISESHELL,43,224,224,3,JPEG,31023
Image_6178,train/Image_6178.jpg,Image_6178.jpg,CLODIUS PARNASSIAN,18,224,224,3,JPEG,24636
Image_4583,train/Image_4583.jpg,Image_4583.jpg,SLEEPY ORANGE,64,224,224,3,JPEG,29144
Image_4478,train/Image_4478.jpg,Image_4478.jpg,BLACK HAIRSTREAK,9,224,224,3,JPEG,29871
Image_485,train/Image_485.jpg,Image_485.jpg,RED CRACKER,59,224,224,3,JPEG,31849
Image_688,train/Image_688.jpg,Image_688.jpg,PEACOCK,51,224,224,3,JPEG,27898
Image_3164,train/Image_3164.jpg,Image_3164.jpg,ORANGE OAKLEAF,46,224,224,3,JPEG,33080
Image_6,train/Image_6.jpg,Image_6.jpg,CAIRNS BIRDWING,14,224,224,3,JPEG,24120
Image_3605,train/Image_3605.jpg,Image_3605.jpg,LARGE MARBLE,38,224,224,3,JPEG,21511
Image_4433,train/Image_4433.jpg,Image_4433.jpg,JULIA,37,224,224,3,JPEG,20738
Image_6019,train/Image_6019.jpg,Image_6019.jpg,COPPER TAIL,22,224,224,3,JPEG,27455
Image_6307,train/Image_6307.jpg,Image_6307.jpg,METALMARK,42,224,224,3,JPEG,21198
Image_3090,train/Image_3090.jpg,Image_3090.jpg,ULYSES,70,224,224,3,JPEG,21697
Image_1857,train/Image_1857.jpg,Image_1857.jpg,QUESTION MARK,57,224,224,3,JPEG,31417
Image_4787,train/Image_4787.jpg,Image_4787.jpg,BECKERS WHITE,8,224,224,3,JPEG,25487
Image_5798,train/Image_5798.jpg,Image_5798.jpg,RED ADMIRAL,58,224,224,3,JPEG,21624
Image_2446,train/Image_2446.jpg,Image_2446.jpg,COMMON BANDED AWL,20,224,224,3,JPEG,19487
Image_227,train/Image_227.jpg,Image_227.jpg,COPPER TAIL,22,224,224,3,JPEG,21364
Image_5336,train/Image_5336.jpg,Image_5336.jpg,RED SPOTTED PURPLE,61,224,224,3,JPEG,25036
Image_2032,train/Image_2032.jpg,Image_2032.jpg,JULIA,37,224,224,3,JPEG,33408
Image_1182,train/Image_1182.jpg,Image_1182.jpg,IPHICLUS SISTER,36,224,224,3,JPEG,21097
Image_2252,train/Image_2252.jpg,Image_2252.jpg,PINE WHITE,52,224,224,3,JPEG,25410
Image_4585,train/Image_4585.jpg,Image_4585.jpg,ORANGE OAKLEAF,46,224,224,3,JPEG,33293
Image_5354,train/Image_5354.jpg,Image_5354.jpg,BANDED ORANGE HELICONIAN,6,224,224,3,JPEG,22047
Image_1901,train/Image_1901.jpg,Image_1901.jpg,PAPER KITE,50,224,224,3,JPEG,31760
Image_3892,train/Image_3892.jpg,Image_3892.jpg,DANAID EGGFLY,25,224,224,3,JPEG,17197
Image_2011,train/Image_2011.jpg,Image_2011.jpg,ORANGE TIP,47,224,224,3,JPEG,15050
Image_3775,train/Image_3775.jpg,Image_3775.jpg,RED POSTMAN,60,224,224,3,JPEG,34133
Image_5730,train/Image_5730.jpg,Image_5730.jpg,CRIMSON PATCH,24,224,224,3,JPEG,21539
Image_5678,train/Image_5678.jpg,Image_5678.jpg,BANDED ORANGE HELICONIAN,6,224,224,3,JPEG,25162
Image_1758,train/Image_1758.jpg,Image_1758.jpg,RED SPOTTED PURPLE,61,224,224,3,JPEG,26627
Image_255,train/Image_255.jpg,Image_255.jpg,PURPLE HAIRSTREAK,55,224,224,3,JPEG,29060
Image_2957,train/Image_2957.jpg,Image_2957.jpg,EASTERN PINE ELFIN,28,224,224,3,JPEG,22647
Image_5991,train/Image_5991.jpg,Image_5991.jpg,CRIMSON PATCH,24,224,224,3,JPEG,20407
Image_198,train/Image_198.jpg,Image_198.jpg,SCARCE SWALLOW,62,224,224,3,JPEG,14500
Image_4961,train/Image_4961.jpg,Image_4961.jpg,SLEEPY ORANGE,64,224,224,3,JPEG,16590
Image_6213,train/Image_6213.jpg,Image_6213.jpg,DANAID EGGFLY,25,224,224,3,JPEG,18152
Image_6204,train/Image_6204.jpg,Image_6204.jpg,QUESTION MARK,57,224,224,3,JPEG,25326
Image_5754,train/Image_5754.jpg,Image_5754.jpg,STRAITED QUEEN,67,224,224,3,JPEG,27631
Image_2645,train/Image_2645.jpg,Image_2645.jpg,COPPER TAIL,22,224,224,3,JPEG,20918
Image_4549,train/Image_4549.jpg,Image_4549.jpg,BLACK HAIRSTREAK,9,224,224,3,JPEG,27182
Image_1072,train/Image_1072.jpg,Image_1072.jpg,VICEROY,71,224,224,3,JPEG,31818
Image_461,train/Image_461.jpg,Image_461.jpg,ADONIS,0,224,224,3,JPEG,32178
Image_3856,train/Image_3856.jpg,Image_3856.jpg,CHECQUERED SKIPPER,15,224,224,3,JPEG,29646
Image_5753,train/Image_5753.jpg,Image_5753.jpg,ZEBRA LONG WING,74,224,224,3,JPEG,24915
Image_4474,train/Image_4474.jpg,Image_4474.jpg,BLUE SPOTTED CROW,11,224,224,3,JPEG,26208
Image_1596,train/Image_1596.jpg,Image_1596.jpg,JULIA,37,224,224,3,JPEG,25595
Image_5870,train/Image_5870.jpg,Image_5870.jpg,ATALA,5,224,224,3,JPEG,25288
Image_3611,train/Image_3611.jpg,Image_3611.jpg,SLEEPY ORANGE,64,224,224,3,JPEG,31287
Image_4288,train/Image_4288.jpg,Image_4288.jpg,MILBERTS TORTOISESHELL,43,224,224,3,JPEG,26038
Image_6380,train/Image_6380.jpg,Image_6380.jpg,STRAITED QUEEN,67,224,224,3,JPEG,30878
Image_179,train/Image_179.jpg,Image_179.jpg,RED SPOTTED PURPLE,61,224,224,3,JPEG,34194
Image_4842,train/Image_4842.jpg,Image_4842.jpg,CLEOPATRA,17,224,224,3,JPEG,18586
Image_4709,train/Image_4709.jpg,Image_4709.jpg,ORANGE OAKLEAF,46,224,224,3,JPEG,26451
Image_5054,train/Image_5054.jpg,Image_5054.jpg,ATALA,5,224,224,3,JPEG,28858
Image_3550,train/Image_3550.jpg,Image_3550.jpg,QUESTION MARK,57,224,224,3,JPEG,29157
Image_4140,train/Image_4140.jpg,Image_4140.jpg,SOOTYWING,65,224,224,3,JPEG,29032
Image_3257,train/Image_3257.jpg,Image_3257.jpg,INDRA SWALLOW,35,224,224,3,JPEG,18524
Image_1413,train/Image_1413.jpg,Image_1413.jpg,CLODIUS PARNASSIAN,18,224,224,3,JPEG,28158
Image_1683,train/Image_1683.jpg,Image_1683.jpg,CAIRNS BIRDWING,14,224,224,3,JPEG,23467
Image_4072,train/Image_4072.jpg,Image_4072.jpg,ZEBRA LONG WING,74,224,224,3,JPEG,24383
Image_5805,train/Image_5805.jpg,Image_5805.jpg,WOOD SATYR,72,224,224,3,JPEG,24964
Image_3923,train/Image_3923.jpg,Image_3923.jpg,MONARCH,44,224,224,3,JPEG,29653
Image_3185,train/Image_3185.jpg,Image_3185.jpg,PURPLISH COPPER,56,224,224,3,JPEG,24100
Image_1860,train/Image_1860.jpg,Image_1860.jpg,CLEOPATRA,17,224,224,3,JPEG,26366
Image_711,train/Image_711.jpg,Image_711.jpg,AMERICAN SNOOT,2,224,224,3,JPEG,24354
Image_892,train/Image_892.jpg,Image_892.jpg,CRECENT,23,224,224,3,JPEG,32589
Image_3271,train/Image_3271.jpg,Image_3271.jpg,GREY HAIRSTREAK,34,224,224,3,JPEG,21031
Image_6001,train/Image_6001.jpg,Image_6001.jpg,MONARCH,44,224,224,3,JPEG,24295
Image_5285,train/Image_5285.jpg,Image_5285.jpg,CLEOPATRA,17,224,224,3,JPEG,14043
Image_1965,train/Image_1965.jpg,Image_1965.jpg,CHESTNUT,16,224,224,3,JPEG,32045
Image_3351,train/Image_3351.jpg,Image_3351.jpg,IPHICLUS SISTER,36,224,224,3,JPEG,15985
Image_1949,train/Image_1949.jpg,Image_1949.jpg,LARGE MARBLE,38,224,224,3,JPEG,30668
Image_1299,train/Image_1299.jpg,Image_1299.jpg,BECKERS WHITE,8,224,224,3,JPEG,16962
Image_5133,train/Image_5133.jpg,Image_5133.jpg,EASTERN PINE ELFIN,28,224,224,3,JPEG,27255
Image_2115,train/Image_2115.jpg,Image_2115.jpg,BLACK HAIRSTREAK,9,224,224,3,JPEG,25247
Image_1999,train/Image_1999.jpg,Image_1999.jpg,CRECENT,23,224,224,3,JPEG,30836
Image_1036,train/Image_1036.jpg,Image_1036.jpg,ZEBRA LONG WING,74,224,224,3,JPEG,23911
Image_3791,train/Image_3791.jpg,Image_3791.jpg,CABBAGE WHITE,13,224,224,3,JPEG,18199
Image_2141,train/Image_2141.jpg,Image_2141.jpg,PURPLE HAIRSTREAK,55,224,224,3,JPEG,28760
Image_3366,train/Image_3366.jpg,Image_3366.jpg,ORCHARD SWALLOW,48,224,224,3,JPEG,29147
Image_6220,train/Image_6220.jpg,Image_6220.jpg,MANGROVE SKIPPER,40,224,224,3,JPEG,18487
Image_4500,train/Image_4500.jpg,Image_4500.jpg,APPOLLO,4,224,224,3,JPEG,20923
Image_5892,train/Image_5892.jpg,Image_5892.jpg,VICEROY,71,224,224,3,JPEG,30121
Image_5157,train/Image_5157.jpg,Image_5157.jpg,PINE WHITE,52,224,224,3,JPEG,29577
Image_127,train/Image_127.jpg,Image_127.jpg,RED SPOTTED PURPLE,61,224,224,3,JPEG,26536
Image_1400,train/Image_1400.jpg,Image_1400.jpg,BANDED PEACOCK,7,224,224,3,JPEG,25370
Image_5074,train/Image_5074.jpg,Image_5074.jpg,SLEEPY ORANGE,64,224,224,3,JPEG,16566
Image_4590,train/Image_4590.jpg,Image_4590.jpg,BANDED PEACOCK,7,224,224,3,JPEG,22276
Image_440,train/Image_440.jpg,Image_440.jpg,EASTERN PINE ELFIN,28,224,224,3,JPEG,17472
Image_3391,train/Image_3391.jpg,Image_3391.jpg,TROPICAL LEAFWING,68,224,224,3,JPEG,28556
Image_1079,train/Image_1079.jpg,Image_1079.jpg,PIPEVINE SWALLOW,53,224,224,3,JPEG,23314
Image_2370,train/Image_2370.jpg,Image_2370.jpg,MILBERTS TORTOISESHELL,43,224,224,3,JPEG,25425
Image_2668,train/Image_2668.jpg,Image_2668.jpg,GREAT EGGFLY,31,224,224,3,JPEG,29965
Image_5979,train/Image_5979.jpg,Image_5979.jpg,CLOUDED SULPHUR,19,224,224,3,JPEG,24902
Image_1487,train/Image_1487.jpg,Image_1487.jpg,DANAID EGGFLY,25,224,224,3,JPEG,24735
Image_4750,train/Image_4750.jpg,Image_4750.jpg,WOOD SATYR,72,224,224,3,JPEG,23232
Image_3634,train/Image_3634.jpg,Image_3634.jpg,AFRICAN GIANT SWALLOWTAIL,1,224,224,3,JPEG,20139
Image_2615,train/Image_2615.jpg,Image_2615.jpg,INDRA SWALLOW,35,224,224,3,JPEG,34878
Image_2970,train/Image_2970.jpg,Image_2970.jpg,JULIA,37,224,224,3,JPEG,14814
Image_2083,train/Image_2083.jpg,Image_2083.jpg,ULYSES,70,224,224,3,JPEG,24327
Image_1745,train/Image_1745.jpg,Image_1745.jpg,AN 88,3,224,224,3,JPEG,26133
Image_4727,train/Image_4727.jpg,Image_4727.jpg,GREAT JAY,32,224,224,3,JPEG,24303
Image_2160,train/Image_2160.jpg,Image_2160.jpg,BLACK HAIRSTREAK,9,224,224,3,JPEG,23245
Image_3005,train/Image_3005.jpg,Image_3005.jpg,BANDED PEACOCK,7,224,224,3,JPEG,28124
Image_5273,train/Image_5273.jpg,Image_5273.jpg,METALMARK,42,224,224,3,JPEG,25515
Image_3157,train/Image_3157.jpg,Image_3157.jpg,CLOUDED SULPHUR,19,224,224,3,JPEG,20213
Image_5536,train/Image_5536.jpg,Image_5536.jpg,ATALA,5,224,224,3,JPEG,23148
Image_1412,train/Image_1412.jpg,Image_1412.jpg,ORANGE OAKLEAF,46,224,224,3,JPEG,25779
Image_566,train/Image_566.jpg,Image_566.jpg,SLEEPY ORANGE,64,224,224,3,JPEG,26530
Image_3476,train/Image_3476.jpg,Image_3476.jpg,STRAITED QUEEN,67,224,224,3,JPEG,33982
Image_3824,train/Image_3824.jpg,Image_3824.jpg,CHESTNUT,16,224,224,3,JPEG,19261
Image_759,train/Image_759.jpg,Image_759.jpg,APPOLLO,4,224,224,3,JPEG,15139
Image_5035,train/Image_5035.jpg,Image_5035.jpg,CRECENT,23,224,224,3,JPEG,26339
Image_4930,train/Image_4930.jpg,Image_4930.jpg,TWO BARRED FLASHER,69,224,224,3,JPEG,29314
Image_1939,train/Image_1939.jpg,Image_1939.jpg,POPINJAY,54,224,224,3,JPEG,31742
Image_1355,train/Image_1355.jpg,Image_1355.jpg,GREY HAIRSTREAK,34,224,224,3,JPEG,22765
Image_2382,train/Image_2382.jpg,Image_2382.jpg,SLEEPY ORANGE,64,224,224,3,JPEG,21474
Image_4628,train/Image_4628.jpg,Image_4628.jpg,PAINTED LADY,49,224,224,3,JPEG,30440
Image_2722,train/Image_2722.jpg,Image_2722.jpg,ADONIS,0,224,224,3,JPEG,25763
Image_2095,train/Image_2095.jpg,Image_2095.jpg,BLUE MORPHO,10,224,224,3,JPEG,18471
Image_67,train/Image_67.jpg,Image_67.jpg,MANGROVE SKIPPER,40,224,224,3,JPEG,22732
Image_2632,train/Image_2632.jpg,Image_2632.jpg,RED ADMIRAL,58,224,224,3,JPEG,23738
Image_4589,train/Image_4589.jpg,Image_4589.jpg,PAINTED LADY,49,224,224,3,JPEG,39541
Image_446,train/Image_446.jpg,Image_446.jpg,PURPLE HAIRSTREAK,55,224,224,3,JPEG,30226
Image_3103,train/Image_3103.jpg,Image_3103.jpg,PURPLISH COPPER,56,224,224,3,JPEG,24700
Image_4641,train/Image_4641.jpg,Image_4641.jpg,CHESTNUT,16,224,224,3,JPEG,37924
Image_4968,train/Image_4968.jpg,Image_4968.jpg,MONARCH,44,224,224,3,JPEG,36188
Image_6052,train/Image_6052.jpg,Image_6052.jpg,CLODIUS PARNASSIAN,18,224,224,3,JPEG,21158
Image_2854,train/Image_2854.jpg,Image_2854.jpg,ORANGE TIP,47,224,224,3,JPEG,26823
Image_619,train/Image_619.jpg,Image_619.jpg,SCARCE SWALLOW,62,224,224,3,JPEG,27956
Image_2692,train/Image_2692.jpg,Image_2692.jpg,COMMON BANDED AWL,20,224,224,3,JPEG,15319
Image_5973,train/Image_5973.jpg,Image_5973.jpg,PEACOCK,51,224,224,3,JPEG,25898
Image_1439,train/Image_1439.jpg,Image_1439.jpg,TROPICAL LEAFWING,68,224,224,3,JPEG,21676
Image_912,train/Image_912.jpg,Image_912.jpg,PINE WHITE,52,224,224,3,JPEG,27100
Image_5185,train/Image_5185.jpg,Image_5185.jpg,COPPER TAIL,22,224,224,3,JPEG,24402
Image_6205,train/Image_6205.jpg,Image_6205.jpg,ZEBRA LONG WING,74,224,224,3,JPEG,18405
Image_2156,train/Image_2156.jpg,Image_2156.jpg,CRECENT,23,224,224,3,JPEG,31861
Image_901,train/Image_901.jpg,Image_901.jpg,ADONIS,0,224,224,3,JPEG,25649
Image_4175,train/Image_4175.jpg,Image_4175.jpg,GOLD BANDED,30,224,224,3,JPEG,21134
Image_3330,train/Image_3330.jpg,Image_3330.jpg,BANDED ORANGE HELICONIAN,6,224,224,3,JPEG,26347
Image_4186,train/Image_4186.jpg,Image_4186.jpg,SILVER SPOT SKIPPER,63,224,224,3,JPEG,19318
Image_3240,train/Image_3240.jpg,Image_3240.jpg,CLODIUS PARNASSIAN,18,224,224,3,JPEG,29316
Image_4715,train/Image_4715.jpg,Image_4715.jpg,SILVER SPOT SKIPPER,63,224,224,3,JPEG,20572
Image_4972,train/Image_4972.jpg,Image_4972.jpg,MALACHITE,39,224,224,3,JPEG,26611
Image_1518,train/Image_1518.jpg,Image_1518.jpg,BANDED ORANGE HELICONIAN,6,224,224,3,JPEG,32372
Image_760,train/Image_760.jpg,Image_760.jpg,METALMARK,42,224,224,3,JPEG,22991
Image_3624,train/Image_3624.jpg,Image_3624.jpg,BANDED PEACOCK,7,224,224,3,JPEG,20621
Image_2802,train/Image_2802.jpg,Image_2802.jpg,LARGE MARBLE,38,224,224,3,JPEG,26703
Image_4537,train/Image_4537.jpg,Image_4537.jpg,GOLD BANDED,30,224,224,3,JPEG,31088
Image_3394,train/Image_3394.jpg,Image_3394.jpg,SOOTYWING,65,224,224,3,JPEG,27000
Image_2649,train/Image_2649.jpg,Image_2649.jpg,MILBERTS TORTOISESHELL,43,224,224,3,JPEG,20196
Image_6425,train/Image_6425.jpg,Image_6425.jpg,BANDED ORANGE HELICONIAN,6,224,224,3,JPEG,21270
Image_2319,train/Image_2319.jpg,Image_2319.jpg,CRECENT,23,224,224,3,JPEG,29779
Image_3032,train/Image_3032.jpg,Image_3032.jpg,COMMON WOOD-NYMPH,21,224,224,3,JPEG,21752
Image_1794,train/Image_1794.jpg,Image_1794.jpg,SOUTHERN DOGFACE,66,224,224,3,JPEG,23394
Image_3247,train/Image_3247.jpg,Image_3247.jpg,EASTERN COMA,26,224,224,3,JPEG,34034
Image_5058,train/Image_5058.jpg,Image_5058.jpg,DANAID EGGFLY,25,224,224,3,JPEG,14911
Image_3088,train/Image_3088.jpg,Image_3088.jpg,PURPLISH COPPER,56,224,224,3,JPEG,25399
Image_2641,train/Image_2641.jpg,Image_2641.jpg,CHESTNUT,16,224,224,3,JPEG,32550
Image_3405,train/Image_3405.jpg,Image_3405.jpg,SILVER SPOT SKIPPER,63,224,224,3,JPEG,30084
Image_2657,train/Image_2657.jpg,Image_2657.jpg,PIPEVINE SWALLOW,53,224,224,3,JPEG,28458
Image_1972,train/Image_1972.jpg,Image_1972.jpg,ATALA,5,224,224,3,JPEG,19015
Image_4982,train/Image_4982.jpg,Image_4982.jpg,ORANGE TIP,47,224,224,3,JPEG,26208
Image_1243,train/Image_1243.jpg,Image_1243.jpg,TWO BARRED FLASHER,69,224,224,3,JPEG,27261
Image_887,train/Image_887.jpg,Image_887.jpg,PINE WHITE,52,224,224,3,JPEG,24743
Image_993,train/Image_993.jpg,Image_993.jpg,TROPICAL LEAFWING,68,224,224,3,JPEG,28995
Image_3682,train/Image_3682.jpg,Image_3682.jpg,AMERICAN SNOOT,2,224,224,3,JPEG,23811
Image_1789,train/Image_1789.jpg,Image_1789.jpg,GREAT JAY,32,224,224,3,JPEG,21560
Image_782,train/Image_782.jpg,Image_782.jpg,ORANGE TIP,47,224,224,3,JPEG,21015
Image_5088,train/Image_5088.jpg,Image_5088.jpg,ATALA,5,224,224,3,JPEG,18533
Image_3466,train/Image_3466.jpg,Image_3466.jpg,BANDED ORANGE HELICONIAN,6,224,224,3,JPEG,26229
Image_542,train/Image_542.jpg,Image_542.jpg,GREAT JAY,32,224,224,3,JPEG,12610
Image_4821,train/Image_4821.jpg,Image_4821.jpg,SILVER SPOT SKIPPER,63,224,224,3,JPEG,18644
Image_5151,train/Image_5151.jpg,Image_5151.jpg,CLOUDED SULPHUR,19,224,224,3,JPEG,19293
Image_5204,train/Image_5204.jpg,Image_5204.jpg,SLEEPY ORANGE,64,224,224,3,JPEG,17174
Image_707,train/Image_707.jpg,Image_707.jpg,CLOUDED SULPHUR,19,224,224,3,JPEG,23630
Image_5575,train/Image_5575.jpg,Image_5575.jpg,GREAT JAY,32,224,224,3,JPEG,15427
Image_1113,train/Image_1113.jpg,Image_1113.jpg,PINE WHITE,52,224,224,3,JPEG,21658
Image_652,train/Image_652.jpg,Image_652.jpg,PURPLE HAIRSTREAK,55,224,224,3,JPEG,23448
Image_1434,train/Image_1434.jpg,Image_1434.jpg,WOOD SATYR,72,224,224,3,JPEG,24511
Image_840,train/Image_840.jpg,Image_840.jpg,IPHICLUS SISTER,36,224,224,3,JPEG,23838
Image_2554,train/Image_2554.jpg,Image_2554.jpg,BROWN SIPROETA,12,224,224,3,JPEG,28392
Image_5708,train/Image_5708.jpg,Image_5708.jpg,PINE WHITE,52,224,224,3,JPEG,18823
Image_1326,train/Image_1326.jpg,Image_1326.jpg,SOUTHERN DOGFACE,66,224,224,3,JPEG,20282
Image_131,train/Image_131.jpg,Image_131.jpg,INDRA SWALLOW,35,224,224,3,JPEG,22831
Image_2441,train/Image_2441.jpg,Image_2441.jpg,ZEBRA LONG WING,74,224,224,3,JPEG,19176
Image_6100,train/Image_6100.jpg,Image_6100.jpg,IPHICLUS SISTER,36,224,224,3,JPEG,21250
Image_2336,train/Image_2336.jpg,Image_2336.jpg,APPOLLO,4,224,224,3,JPEG,26083
Image_180,train/Image_180.jpg,Image_180.jpg,PAINTED LADY,49,224,224,3,JPEG,29182
Image_4405,train/Image_4405.jpg,Image_4405.jpg,COMMON BANDED AWL,20,224,224,3,JPEG,15193
Image_3077,train/Image_3077.jpg,Image_3077.jpg,PEACOCK,51,224,224,3,JPEG,29731
Image_589,train/Image_589.jpg,Image_589.jpg,ZEBRA LONG WING,74,224,224,3,JPEG,26765
Image_1405,train/Image_1405.jpg,Image_1405.jpg,CAIRNS BIRDWING,14,224,224,3,JPEG,22478
Image_5207,train/Image_5207.jpg,Image_5207.jpg,SOOTYWING,65,224,224,3,JPEG,24185
Image_842,train/Image_842.jpg,Image_842.jpg,ELBOWED PIERROT,29,224,224,3,JPEG,23644
Image_4733,train/Image_4733.jpg,Image_4733.jpg,AFRICAN GIANT SWALLOWTAIL,1,224,224,3,JPEG,35406
Image_787,train/Image_787.jpg,Image_787.jpg,TROPICAL LEAFWING,68,224,224,3,JPEG,24955
Image_4212,train/Image_4212.jpg,Image_4212.jpg,MOURNING CLOAK,45,224,224,3,JPEG,40605
Image_1613,train/Image_1613.jpg,Image_1613.jpg,COMMON BANDED AWL,20,224,224,3,JPEG,16008
Image_6168,train/Image_6168.jpg,Image_6168.jpg,SOOTYWING,65,224,224,3,JPEG,27912
Image_2812,train/Image_2812.jpg,Image_2812.jpg,TROPICAL LEAFWING,68,224,224,3,JPEG,27584
Image_5011,train/Image_5011.jpg,Image_5011.jpg,MALACHITE,39,224,224,3,JPEG,23268
Image_4542,train/Image_4542.jpg,Image_4542.jpg,INDRA SWALLOW,35,224,224,3,JPEG,25470
Image_4483,train/Image_4483.jpg,Image_4483.jpg,MESTRA,41,224,224,3,JPEG,23199
Image_5360,train/Image_5360.jpg,Image_5360.jpg,EASTERN PINE ELFIN,28,224,224,3,JPEG,27904
Image_3664,train/Image_3664.jpg,Image_3664.jpg,BLUE MORPHO,10,224,224,3,JPEG,20461
Image_6023,train/Image_6023.jpg,Image_6023.jpg,PIPEVINE SWALLOW,53,224,224,3,JPEG,26320
Image_5028,train/Image_5028.jpg,Image_5028.jpg,MALACHITE,39,224,224,3,JPEG,18099
Image_6357,train/Image_6357.jpg,Image_6357.jpg,IPHICLUS SISTER,36,224,224,3,JPEG,19183
Image_3666,train/Image_3666.jpg,Image_3666.jpg,AN 88,3,224,224,3,JPEG,23160
Image_2661,train/Image_2661.jpg,Image_2661.jpg,PURPLISH COPPER,56,224,224,3,JPEG,19565
Image_5592,train/Image_5592.jpg,Image_5592.jpg,BLACK HAIRSTREAK,9,224,224,3,JPEG,27837
Image_2275,train/Image_2275.jpg,Image_2275.jpg,ADONIS,0,224,224,3,JPEG,21440
Image_5715,train/Image_5715.jpg,Image_5715.jpg,ELBOWED PIERROT,29,224,224,3,JPEG,22957
Image_1336,train/Image_1336.jpg,Image_1336.jpg,COMMON BANDED AWL,20,224,224,3,JPEG,17160
Image_1003,train/Image_1003.jpg,Image_1003.jpg,GOLD BANDED,30,224,224,3,JPEG,24414
Image_934,train/Image_934.jpg,Image_934.jpg,CAIRNS BIRDWING,14,224,224,3,JPEG,29582
Image_3169,train/Image_3169.jpg,Image_3169.jpg,STRAITED QUEEN,67,224,224,3,JPEG,28214
Image_1727,train/Image_1727.jpg,Image_1727.jpg,RED SPOTTED PURPLE,61,224,224,3,JPEG,34114
Image_3885,train/Image_3885.jpg,Image_3885.jpg,YELLOW SWALLOW TAIL,73,224,224,3,JPEG,24133
Image_971,train/Image_971.jpg,Image_971.jpg,DANAID EGGFLY,25,224,224,3,JPEG,21153
Image_1500,train/Image_1500.jpg,Image_1500.jpg,BLACK HAIRSTREAK,9,224,224,3,JPEG,24511
Image_3934,train/Image_3934.jpg,Image_3934.jpg,VICEROY,71,224,224,3,JPEG,23047
Image_4800,train/Image_4800.jpg,Image_4800.jpg,CAIRNS BIRDWING,14,224,224,3,JPEG,27583
Image_2244,train/Image_2244.jpg,Image_2244.jpg,METALMARK,42,224,224,3,JPEG,32530
Image_4818,train/Image_4818.jpg,Image_4818.jpg,VICEROY,71,224,224,3,JPEG,29884
Image_102,train/Image_102.jpg,Image_102.jpg,RED SPOTTED PURPLE,61,224,224,3,JPEG,26891
Image_531,train/Image_531.jpg,Image_531.jpg,ULYSES,70,224,224,3,JPEG,31955
Image_393,train/Image_393.jpg,Image_393.jpg,CLODIUS PARNASSIAN,18,224,224,3,JPEG,28224
Image_3685,train/Image_3685.jpg,Image_3685.jpg,AFRICAN GIANT SWALLOWTAIL,1,224,224,3,JPEG,23252
Image_1081,train/Image_1081.jpg,Image_1081.jpg,PURPLE HAIRSTREAK,55,224,224,3,JPEG,23606
Image_5081,train/Image_5081.jpg,Image_5081.jpg,MOURNING CLOAK,45,224,224,3,JPEG,34623
Image_409,train/Image_409.jpg,Image_409.jpg,MONARCH,44,224,224,3,JPEG,26604
Image_3094,train/Image_3094.jpg,Image_3094.jpg,MONARCH,44,224,224,3,JPEG,21060
Image_815,train/Image_815.jpg,Image_815.jpg,GREAT JAY,32,224,224,3,JPEG,21392
Image_99,train/Image_99.jpg,Image_99.jpg,CABBAGE WHITE,13,224,224,3,JPEG,20093
Image_2070,train/Image_2070.jpg,Image_2070.jpg,EASTERN COMA,26,224,224,3,JPEG,29767
Image_4722,train/Image_4722.jpg,Image_4722.jpg,ORANGE TIP,47,224,224,3,JPEG,22227
Image_4311,train/Image_4311.jpg,Image_4311.jpg,PAINTED LADY,49,224,224,3,JPEG,14302
Image_1354,train/Image_1354.jpg,Image_1354.jpg,SCARCE SWALLOW,62,224,224,3,JPEG,30307
Image_1398,train/Image_1398.jpg,Image_1398.jpg,PURPLISH COPPER,56,224,224,3,JPEG,17773
Image_4543,train/Image_4543.jpg,Image_4543.jpg,INDRA SWALLOW,35,224,224,3,JPEG,23335
Image_95,train/Image_95.jpg,Image_95.jpg,CRIMSON PATCH,24,224,224,3,JPEG,25913
Image_2436,train/Image_2436.jpg,Image_2436.jpg,ZEBRA LONG WING,74,224,224,3,JPEG,25735
Image_1819,train/Image_1819.jpg,Image_1819.jpg,PEACOCK,51,224,224,3,JPEG,25110
Image_4179,train/Image_4179.jpg,Image_4179.jpg,WOOD SATYR,72,224,224,3,JPEG,24398
Image_4227,train/Image_4227.jpg,Image_4227.jpg,MONARCH,44,224,224,3,JPEG,26126
Image_6261,train/Image_6261.jpg,Image_6261.jpg,GREY HAIRSTREAK,34,224,224,3,JPEG,24386
Image_3815,train/Image_3815.jpg,Image_3815.jpg,IPHICLUS SISTER,36,224,224,3,JPEG,17284
Image_4838,train/Image_4838.jpg,Image_4838.jpg,GREY HAIRSTREAK,34,224,224,3,JPEG,22630
Image_4907,train/Image_4907.jpg,Image_4907.jpg,RED ADMIRAL,58,224,224,3,JPEG,20500
Image_3853,train/Image_3853.jpg,Image_3853.jpg,PAINTED LADY,49,224,224,3,JPEG,34252
Image_4757,train/Image_4757.jpg,Image_4757.jpg,AFRICAN GIANT SWALLOWTAIL,1,224,224,3,JPEG,20379
Image_1484,train/Image_1484.jpg,Image_1484.jpg,STRAITED QUEEN,67,224,224,3,JPEG,32758
Image_820,train/Image_820.jpg,Image_820.jpg,GREEN CELLED CATTLEHEART,33,224,224,3,JPEG,19369
Image_3999,train/Image_3999.jpg,Image_3999.jpg,SLEEPY ORANGE,64,224,224,3,JPEG,13382
Image_1147,train/Image_1147.jpg,Image_1147.jpg,AMERICAN SNOOT,2,224,224,3,JPEG,31790
Image_5486,train/Image_5486.jpg,Image_5486.jpg,GOLD BANDED,30,224,224,3,JPEG,26243
Image_4735,train/Image_4735.jpg,Image_4735.jpg,AFRICAN GIANT SWALLOWTAIL,1,224,224,3,JPEG,44613
Image_5177,train/Image_5177.jpg,Image_5177.jpg,ZEBRA LONG WING,74,224,224,3,JPEG,23732
Image_2157,train/Image_2157.jpg,Image_2157.jpg,BLUE SPOTTED CROW,11,224,224,3,JPEG,16526
Image_455,train/Image_455.jpg,Image_455.jpg,CLODIUS PARNASSIAN,18,224,224,3,JPEG,26282
Image_3852,train/Image_3852.jpg,Image_3852.jpg,EASTERN DAPPLE WHITE,27,224,224,3,JPEG,20313
Image_6327,train/Image_6327.jpg,Image_6327.jpg,RED ADMIRAL,58,224,224,3,JPEG,28748
Image_3230,train/Image_3230.jpg,Image_3230.jpg,SLEEPY ORANGE,64,224,224,3,JPEG,15135
Image_2847,train/Image_2847.jpg,Image_2847.jpg,MESTRA,41,224,224,3,JPEG,17769
Image_1194,train/Image_1194.jpg,Image_1194.jpg,EASTERN COMA,26,224,224,3,JPEG,32327
Image_3906,train/Image_3906.jpg,Image_3906.jpg,LARGE MARBLE,38,224,224,3,JPEG,22643
Image_5956,train/Image_5956.jpg,Image_5956.jpg,INDRA SWALLOW,35,224,224,3,JPEG,33006
Image_5947,train/Image_5947.jpg,Image_5947.jpg,SILVER SPOT SKIPPER,63,224,224,3,JPEG,25396
Image_1719,train/Image_1719.jpg,Image_1719.jpg,CLODIUS PARNASSIAN,18,224,224,3,JPEG,30758
Image_2405,train/Image_2405.jpg,Image_2405.jpg,MONARCH,44,224,224,3,JPEG,35420
Image_4421,train/Image_4421.jpg,Image_4421.jpg,COMMON WOOD-NYMPH,21,224,224,3,JPEG,20695
Image_2331,train/Image_2331.jpg,Image_2331.jpg,BLUE MORPHO,10,224,224,3,JPEG,23742
Image_1514,train/Image_1514.jpg,Image_1514.jpg,AMERICAN SNOOT,2,224,224,3,JPEG,25563
Image_226,train/Image_226.jpg,Image_226.jpg,GREAT EGGFLY,31,224,224,3,JPEG,18937
Image_4977,train/Image_4977.jpg,Image_4977.jpg,PEACOCK,51,224,224,3,JPEG,25533
Image_5206,train/Image_5206.jpg,Image_5206.jpg,IPHICLUS SISTER,36,224,224,3,JPEG,18440
Image_1112,train/Image_1112.jpg,Image_1112.jpg,COMMON BANDED AWL,20,224,224,3,JPEG,18480
Image_3292,train/Image_3292.jpg,Image_3292.jpg,CRIMSON PATCH,24,224,224,3,JPEG,21753
Image_2716,train/Image_2716.jpg,Image_2716.jpg,STRAITED QUEEN,67,224,224,3,JPEG,23767
Image_827,train/Image_827.jpg,Image_827.jpg,ULYSES,70,224,224,3,JPEG,27355
Image_211,train/Image_211.jpg,Image_211.jpg,MILBERTS TORTOISESHELL,43,224,224,3,JPEG,34913
Image_2933,train/Image_2933.jpg,Image_2933.jpg,RED SPOTTED PURPLE,61,224,224,3,JPEG,25059
Image_2929,train/Image_2929.jpg,Image_2929.jpg,PIPEVINE SWALLOW,53,224,224,3,JPEG,25394
Image_2232,train/Image_2232.jpg,Image_2232.jpg,SOOTYWING,65,224,224,3,JPEG,31607
Image_6173,train/Image_6173.jpg,Image_6173.jpg,CRECENT,23,224,224,3,JPEG,30795
Image_5311,train/Image_5311.jpg,Image_5311.jpg,SLEEPY ORANGE,64,224,224,3,JPEG,15093
Image_6437,train/Image_6437.jpg,Image_6437.jpg,EASTERN DAPPLE WHITE,27,224,224,3,JPEG,26601
Image_1117,train/Image_1117.jpg,Image_1117.jpg,IPHICLUS SISTER,36,224,224,3,JPEG,19725
Image_5923,train/Image_5923.jpg,Image_5923.jpg,MOURNING CLOAK,45,224,224,3,JPEG,46616
Image_3669,train/Image_3669.jpg,Image_3669.jpg,ORCHARD SWALLOW,48,224,224,3,JPEG,23620
Image_86,train/Image_86.jpg,Image_86.jpg,APPOLLO,4,224,224,3,JPEG,31219
Image_1366,train/Image_1366.jpg,Image_1366.jpg,AN 88,3,224,224,3,JPEG,24795
Image_5787,train/Image_5787.jpg,Image_5787.jpg,CLODIUS PARNASSIAN,18,224,224,3,JPEG,34865
Image_6265,train/Image_6265.jpg,Image_6265.jpg,POPINJAY,54,224,224,3,JPEG,31660
Image_3952,train/Image_3952.jpg,Image_3952.jpg,BROWN SIPROETA,12,224,224,3,JPEG,29570
Image_119,train/Image_119.jpg,Image_119.jpg,CABBAGE WHITE,13,224,224,3,JPEG,14942
Image_4946,train/Image_4946.jpg,Image_4946.jpg,ORANGE OAKLEAF,46,224,224,3,JPEG,40223
Image_333,train/Image_333.jpg,Image_333.jpg,EASTERN COMA,26,224,224,3,JPEG,29434
Image_2994,train/Image_2994.jpg,Image_2994.jpg,COMMON BANDED AWL,20,224,224,3,JPEG,25216
Image_597,train/Image_597.jpg,Image_597.jpg,ATALA,5,224,224,3,JPEG,23696
Image_1885,train/Image_1885.jpg,Image_1885.jpg,METALMARK,42,224,224,3,JPEG,34482
Image_3643,train/Image_3643.jpg,Image_3643.jpg,WOOD SATYR,72,224,224,3,JPEG,33095
Image_4562,train/Image_4562.jpg,Image_4562.jpg,CABBAGE WHITE,13,224,224,3,JPEG,22821
Image_1991,train/Image_1991.jpg,Image_1991.jpg,ELBOWED PIERROT,29,224,224,3,JPEG,19643
Image_653,train/Image_653.jpg,Image_653.jpg,AMERICAN SNOOT,2,224,224,3,JPEG,24811
Image_1692,train/Image_1692.jpg,Image_1692.jpg,BANDED PEACOCK,7,224,224,3,JPEG,30368
Image_1969,train/Image_1969.jpg,Image_1969.jpg,SCARCE SWALLOW,62,224,224,3,JPEG,20726
Image_4726,train/Image_4726.jpg,Image_4726.jpg,EASTERN DAPPLE WHITE,27,224,224,3,JPEG,21482
Image_3471,train/Image_3471.jpg,Image_3471.jpg,ULYSES,70,224,224,3,JPEG,20387
Image_3371,train/Image_3371.jpg,Image_3371.jpg,AN 88,3,224,224,3,JPEG,22835
Image_2142,train/Image_2142.jpg,Image_2142.jpg,BLUE SPOTTED CROW,11,224,224,3,JPEG,17998
Image_5391,train/Image_5391.jpg,Image_5391.jpg,SILVER SPOT SKIPPER,63,224,224,3,JPEG,16672
Image_586,train/Image_586.jpg,Image_586.jpg,TROPICAL LEAFWING,68,224,224,3,JPEG,26487
Image_6312,train/Image_6312.jpg,Image_6312.jpg,SILVER SPOT SKIPPER,63,224,224,3,JPEG,22672
Image_5408,train/Image_5408.jpg,Image_5408.jpg,MONARCH,44,224,224,3,JPEG,23021
Image_193,train/Image_193.jpg,Image_193.jpg,MESTRA,41,224,224,3,JPEG,18298
Image_955,train/Image_955.jpg,Image_955.jpg,PURPLISH COPPER,56,224,224,3,JPEG,18040
Image_2667,train/Image_2667.jpg,Image_2667.jpg,GREAT EGGFLY,31,224,224,3,JPEG,26184
Image_837,train/Image_837.jpg,Image_837.jpg,BLACK HAIRSTREAK,9,224,224,3,JPEG,24069
Image_637,train/Image_637.jpg,Image_637.jpg,PEACOCK,51,224,224,3,JPEG,27202
Image_3835,train/Image_3835.jpg,Image_3835.jpg,ELBOWED PIERROT,29,224,224,3,JPEG,23342
Image_3022,train/Image_3022.jpg,Image_3022.jpg,CLODIUS PARNASSIAN,18,224,224,3,JPEG,31610
Image_4718,train/Image_4718.jpg,Image_4718.jpg,ORANGE TIP,47,224,224,3,JPEG,19654
Image_3324,train/Image_3324.jpg,Image_3324.jpg,EASTERN PINE ELFIN,28,224,224,3,JPEG,31063
Image_2103,train/Image_2103.jpg,Image_2103.jpg,SLEEPY ORANGE,64,224,224,3,JPEG,16342
Image_4876,train/Image_4876.jpg,Image_4876.jpg,BLUE MORPHO,10,224,224,3,JPEG,18572
Image_4113,train/Image_4113.jpg,Image_4113.jpg,WOOD SATYR,72,224,224,3,JPEG,25613
Image_4570,train/Image_4570.jpg,Image_4570.jpg,PINE WHITE,52,224,224,3,JPEG,20781
Image_3836,train/Image_3836.jpg,Image_3836.jpg,CABBAGE WHITE,13,224,224,3,JPEG,24238
Image_5890,train/Image_5890.jpg,Image_5890.jpg,CAIRNS BIRDWING,14,224,224,3,JPEG,21989
Image_5739,train/Image_5739.jpg,Image_5739.jpg,MILBERTS TORTOISESHELL,43,224,224,3,JPEG,21534
Image_5751,train/Image_5751.jpg,Image_5751.jpg,CHECQUERED SKIPPER,15,224,224,3,JPEG,25220
Image_278,train/Image_278.jpg,Image_278.jpg,MOURNING CLOAK,45,224,224,3,JPEG,35318
Image_2117,train/Image_2117.jpg,Image_2117.jpg,BLUE SPOTTED CROW,11,224,224,3,JPEG,24424
Image_4931,train/Image_4931.jpg,Image_4931.jpg,CABBAGE WHITE,13,224,224,3,JPEG,18379
Image_1074,train/Image_1074.jpg,Image_1074.jpg,PAPER KITE,50,224,224,3,JPEG,31416
Image_3073,train/Image_3073.jpg,Image_3073.jpg,ORCHARD SWALLOW,48,224,224,3,JPEG,26617
Image_3008,train/Image_3008.jpg,Image_3008.jpg,EASTERN COMA,26,224,224,3,JPEG,21662
Image_1378,train/Image_1378.jpg,Image_1378.jpg,MOURNING CLOAK,45,224,224,3,JPEG,28183
Image_4260,train/Image_4260.jpg,Image_4260.jpg,POPINJAY,54,224,224,3,JPEG,22406
Image_4476,train/Image_4476.jpg,Image_4476.jpg,COMMON WOOD-NYMPH,21,224,224,3,JPEG,33395
Image_148,train/Image_148.jpg,Image_148.jpg,CRECENT,23,224,224,3,JPEG,27712
Image_2517,train/Image_2517.jpg,Image_2517.jpg,CABBAGE WHITE,13,224,224,3,JPEG,24592
Image_4865,train/Image_4865.jpg,Image_4865.jpg,INDRA SWALLOW,35,224,224,3,JPEG,33713
Image_19,train/Image_19.jpg,Image_19.jpg,PINE WHITE,52,224,224,3,JPEG,26092
Image_2715,train/Image_2715.jpg,Image_2715.jpg,RED SPOTTED PURPLE,61,224,224,3,JPEG,28303
Image_1248,train/Image_1248.jpg,Image_1248.jpg,BLUE SPOTTED CROW,11,224,224,3,JPEG,21535
Image_729,train/Image_729.jpg,Image_729.jpg,CHECQUERED SKIPPER,15,224,224,3,JPEG,24855
Image_627,train/Image_627.jpg,Image_627.jpg,ORANGE TIP,47,224,224,3,JPEG,17129
Image_4700,train/Image_4700.jpg,Image_4700.jpg,TWO BARRED FLASHER,69,224,224,3,JPEG,18978
Image_434,train/Image_434.jpg,Image_434.jpg,EASTERN DAPPLE WHITE,27,224,224,3,JPEG,23153
Image_2026,train/Image_2026.jpg,Image_2026.jpg,EASTERN COMA,26,224,224,3,JPEG,30097
Image_2015,train/Image_2015.jpg,Image_2015.jpg,CLEOPATRA,17,224,224,3,JPEG,13803
Image_2236,train/Image_2236.jpg,Image_2236.jpg,MOURNING CLOAK,45,224,224,3,JPEG,37326
Image_3340,train/Image_3340.jpg,Image_3340.jpg,STRAITED QUEEN,67,224,224,3,JPEG,22555
Image_4118,train/Image_4118.jpg,Image_4118.jpg,PURPLE HAIRSTREAK,55,224,224,3,JPEG,23514
Image_4001,train/Image_4001.jpg,Image_4001.jpg,TWO BARRED FLASHER,69,224,224,3,JPEG,24742
Image_4413,train/Image_4413.jpg,Image_4413.jpg,VICEROY,71,224,224,3,JPEG,30207
Image_4354,train/Image_4354.jpg,Image_4354.jpg,PAPER KITE,50,224,224,3,JPEG,30304
Image_2539,train/Image_2539.jpg,Image_2539.jpg,MOURNING CLOAK,45,224,224,3,JPEG,29912
Image_2745,train/Image_2745.jpg,Image_2745.jpg,STRAITED QUEEN,67,224,224,3,JPEG,24522
Image_3930,train/Image_3930.jpg,Image_3930.jpg,PEACOCK,51,224,224,3,JPEG,30284
Image_5676,train/Image_5676.jpg,Image_5676.jpg,YELLOW SWALLOW TAIL,73,224,224,3,JPEG,36062
Image_1235,train/Image_1235.jpg,Image_1235.jpg,RED ADMIRAL,58,224,224,3,JPEG,31834
Image_5385,train/Image_5385.jpg,Image_5385.jpg,MALACHITE,39,224,224,3,JPEG,29909
Image_6184,train/Image_6184.jpg,Image_6184.jpg,SILVER SPOT SKIPPER,63,224,224,3,JPEG,22398
Image_1978,train/Image_1978.jpg,Image_1978.jpg,CHECQUERED SKIPPER,15,224,224,3,JPEG,24668
Image_4944,train/Image_4944.jpg,Image_4944.jpg,PIPEVINE SWALLOW,53,224,224,3,JPEG,30303
Image_5403,train/Image_5403.jpg,Image_5403.jpg,ORANGE TIP,47,224,224,3,JPEG,20412
Image_3714,train/Image_3714.jpg,Image_3714.jpg,COMMON BANDED AWL,20,224,224,3,JPEG,18399
Image_3881,train/Image_3881.jpg,Image_3881.jpg,BANDED ORANGE HELICONIAN,6,224,224,3,JPEG,23582
Image_3189,train/Image_3189.jpg,Image_3189.jpg,PAPER KITE,50,224,224,3,JPEG,28647
Image_246,train/Image_246.jpg,Image_246.jpg,COPPER TAIL,22,224,224,3,JPEG,30736
Image_3145,train/Image_3145.jpg,Image_3145.jpg,AMERICAN SNOOT,2,224,224,3,JPEG,25478
Image_1301,train/Image_1301.jpg,Image_1301.jpg,BANDED PEACOCK,7,224,224,3,JPEG,32650
Image_1930,train/Image_1930.jpg,Image_1930.jpg,JULIA,37,224,224,3,JPEG,17384
Image_5852,train/Image_5852.jpg,Image_5852.jpg,CRIMSON PATCH,24,224,224,3,JPEG,27097
Image_2982,train/Image_2982.jpg,Image_2982.jpg,MANGROVE SKIPPER,40,224,224,3,JPEG,25228
Image_1578,train/Image_1578.jpg,Image_1578.jpg,APPOLLO,4,224,224,3,JPEG,20828
Image_3314,train/Image_3314.jpg,Image_3314.jpg,CRECENT,23,224,224,3,JPEG,33013
Image_3914,train/Image_3914.jpg,Image_3914.jpg,YELLOW SWALLOW TAIL,73,224,224,3,JPEG,31918
Image_6094,train/Image_6094.jpg,Image_6094.jpg,ADONIS,0,224,224,3,JPEG,28468
Image_2242,train/Image_2242.jpg,Image_2242.jpg,ORANGE TIP,47,224,224,3,JPEG,23162
Image_108,train/Image_108.jpg,Image_108.jpg,INDRA SWALLOW,35,224,224,3,JPEG,28447
Image_5699,train/Image_5699.jpg,Image_5699.jpg,CLEOPATRA,17,224,224,3,JPEG,26675
Image_3393,train/Image_3393.jpg,Image_3393.jpg,PIPEVINE SWALLOW,53,224,224,3,JPEG,26358
Image_3188,train/Image_3188.jpg,Image_3188.jpg,CRECENT,23,224,224,3,JPEG,29679
Image_1363,train/Image_1363.jpg,Image_1363.jpg,COMMON WOOD-NYMPH,21,224,224,3,JPEG,28704
Image_3932,train/Image_3932.jpg,Image_3932.jpg,CLEOPATRA,17,224,224,3,JPEG,22124
Image_1430,train/Image_1430.jpg,Image_1430.jpg,SLEEPY ORANGE,64,224,224,3,JPEG,26699
Image_4171,train/Image_4171.jpg,Image_4171.jpg,PIPEVINE SWALLOW,53,224,224,3,JPEG,23551
Image_3436,train/Image_3436.jpg,Image_3436.jpg,PAINTED LADY,49,224,224,3,JPEG,24329
Image_4825,train/Image_4825.jpg,Image_4825.jpg,CAIRNS BIRDWING,14,224,224,3,JPEG,18996
Image_2514,train/Image_2514.jpg,Image_2514.jpg,BLACK HAIRSTREAK,9,224,224,3,JPEG,28168
Image_3701,train/Image_3701.jpg,Image_3701.jpg,TROPICAL LEAFWING,68,224,224,3,JPEG,22133
Image_257,train/Image_257.jpg,Image_257.jpg,GREY HAIRSTREAK,34,224,224,3,JPEG,23941
Image_836,train/Image_836.jpg,Image_836.jpg,ORCHARD SWALLOW,48,224,224,3,JPEG,28304
Image_6012,train/Image_6012.jpg,Image_6012.jpg,ADONIS,0,224,224,3,JPEG,26949
Image_1329,train/Image_1329.jpg,Image_1329.jpg,ATALA,5,224,224,3,JPEG,28132
Image_2383,train/Image_2383.jpg,Image_2383.jpg,GREAT JAY,32,224,224,3,JPEG,21440
Image_3190,train/Image_3190.jpg,Image_3190.jpg,MANGROVE SKIPPER,40,224,224,3,JPEG,22938
Image_5736,train/Image_5736.jpg,Image_5736.jpg,AFRICAN GIANT SWALLOWTAIL,1,224,224,3,JPEG,29820
Image_706,train/Image_706.jpg,Image_706.jpg,ORCHARD SWALLOW,48,224,224,3,JPEG,22424
Image_3796,train/Image_3796.jpg,Image_3796.jpg,BLUE SPOTTED CROW,11,224,224,3,JPEG,26370
Image_4005,train/Image_4005.jpg,Image_4005.jpg,PINE WHITE,52,224,224,3,JPEG,18911
Image_5944,train/Image_5944.jpg,Image_5944.jpg,MALACHITE,39,224,224,3,JPEG,21229
Image_4427,train/Image_4427.jpg,Image_4427.jpg,VICEROY,71,224,224,3,JPEG,32796
Image_6159,train/Image_6159.jpg,Image_6159.jpg,EASTERN COMA,26,224,224,3,JPEG,30598
Image_5141,train/Image_5141.jpg,Image_5141.jpg,CHECQUERED SKIPPER,15,224,224,3,JPEG,25098
Image_4456,train/Image_4456.jpg,Image_4456.jpg,MONARCH,44,224,224,3,JPEG,30786
Image_6407,train/Image_6407.jpg,Image_6407.jpg,GREEN CELLED CATTLEHEART,33,224,224,3,JPEG,26869
Image_6115,train/Image_6115.jpg,Image_6115.jpg,COMMON BANDED AWL,20,224,224,3,JPEG,16636
Image_812,train/Image_812.jpg,Image_812.jpg,CABBAGE WHITE,13,224,224,3,JPEG,19278
Image_4353,train/Image_4353.jpg,Image_4353.jpg,CLOUDED SULPHUR,19,224,224,3,JPEG,18431
Image_585,train/Image_585.jpg,Image_585.jpg,PINE WHITE,52,224,224,3,JPEG,21162
Image_964,train/Image_964.jpg,Image_964.jpg,ADONIS,0,224,224,3,JPEG,30208
Image_5668,train/Image_5668.jpg,Image_5668.jpg,AMERICAN SNOOT,2,224,224,3,JPEG,24687
Image_2798,train/Image_2798.jpg,Image_2798.jpg,MILBERTS TORTOISESHELL,43,224,224,3,JPEG,26990
Image_2228,train/Image_2228.jpg,Image_2228.jpg,TWO BARRED FLASHER,69,224,224,3,JPEG,23071
Image_448,train/Image_448.jpg,Image_448.jpg,BROWN SIPROETA,12,224,224,3,JPEG,30570
Image_3473,train/Image_3473.jpg,Image_3473.jpg,GREY HAIRSTREAK,34,224,224,3,JPEG,27309
Image_3926,train/Image_3926.jpg,Image_3926.jpg,ORANGE OAKLEAF,46,224,224,3,JPEG,25252
Image_6486,train/Image_6486.jpg,Image_6486.jpg,CABBAGE WHITE,13,224,224,3,JPEG,23497
Image_514,train/Image_514.jpg,Image_514.jpg,ORCHARD SWALLOW,48,224,224,3,JPEG,24428
Image_1127,train/Image_1127.jpg,Image_1127.jpg,SOUTHERN DOGFACE,66,224,224,3,JPEG,17520
Image_527,train/Image_527.jpg,Image_527.jpg,ORANGE TIP,47,224,224,3,JPEG,24012
Image_5031,train/Image_5031.jpg,Image_5031.jpg,APPOLLO,4,224,224,3,JPEG,27767
Image_3751,train/Image_3751.jpg,Image_3751.jpg,DANAID EGGFLY,25,224,224,3,JPEG,25761
Image_3630,train/Image_3630.jpg,Image_3630.jpg,TROPICAL LEAFWING,68,224,224,3,JPEG,17127
Image_5372,train/Image_5372.jpg,Image_5372.jpg,SOUTHERN DOGFACE,66,224,224,3,JPEG,21820
Image_979,train/Image_979.jpg,Image_979.jpg,CAIRNS BIRDWING,14,224,224,3,JPEG,19651
Image_5782,train/Image_5782.jpg,Image_5782.jpg,DANAID EGGFLY,25,224,224,3,JPEG,20299
Image_3358,train/Image_3358.jpg,Image_3358.jpg,BLUE MORPHO,10,224,224,3,JPEG,34255
Image_6032,train/Image_6032.jpg,Image_6032.jpg,BANDED ORANGE HELICONIAN,6,224,224,3,JPEG,24110
Image_3363,train/Image_3363.jpg,Image_3363.jpg,YELLOW SWALLOW TAIL,73,224,224,3,JPEG,31521
Image_3058,train/Image_3058.jpg,Image_3058.jpg,WOOD SATYR,72,224,224,3,JPEG,30095
Image_3483,train/Image_3483.jpg,Image_3483.jpg,BLACK HAIRSTREAK,9,224,224,3,JPEG,18364
Image_5792,train/Image_5792.jpg,Image_5792.jpg,DANAID EGGFLY,25,224,224,3,JPEG,21983
Image_532,train/Image_532.jpg,Image_532.jpg,CLEOPATRA,17,224,224,3,JPEG,22889
Image_1094,train/Image_1094.jpg,Image_1094.jpg,INDRA SWALLOW,35,224,224,3,JPEG,14227
Image_1367,train/Image_1367.jpg,Image_1367.jpg,GREAT JAY,32,224,224,3,JPEG,17266
Image_6264,train/Image_6264.jpg,Image_6264.jpg,MESTRA,41,224,224,3,JPEG,18204
Image_1645,train/Image_1645.jpg,Image_1645.jpg,MILBERTS TORTOISESHELL,43,224,224,3,JPEG,22426
Image_2106,train/Image_2106.jpg,Image_2106.jpg,RED POSTMAN,60,224,224,3,JPEG,20756
Image_6057,train/Image_6057.jpg,Image_6057.jpg,CLEOPATRA,17,224,224,3,JPEG,16538
Image_1071,train/Image_1071.jpg,Image_1071.jpg,WOOD SATYR,72,224,224,3,JPEG,29122
Image_5807,train/Image_5807.jpg,Image_5807.jpg,MANGROVE SKIPPER,40,224,224,3,JPEG,26524
Image_4595,train/Image_4595.jpg,Image_4595.jpg,CLOUDED SULPHUR,19,224,224,3,JPEG,26198
Image_1420,train/Image_1420.jpg,Image_1420.jpg,MONARCH,44,224,224,3,JPEG,23798
Image_2108,train/Image_2108.jpg,Image_2108.jpg,SOUTHERN DOGFACE,66,224,224,3,JPEG,24565
Image_2666,train/Image_2666.jpg,Image_2666.jpg,CRIMSON PATCH,24,224,224,3,JPEG,27578
Image_3229,train/Image_3229.jpg,Image_3229.jpg,CHECQUERED SKIPPER,15,224,224,3,JPEG,26377
Image_3395,train/Image_3395.jpg,Image_3395.jpg,CRIMSON PATCH,24,224,224,3,JPEG,23751
Image_1364,train/Image_1364.jpg,Image_1364.jpg,COPPER TAIL,22,224,224,3,JPEG,29864
Image_6042,train/Image_6042.jpg,Image_6042.jpg,BANDED ORANGE HELICONIAN,6,224,224,3,JPEG,24268
Image_6145,train/Image_6145.jpg,Image_6145.jpg,BLUE SPOTTED CROW,11,224,224,3,JPEG,24518
Image_5257,train/Image_5257.jpg,Image_5257.jpg,EASTERN PINE ELFIN,28,224,224,3,JPEG,18470
Image_2510,train/Image_2510.jpg,Image_2510.jpg,GREEN CELLED CATTLEHEART,33,224,224,3,JPEG,15412
Image_4848,train/Image_4848.jpg,Image_4848.jpg,INDRA SWALLOW,35,224,224,3,JPEG,31534
Image_6232,train/Image_6232.jpg,Image_6232.jpg,PIPEVINE SWALLOW,53,224,224,3,JPEG,28226
Image_6259,train/Image_6259.jpg,Image_6259.jpg,PURPLISH COPPER,56,224,224,3,JPEG,16690
Image_1496,train/Image_1496.jpg,Image_1496.jpg,ZEBRA LONG WING,74,224,224,3,JPEG,24737
Image_3047,train/Image_3047.jpg,Image_3047.jpg,CLODIUS PARNASSIAN,18,224,224,3,JPEG,26186
Image_969,train/Image_969.jpg,Image_969.jpg,BROWN SIPROETA,12,224,224,3,JPEG,37318
Image_90,train/Image_90.jpg,Image_90.jpg,POPINJAY,54,224,224,3,JPEG,31611
Image_3026,train/Image_3026.jpg,Image_3026.jpg,INDRA SWALLOW,35,224,224,3,JPEG,20687
Image_705,train/Image_705.jpg,Image_705.jpg,CLODIUS PARNASSIAN,18,224,224,3,JPEG,23971
Image_1989,train/Image_1989.jpg,Image_1989.jpg,CLODIUS PARNASSIAN,18,224,224,3,JPEG,32771
Image_1515,train/Image_1515.jpg,Image_1515.jpg,BANDED PEACOCK,7,224,224,3,JPEG,24477
Image_4824,train/Image_4824.jpg,Image_4824.jpg,JULIA,37,224,224,3,JPEG,25758
Image_6223,train/Image_6223.jpg,Image_6223.jpg,TROPICAL LEAFWING,68,224,224,3,JPEG,31082
Image_529,train/Image_529.jpg,Image_529.jpg,BROWN SIPROETA,12,224,224,3,JPEG,33213
Image_5361,train/Image_5361.jpg,Image_5361.jpg,AN 88,3,224,224,3,JPEG,26795
Image_5239,train/Image_5239.jpg,Image_5239.jpg,MANGROVE SKIPPER,40,224,224,3,JPEG,21811
Image_3251,train/Image_3251.jpg,Image_3251.jpg,CLODIUS PARNASSIAN,18,224,224,3,JPEG,33592
Image_4341,train/Image_4341.jpg,Image_4341.jpg,PINE WHITE,52,224,224,3,JPEG,29712
Image_1346,train/Image_1346.jpg,Image_1346.jpg,COMMON WOOD-NYMPH,21,224,224,3,JPEG,29243
Image_3248,train/Image_3248.jpg,Image_3248.jpg,SOUTHERN DOGFACE,66,224,224,3,JPEG,25205
Image_5345,train/Image_5345.jpg,Image_5345.jpg,PINE WHITE,52,224,224,3,JPEG,20649
Image_3430,train/Image_3430.jpg,Image_3430.jpg,BLUE SPOTTED CROW,11,224,224,3,JPEG,17016
Image_5867,train/Image_5867.jpg,Image_5867.jpg,PURPLE HAIRSTREAK,55,224,224,3,JPEG,25229
Image_5936,train/Image_5936.jpg,Image_5936.jpg,AN 88,3,224,224,3,JPEG,25030
Image_4436,train/Image_4436.jpg,Image_4436.jpg,COPPER TAIL,22,224,224,3,JPEG,25445
Image_2168,train/Image_2168.jpg,Image_2168.jpg,VICEROY,71,224,224,3,JPEG,27643
Image_5249,train/Image_5249.jpg,Image_5249.jpg,CHESTNUT,16,224,224,3,JPEG,26218
Image_1146,train/Image_1146.jpg,Image_1146.jpg,AN 88,3,224,224,3,JPEG,29163
Image_5443,train/Image_5443.jpg,Image_5443.jpg,EASTERN DAPPLE WHITE,27,224,224,3,JPEG,21844
Image_467,train/Image_467.jpg,Image_467.jpg,SOUTHERN DOGFACE,66,224,224,3,JPEG,15994
Image_2686,train/Image_2686.jpg,Image_2686.jpg,GREAT EGGFLY,31,224,224,3,JPEG,25913
Image_998,train/Image_998.jpg,Image_998.jpg,SLEEPY ORANGE,64,224,224,3,JPEG,30454
Image_4925,train/Image_4925.jpg,Image_4925.jpg,PIPEVINE SWALLOW,53,224,224,3,JPEG,26719
Image_3609,train/Image_3609.jpg,Image_3609.jpg,BANDED PEACOCK,7,224,224,3,JPEG,23188
Image_5743,train/Image_5743.jpg,Image_5743.jpg,PAPER KITE,50,224,224,3,JPEG,33468
Image_4399,train/Image_4399.jpg,Image_4399.jpg,STRAITED QUEEN,67,224,224,3,JPEG,25605
Image_5585,train/Image_5585.jpg,Image_5585.jpg,JULIA,37,224,224,3,JPEG,26938
Image_5413,train/Image_5413.jpg,Image_5413.jpg,GREAT EGGFLY,31,224,224,3,JPEG,20173
Image_200,train/Image_200.jpg,Image_200.jpg,STRAITED QUEEN,67,224,224,3,JPEG,23168
Image_6202,train/Image_6202.jpg,Image_6202.jpg,SOUTHERN DOGFACE,66,224,224,3,JPEG,15445
Image_2532,train/Image_2532.jpg,Image_2532.jpg,MILBERTS TORTOISESHELL,43,224,224,3,JPEG,24812
Image_2313,train/Image_2313.jpg,Image_2313.jpg,MILBERTS TORTOISESHELL,43,224,224,3,JPEG,22803
Image_897,train/Image_897.jpg,Image_897.jpg,RED POSTMAN,60,224,224,3,JPEG,21371
Image_224,train/Image_224.jpg,Image_224.jpg,PURPLISH COPPER,56,224,224,3,JPEG,13576
Image_2749,train/Image_2749.jpg,Image_2749.jpg,PAINTED LADY,49,224,224,3,JPEG,19946
Image_5558,train/Image_5558.jpg,Image_5558.jpg,IPHICLUS SISTER,36,224,224,3,JPEG,21158
Image_283,train/Image_283.jpg,Image_283.jpg,MOURNING CLOAK,45,224,224,3,JPEG,32435
Image_2545,train/Image_2545.jpg,Image_2545.jpg,GREEN CELLED CATTLEHEART,33,224,224,3,JPEG,18777
Image_1145,train/Image_1145.jpg,Image_1145.jpg,GREY HAIRSTREAK,34,224,224,3,JPEG,22584
Image_5611,train/Image_5611.jpg,Image_5611.jpg,ZEBRA LONG WING,74,224,224,3,JPEG,23821
Image_5737,train/Image_5737.jpg,Image_5737.jpg,IPHICLUS SISTER,36,224,224,3,JPEG,28493
Image_2887,train/Image_2887.jpg,Image_2887.jpg,RED CRACKER,59,224,224,3,JPEG,38483
Image_5879,train/Image_5879.jpg,Image_5879.jpg,BROWN SIPROETA,12,224,224,3,JPEG,25358
Image_3209,train/Image_3209.jpg,Image_3209.jpg,EASTERN COMA,26,224,224,3,JPEG,31574
Image_1985,train/Image_1985.jpg,Image_1985.jpg,PAPER KITE,50,224,224,3,JPEG,31842
Image_3516,train/Image_3516.jpg,Image_3516.jpg,JULIA,37,224,224,3,JPEG,18042
Image_1556,train/Image_1556.jpg,Image_1556.jpg,BANDED PEACOCK,7,224,224,3,JPEG,36052
Image_4909,train/Image_4909.jpg,Image_4909.jpg,METALMARK,42,224,224,3,JPEG,35852
Image_4539,train/Image_4539.jpg,Image_4539.jpg,WOOD SATYR,72,224,224,3,JPEG,27137
Image_4786,train/Image_4786.jpg,Image_4786.jpg,DANAID EGGFLY,25,224,224,3,JPEG,16326
Image_3768,train/Image_3768.jpg,Image_3768.jpg,RED POSTMAN,60,224,224,3,JPEG,24905
Image_5072,train/Image_5072.jpg,Image_5072.jpg,JULIA,37,224,224,3,JPEG,29365
Image_422,train/Image_422.jpg,Image_422.jpg,CABBAGE WHITE,13,224,224,3,JPEG,22663
Image_3438,train/Image_3438.jpg,Image_3438.jpg,SLEEPY ORANGE,64,224,224,3,JPEG,20016
Image_1347,train/Image_1347.jpg,Image_1347.jpg,CLODIUS PARNASSIAN,18,224,224,3,JPEG,20741
Image_2209,train/Image_2209.jpg,Image_2209.jpg,ELBOWED PIERROT,29,224,224,3,JPEG,25658
Image_3163,train/Image_3163.jpg,Image_3163.jpg,DANAID EGGFLY,25,224,224,3,JPEG,30480
Image_3345,train/Image_3345.jpg,Image_3345.jpg,BANDED ORANGE HELICONIAN,6,224,224,3,JPEG,31046
Image_315,train/Image_315.jpg,Image_315.jpg,GREY HAIRSTREAK,34,224,224,3,JPEG,27075
Image_3449,train/Image_3449.jpg,Image_3449.jpg,JULIA,37,224,224,3,JPEG,26562
Image_4760,train/Image_4760.jpg,Image_4760.jpg,APPOLLO,4,224,224,3,JPEG,18582
Image_6431,train/Image_6431.jpg,Image_6431.jpg,RED ADMIRAL,58,224,224,3,JPEG,35866
Image_2924,train/Image_2924.jpg,Image_2924.jpg,ORCHARD SWALLOW,48,224,224,3,JPEG,24501
Image_2907,train/Image_2907.jpg,Image_2907.jpg,MESTRA,41,224,224,3,JPEG,18562
Image_4479,train/Image_4479.jpg,Image_4479.jpg,BANDED PEACOCK,7,224,224,3,JPEG,21284
Image_981,train/Image_981.jpg,Image_981.jpg,SILVER SPOT SKIPPER,63,224,224,3,JPEG,23629
Image_14,train/Image_14.jpg,Image_14.jpg,RED ADMIRAL,58,224,224,3,JPEG,27189
Image_667,train/Image_667.jpg,Image_667.jpg,BLACK HAIRSTREAK,9,224,224,3,JPEG,26933
Image_6102,train/Image_6102.jpg,Image_6102.jpg,VICEROY,71,224,224,3,JPEG,23171
Image_1792,train/Image_1792.jpg,Image_1792.jpg,MILBERTS TORTOISESHELL,43,224,224,3,JPEG,29104
Image_3991,train/Image_3991.jpg,Image_3991.jpg,ORCHARD SWALLOW,48,224,224,3,JPEG,21031
Image_3136,train/Image_3136.jpg,Image_3136.jpg,ATALA,5,224,224,3,JPEG,20579
Image_2457,train/Image_2457.jpg,Image_2457.jpg,ORCHARD SWALLOW,48,224,224,3,JPEG,33797
Image_933,train/Image_933.jpg,Image_933.jpg,YELLOW SWALLOW TAIL,73,224,224,3,JPEG,32070
Image_4132,train/Image_4132.jpg,Image_4132.jpg,COPPER TAIL,22,224,224,3,JPEG,25092
Image_3871,train/Image_3871.jpg,Image_3871.jpg,RED ADMIRAL,58,224,224,3,JPEG,24712
Image_5593,train/Image_5593.jpg,Image_5593.jpg,CAIRNS BIRDWING,14,224,224,3,JPEG,21165
Image_1219,train/Image_1219.jpg,Image_1219.jpg,ORANGE TIP,47,224,224,3,JPEG,24379
Image_3210,train/Image_3210.jpg,Image_3210.jpg,MALACHITE,39,224,224,3,JPEG,31171
Image_1019,train/Image_1019.jpg,Image_1019.jpg,LARGE MARBLE,38,224,224,3,JPEG,16290
Image_1706,train/Image_1706.jpg,Image_1706.jpg,SLEEPY ORANGE,64,224,224,3,JPEG,21532
Image_2675,train/Image_2675.jpg,Image_2675.jpg,COMMON WOOD-NYMPH,21,224,224,3,JPEG,21239
Image_2031,train/Image_2031.jpg,Image_2031.jpg,LARGE MARBLE,38,224,224,3,JPEG,17974
Image_1619,train/Image_1619.jpg,Image_1619.jpg,PURPLISH COPPER,56,224,224,3,JPEG,17687
Image_391,train/Image_391.jpg,Image_391.jpg,CRECENT,23,224,224,3,JPEG,29696
Image_3139,train/Image_3139.jpg,Image_3139.jpg,SCARCE SWALLOW,62,224,224,3,JPEG,26516
Image_2124,train/Image_2124.jpg,Image_2124.jpg,MONARCH,44,224,224,3,JPEG,28467
Image_3003,train/Image_3003.jpg,Image_3003.jpg,SCARCE SWALLOW,62,224,224,3,JPEG,33075
Image_3498,train/Image_3498.jpg,Image_3498.jpg,EASTERN PINE ELFIN,28,224,224,3,JPEG,31250
Image_4984,train/Image_4984.jpg,Image_4984.jpg,VICEROY,71,224,224,3,JPEG,37493
Image_669,train/Image_669.jpg,Image_669.jpg,PINE WHITE,52,224,224,3,JPEG,27188
Image_4890,train/Image_4890.jpg,Image_4890.jpg,COMMON BANDED AWL,20,224,224,3,JPEG,15690
Image_4152,train/Image_4152.jpg,Image_4152.jpg,PAPER KITE,50,224,224,3,JPEG,24354
Image_4104,train/Image_4104.jpg,Image_4104.jpg,RED CRACKER,59,224,224,3,JPEG,27422
Image_1401,train/Image_1401.jpg,Image_1401.jpg,YELLOW SWALLOW TAIL,73,224,224,3,JPEG,27016
Image_1062,train/Image_1062.jpg,Image_1062.jpg,SCARCE SWALLOW,62,224,224,3,JPEG,26834
Image_1987,train/Image_1987.jpg,Image_1987.jpg,QUESTION MARK,57,224,224,3,JPEG,26359
Image_2651,train/Image_2651.jpg,Image_2651.jpg,MOURNING CLOAK,45,224,224,3,JPEG,33268
Image_2287,train/Image_2287.jpg,Image_2287.jpg,AMERICAN SNOOT,2,224,224,3,JPEG,22466
Image_5984,train/Image_5984.jpg,Image_5984.jpg,AMERICAN SNOOT,2,224,224,3,JPEG,25606
Image_4728,train/Image_4728.jpg,Image_4728.jpg,MONARCH,44,224,224,3,JPEG,32859
Image_1427,train/Image_1427.jpg,Image_1427.jpg,COMMON WOOD-NYMPH,21,224,224,3,JPEG,23104
Image_4679,train/Image_4679.jpg,Image_4679.jpg,BANDED ORANGE HELICONIAN,6,224,224,3,JPEG,28412
Image_959,train/Image_959.jpg,Image_959.jpg,TWO BARRED FLASHER,69,224,224,3,JPEG,30891
Image_4662,train/Image_4662.jpg,Image_4662.jpg,POPINJAY,54,224,224,3,JPEG,25028
Image_1642,train/Image_1642.jpg,Image_1642.jpg,MALACHITE,39,224,224,3,JPEG,33013
Image_2551,train/Image_2551.jpg,Image_2551.jpg,MALACHITE,39,224,224,3,JPEG,30654
Image_187,train/Image_187.jpg,Image_187.jpg,EASTERN COMA,26,224,224,3,JPEG,28900
Image_163,train/Image_163.jpg,Image_163.jpg,COMMON WOOD-NYMPH,21,224,224,3,JPEG,34796
Image_3067,train/Image_3067.jpg,Image_3067.jpg,CLEOPATRA,17,224,224,3,JPEG,19531
Image_4454,train/Image_4454.jpg,Image_4454.jpg,YELLOW SWALLOW TAIL,73,224,224,3,JPEG,34218
Image_687,train/Image_687.jpg,Image_687.jpg,ULYSES,70,224,224,3,JPEG,23419
Image_3758,train/Image_3758.jpg,Image_3758.jpg,METALMARK,42,224,224,3,JPEG,23423
Image_4758,train/Image_4758.jpg,Image_4758.jpg,GREEN CELLED CATTLEHEART,33,224,224,3,JPEG,28303
Image_5032,train/Image_5032.jpg,Image_5032.jpg,RED ADMIRAL,58,224,224,3,JPEG,24812
Image_3900,train/Image_3900.jpg,Image_3900.jpg,COMMON WOOD-NYMPH,21,224,224,3,JPEG,29093
Image_4491,train/Image_4491.jpg,Image_4491.jpg,MANGROVE SKIPPER,40,224,224,3,JPEG,20631
Image_6336,train/Image_6336.jpg,Image_6336.jpg,CLOUDED SULPHUR,19,224,224,3,JPEG,24693
Image_6306,train/Image_6306.jpg,Image_6306.jpg,APPOLLO,4,224,224,3,JPEG,29887
Image_5366,train/Image_5366.jpg,Image_5366.jpg,PINE WHITE,52,224,224,3,JPEG,23772
Image_1600,train/Image_1600.jpg,Image_1600.jpg,RED CRACKER,59,224,224,3,JPEG,44421
Image_6244,train/Image_6244.jpg,Image_6244.jpg,PURPLE HAIRSTREAK,55,224,224,3,JPEG,17385
Image_2665,train/Image_2665.jpg,Image_2665.jpg,BROWN SIPROETA,12,224,224,3,JPEG,29188
Image_1442,train/Image_1442.jpg,Image_1442.jpg,SOUTHERN DOGFACE,66,224,224,3,JPEG,20230
Image_5115,train/Image_5115.jpg,Image_5115.jpg,IPHICLUS SISTER,36,224,224,3,JPEG,25495
Image_5423,train/Image_5423.jpg,Image_5423.jpg,BECKERS WHITE,8,224,224,3,JPEG,26321
Image_831,train/Image_831.jpg,Image_831.jpg,MONARCH,44,224,224,3,JPEG,30682
Image_4971,train/Image_4971.jpg,Image_4971.jpg,ATALA,5,224,224,3,JPEG,23621
Image_5469,train/Image_5469.jpg,Image_5469.jpg,COPPER TAIL,22,224,224,3,JPEG,28934
Image_2342,train/Image_2342.jpg,Image_2342.jpg,APPOLLO,4,224,224,3,JPEG,31627
Image_5087,train/Image_5087.jpg,Image_5087.jpg,ORCHARD SWALLOW,48,224,224,3,JPEG,28566
Image_1661,train/Image_1661.jpg,Image_1661.jpg,BANDED PEACOCK,7,224,224,3,JPEG,23892
Image_4533,train/Image_4533.jpg,Image_4533.jpg,CLODIUS PARNASSIAN,18,224,224,3,JPEG,28027
Image_4426,train/Image_4426.jpg,Image_4426.jpg,CLOUDED SULPHUR,19,224,224,3,JPEG,24797
Image_2158,train/Image_2158.jpg,Image_2158.jpg,MANGROVE SKIPPER,40,224,224,3,JPEG,18234
Image_1823,train/Image_1823.jpg,Image_1823.jpg,ORANGE OAKLEAF,46,224,224,3,JPEG,23949
Image_2799,train/Image_2799.jpg,Image_2799.jpg,LARGE MARBLE,38,224,224,3,JPEG,29587
Image_1471,train/Image_1471.jpg,Image_1471.jpg,SLEEPY ORANGE,64,224,224,3,JPEG,18220
Image_2051,train/Image_2051.jpg,Image_2051.jpg,LARGE MARBLE,38,224,224,3,JPEG,19486
Image_1376,train/Image_1376.jpg,Image_1376.jpg,LARGE MARBLE,38,224,224,3,JPEG,22295
Image_6104,train/Image_6104.jpg,Image_6104.jpg,SILVER SPOT SKIPPER,63,224,224,3,JPEG,27093
Image_475,train/Image_475.jpg,Image_475.jpg,PIPEVINE SWALLOW,53,224,224,3,JPEG,23571
Image_1673,train/Image_1673.jpg,Image_1673.jpg,MOURNING CLOAK,45,224,224,3,JPEG,18759
Image_3129,train/Image_3129.jpg,Image_3129.jpg,APPOLLO,4,224,224,3,JPEG,28363
Image_5981,train/Image_5981.jpg,Image_5981.jpg,ATALA,5,224,224,3,JPEG,20025
Image_342,train/Image_342.jpg,Image_342.jpg,EASTERN DAPPLE WHITE,27,224,224,3,JPEG,28813
Image_4751,train/Image_4751.jpg,Image_4751.jpg,COMMON BANDED AWL,20,224,224,3,JPEG,19463
Image_4173,train/Image_4173.jpg,Image_4173.jpg,PIPEVINE SWALLOW,53,224,224,3,JPEG,27150
Image_1006,train/Image_1006.jpg,Image_1006.jpg,PIPEVINE SWALLOW,53,224,224,3,JPEG,24400
Image_5831,train/Image_5831.jpg,Image_5831.jpg,BANDED PEACOCK,7,224,224,3,JPEG,24691
Image_6492,train/Image_6492.jpg,Image_6492.jpg,SOOTYWING,65,224,224,3,JPEG,22962
Image_1803,train/Image_1803.jpg,Image_1803.jpg,POPINJAY,54,224,224,3,JPEG,21497
Image_5957,train/Image_5957.jpg,Image_5957.jpg,PIPEVINE SWALLOW,53,224,224,3,JPEG,30492
Image_400,train/Image_400.jpg,Image_400.jpg,BLUE SPOTTED CROW,11,224,224,3,JPEG,24498
Image_197,train/Image_197.jpg,Image_197.jpg,BLUE SPOTTED CROW,11,224,224,3,JPEG,20361
Image_1874,train/Image_1874.jpg,Image_1874.jpg,YELLOW SWALLOW TAIL,73,224,224,3,JPEG,29177
Image_3374,train/Image_3374.jpg,Image_3374.jpg,RED POSTMAN,60,224,224,3,JPEG,19568
Image_2711,train/Image_2711.jpg,Image_2711.jpg,MALACHITE,39,224,224,3,JPEG,33614
Image_5755,train/Image_5755.jpg,Image_5755.jpg,GOLD BANDED,30,224,224,3,JPEG,26044
Image_3700,train/Image_3700.jpg,Image_3700.jpg,CHECQUERED SKIPPER,15,224,224,3,JPEG,22216
Image_6002,train/Image_6002.jpg,Image_6002.jpg,GOLD BANDED,30,224,224,3,JPEG,23709
Image_4328,train/Image_4328.jpg,Image_4328.jpg,METALMARK,42,224,224,3,JPEG,36297
Image_3627,train/Image_3627.jpg,Image_3627.jpg,GOLD BANDED,30,224,224,3,JPEG,23791
Image_282,train/Image_282.jpg,Image_282.jpg,PAINTED LADY,49,224,224,3,JPEG,34915
Image_3518,train/Image_3518.jpg,Image_3518.jpg,COPPER TAIL,22,224,224,3,JPEG,20970
Image_2931,train/Image_2931.jpg,Image_2931.jpg,CAIRNS BIRDWING,14,224,224,3,JPEG,19826
Image_5265,train/Image_5265.jpg,Image_5265.jpg,GREAT EGGFLY,31,224,224,3,JPEG,23950
Image_5279,train/Image_5279.jpg,Image_5279.jpg,BANDED ORANGE HELICONIAN,6,224,224,3,JPEG,22698
Image_2928,train/Image_2928.jpg,Image_2928.jpg,PURPLISH COPPER,56,224,224,3,JPEG,17403
Image_2846,train/Image_2846.jpg,Image_2846.jpg,CHECQUERED SKIPPER,15,224,224,3,JPEG,26384
Image_3081,train/Image_3081.jpg,Image_3081.jpg,CLEOPATRA,17,224,224,3,JPEG,25257
Image_4044,train/Image_4044.jpg,Image_4044.jpg,RED POSTMAN,60,224,224,3,JPEG,23060
Image_2152,train/Image_2152.jpg,Image_2152.jpg,ORANGE OAKLEAF,46,224,224,3,JPEG,32787
Image_4674,train/Image_4674.jpg,Image_4674.jpg,MOURNING CLOAK,45,224,224,3,JPEG,24568
Image_6183,train/Image_6183.jpg,Image_6183.jpg,BLUE MORPHO,10,224,224,3,JPEG,27140
Image_3080,train/Image_3080.jpg,Image_3080.jpg,PURPLISH COPPER,56,224,224,3,JPEG,20659
Image_2343,train/Image_2343.jpg,Image_2343.jpg,AFRICAN GIANT SWALLOWTAIL,1,224,224,3,JPEG,24438
Image_1090,train/Image_1090.jpg,Image_1090.jpg,INDRA SWALLOW,35,224,224,3,JPEG,30767
Image_4017,train/Image_4017.jpg,Image_4017.jpg,ELBOWED PIERROT,29,224,224,3,JPEG,27875
Image_5920,train/Image_5920.jpg,Image_5920.jpg,CHESTNUT,16,224,224,3,JPEG,33444
Image_2335,train/Image_2335.jpg,Image_2335.jpg,SOUTHERN DOGFACE,66,224,224,3,JPEG,21576
Image_5840,train/Image_5840.jpg,Image_5840.jpg,PINE WHITE,52,224,224,3,JPEG,20668
Image_6101,train/Image_6101.jpg,Image_6101.jpg,APPOLLO,4,224,224,3,JPEG,32290
Image_370,train/Image_370.jpg,Image_370.jpg,TWO BARRED FLASHER,69,224,224,3,JPEG,32729
Image_2330,train/Image_2330.jpg,Image_2330.jpg,PEACOCK,51,224,224,3,JPEG,34995
Image_649,train/Image_649.jpg,Image_649.jpg,MONARCH,44,224,224,3,JPEG,33045
Image_6363,train/Image_6363.jpg,Image_6363.jpg,INDRA SWALLOW,35,224,224,3,JPEG,23500
Image_3818,train/Image_3818.jpg,Image_3818.jpg,MONARCH,44,224,224,3,JPEG,29623
Image_1984,train/Image_1984.jpg,Image_1984.jpg,BLUE MORPHO,10,224,224,3,JPEG,26302
Image_4096,train/Image_4096.jpg,Image_4096.jpg,ZEBRA LONG WING,74,224,224,3,JPEG,18310
Image_4867,train/Image_4867.jpg,Image_4867.jpg,PEACOCK,51,224,224,3,JPEG,22482
Image_1750,train/Image_1750.jpg,Image_1750.jpg,BROWN SIPROETA,12,224,224,3,JPEG,25781
Image_4690,train/Image_4690.jpg,Image_4690.jpg,MOURNING CLOAK,45,224,224,3,JPEG,32726
Image_2277,train/Image_2277.jpg,Image_2277.jpg,GREEN CELLED CATTLEHEART,33,224,224,3,JPEG,23311
Image_3098,train/Image_3098.jpg,Image_3098.jpg,EASTERN DAPPLE WHITE,27,224,224,3,JPEG,17768
Image_2744,train/Image_2744.jpg,Image_2744.jpg,SCARCE SWALLOW,62,224,224,3,JPEG,22198
Image_6366,train/Image_6366.jpg,Image_6366.jpg,PURPLE HAIRSTREAK,55,224,224,3,JPEG,30341
Image_3320,train/Image_3320.jpg,Image_3320.jpg,COPPER TAIL,22,224,224,3,JPEG,22033
Image_2442,train/Image_2442.jpg,Image_2442.jpg,EASTERN PINE ELFIN,28,224,224,3,JPEG,34324
Image_481,train/Image_481.jpg,Image_481.jpg,PAPER KITE,50,224,224,3,JPEG,27209
Image_1541,train/Image_1541.jpg,Image_1541.jpg,SOOTYWING,65,224,224,3,JPEG,22155
Image_2127,train/Image_2127.jpg,Image_2127.jpg,CHECQUERED SKIPPER,15,224,224,3,JPEG,26155
Image_546,train/Image_546.jpg,Image_546.jpg,PEACOCK,51,224,224,3,JPEG,28030
Image_3699,train/Image_3699.jpg,Image_3699.jpg,SILVER SPOT SKIPPER,63,224,224,3,JPEG,19026
Image_4766,train/Image_4766.jpg,Image_4766.jpg,EASTERN PINE ELFIN,28,224,224,3,JPEG,41475
Image_1648,train/Image_1648.jpg,Image_1648.jpg,PURPLE HAIRSTREAK,55,224,224,3,JPEG,20295
Image_1017,train/Image_1017.jpg,Image_1017.jpg,ATALA,5,224,224,3,JPEG,20671
Image_692,train/Image_692.jpg,Image_692.jpg,YELLOW SWALLOW TAIL,73,224,224,3,JPEG,27294
Image_5850,train/Image_5850.jpg,Image_5850.jpg,ORANGE TIP,47,224,224,3,JPEG,15803
Image_1971,train/Image_1971.jpg,Image_1971.jpg,DANAID EGGFLY,25,224,224,3,JPEG,20663
Image_5357,train/Image_5357.jpg,Image_5357.jpg,CHESTNUT,16,224,224,3,JPEG,26915
Image_2597,train/Image_2597.jpg,Image_2597.jpg,ORANGE TIP,47,224,224,3,JPEG,20492
Image_2023,train/Image_2023.jpg,Image_2023.jpg,MALACHITE,39,224,224,3,JPEG,28829
Image_6018,train/Image_6018.jpg,Image_6018.jpg,BECKERS WHITE,8,224,224,3,JPEG,27118
Image_394,train/Image_394.jpg,Image_394.jpg,SOOTYWING,65,224,224,3,JPEG,25531
Image_2644,train/Image_2644.jpg,Image_2644.jpg,CLEOPATRA,17,224,224,3,JPEG,28970
Image_4063,train/Image_4063.jpg,Image_4063.jpg,DANAID EGGFLY,25,224,224,3,JPEG,22649
Image_2000,train/Image_2000.jpg,Image_2000.jpg,POPINJAY,54,224,224,3,JPEG,16848
Image_690,train/Image_690.jpg,Image_690.jpg,GOLD BANDED,30,224,224,3,JPEG,20085
Image_3608,train/Image_3608.jpg,Image_3608.jpg,PAPER KITE,50,224,224,3,JPEG,26190
Image_201,train/Image_201.jpg,Image_201.jpg,EASTERN COMA,26,224,224,3,JPEG,27785
Image_4920,train/Image_4920.jpg,Image_4920.jpg,LARGE MARBLE,38,224,224,3,JPEG,25186
Image_3372,train/Image_3372.jpg,Image_3372.jpg,ORANGE TIP,47,224,224,3,JPEG,16868
Image_5696,train/Image_5696.jpg,Image_5696.jpg,BANDED ORANGE HELICONIAN,6,224,224,3,JPEG,26472
Image_3971,train/Image_3971.jpg,Image_3971.jpg,MALACHITE,39,224,224,3,JPEG,26252
Image_5383,train/Image_5383.jpg,Image_5383.jpg,TWO BARRED FLASHER,69,224,224,3,JPEG,23713
Image_6392,train/Image_6392.jpg,Image_6392.jpg,DANAID EGGFLY,25,224,224,3,JPEG,20130
Image_737,train/Image_737.jpg,Image_737.jpg,INDRA SWALLOW,35,224,224,3,JPEG,31595
Image_5093,train/Image_5093.jpg,Image_5093.jpg,CAIRNS BIRDWING,14,224,224,3,JPEG,26794
Image_727,train/Image_727.jpg,Image_727.jpg,COMMON WOOD-NYMPH,21,224,224,3,JPEG,30147
Image_4898,train/Image_4898.jpg,Image_4898.jpg,SLEEPY ORANGE,64,224,224,3,JPEG,19164
Image_4611,train/Image_4611.jpg,Image_4611.jpg,COMMON WOOD-NYMPH,21,224,224,3,JPEG,33009
Image_5962,train/Image_5962.jpg,Image_5962.jpg,SILVER SPOT SKIPPER,63,224,224,3,JPEG,27607
Image_2181,train/Image_2181.jpg,Image_2181.jpg,CRIMSON PATCH,24,224,224,3,JPEG,26421
Image_2455,train/Image_2455.jpg,Image_2455.jpg,AFRICAN GIANT SWALLOWTAIL,1,224,224,3,JPEG,21155
Image_2005,train/Image_2005.jpg,Image_2005.jpg,POPINJAY,54,224,224,3,JPEG,40295
Image_2631,train/Image_2631.jpg,Image_2631.jpg,EASTERN DAPPLE WHITE,27,224,224,3,JPEG,21423
Image_29,train/Image_29.jpg,Image_29.jpg,CLOUDED SULPHUR,19,224,224,3,JPEG,23664
Image_309,train/Image_309.jpg,Image_309.jpg,SLEEPY ORANGE,64,224,224,3,JPEG,22388
Image_683,train/Image_683.jpg,Image_683.jpg,COMMON BANDED AWL,20,224,224,3,JPEG,14113
Image_2679,train/Image_2679.jpg,Image_2679.jpg,PIPEVINE SWALLOW,53,224,224,3,JPEG,22861
Image_5297,train/Image_5297.jpg,Image_5297.jpg,TROPICAL LEAFWING,68,224,224,3,JPEG,29444
Image_5169,train/Image_5169.jpg,Image_5169.jpg,SLEEPY ORANGE,64,224,224,3,JPEG,20473
Image_1701,train/Image_1701.jpg,Image_1701.jpg,TROPICAL LEAFWING,68,224,224,3,JPEG,20793
Image_2474,train/Image_2474.jpg,Image_2474.jpg,IPHICLUS SISTER,36,224,224,3,JPEG,27876
Image_337,train/Image_337.jpg,Image_337.jpg,BLACK HAIRSTREAK,9,224,224,3,JPEG,18236
Image_2987,train/Image_2987.jpg,Image_2987.jpg,COMMON WOOD-NYMPH,21,224,224,3,JPEG,35824
Image_1933,train/Image_1933.jpg,Image_1933.jpg,LARGE MARBLE,38,224,224,3,JPEG,16621
Image_2089,train/Image_2089.jpg,Image_2089.jpg,CRIMSON PATCH,24,224,224,3,JPEG,27816
Image_5499,train/Image_5499.jpg,Image_5499.jpg,COPPER TAIL,22,224,224,3,JPEG,35440
Image_1589,train/Image_1589.jpg,Image_1589.jpg,MALACHITE,39,224,224,3,JPEG,30959
Image_1498,train/Image_1498.jpg,Image_1498.jpg,DANAID EGGFLY,25,224,224,3,JPEG,21916
Image_1262,train/Image_1262.jpg,Image_1262.jpg,RED CRACKER,59,224,224,3,JPEG,31242
Image_4869,train/Image_4869.jpg,Image_4869.jpg,BECKERS WHITE,8,224,224,3,JPEG,21499
Image_4116,train/Image_4116.jpg,Image_4116.jpg,BLUE SPOTTED CROW,11,224,224,3,JPEG,17898
Image_5911,train/Image_5911.jpg,Image_5911.jpg,ATALA,5,224,224,3,JPEG,15608
Image_1958,train/Image_1958.jpg,Image_1958.jpg,COMMON BANDED AWL,20,224,224,3,JPEG,16611
Image_1651,train/Image_1651.jpg,Image_1651.jpg,LARGE MARBLE,38,224,224,3,JPEG,18088
Image_6031,train/Image_6031.jpg,Image_6031.jpg,GREAT JAY,32,224,224,3,JPEG,21066
Image_4997,train/Image_4997.jpg,Image_4997.jpg,MONARCH,44,224,224,3,JPEG,24274
Image_1093,train/Image_1093.jpg,Image_1093.jpg,PINE WHITE,52,224,224,3,JPEG,25588
Image_3323,train/Image_3323.jpg,Image_3323.jpg,LARGE MARBLE,38,224,224,3,JPEG,26630
Image_4886,train/Image_4886.jpg,Image_4886.jpg,ORANGE TIP,47,224,224,3,JPEG,18444
Image_4420,train/Image_4420.jpg,Image_4420.jpg,CRIMSON PATCH,24,224,224,3,JPEG,23428
Image_2972,train/Image_2972.jpg,Image_2972.jpg,CLOUDED SULPHUR,19,224,224,3,JPEG,18337
Image_6412,train/Image_6412.jpg,Image_6412.jpg,BANDED PEACOCK,7,224,224,3,JPEG,25404
Image_2007,train/Image_2007.jpg,Image_2007.jpg,GREAT JAY,32,224,224,3,JPEG,19634
Image_2662,train/Image_2662.jpg,Image_2662.jpg,CLEOPATRA,17,224,224,3,JPEG,15038
Image_2176,train/Image_2176.jpg,Image_2176.jpg,PAINTED LADY,49,224,224,3,JPEG,21118
Image_107,train/Image_107.jpg,Image_107.jpg,MILBERTS TORTOISESHELL,43,224,224,3,JPEG,31001
Image_2020,train/Image_2020.jpg,Image_2020.jpg,DANAID EGGFLY,25,224,224,3,JPEG,24302
Image_2453,train/Image_2453.jpg,Image_2453.jpg,BROWN SIPROETA,12,224,224,3,JPEG,29379
Image_3776,train/Image_3776.jpg,Image_3776.jpg,BECKERS WHITE,8,224,224,3,JPEG,21175
Image_923,train/Image_923.jpg,Image_923.jpg,BLUE MORPHO,10,224,224,3,JPEG,24332
Image_4596,train/Image_4596.jpg,Image_4596.jpg,GREEN CELLED CATTLEHEART,33,224,224,3,JPEG,20083
Image_5625,train/Image_5625.jpg,Image_5625.jpg,AMERICAN SNOOT,2,224,224,3,JPEG,22914
Image_3149,train/Image_3149.jpg,Image_3149.jpg,GREAT JAY,32,224,224,3,JPEG,35771
Image_3813,train/Image_3813.jpg,Image_3813.jpg,SILVER SPOT SKIPPER,63,224,224,3,JPEG,23010
Image_6212,train/Image_6212.jpg,Image_6212.jpg,AFRICAN GIANT SWALLOWTAIL,1,224,224,3,JPEG,13500
Image_1277,train/Image_1277.jpg,Image_1277.jpg,COMMON WOOD-NYMPH,21,224,224,3,JPEG,28770
Image_5937,train/Image_5937.jpg,Image_5937.jpg,PINE WHITE,52,224,224,3,JPEG,26442
Image_1331,train/Image_1331.jpg,Image_1331.jpg,SCARCE SWALLOW,62,224,224,3,JPEG,22805
Image_3341,train/Image_3341.jpg,Image_3341.jpg,STRAITED QUEEN,67,224,224,3,JPEG,30092
Image_1139,train/Image_1139.jpg,Image_1139.jpg,SOOTYWING,65,224,224,3,JPEG,28434
Image_3709,train/Image_3709.jpg,Image_3709.jpg,METALMARK,42,224,224,3,JPEG,19183
Image_6242,train/Image_6242.jpg,Image_6242.jpg,PINE WHITE,52,224,224,3,JPEG,25486
Image_1735,train/Image_1735.jpg,Image_1735.jpg,PINE WHITE,52,224,224,3,JPEG,24463
Image_3581,train/Image_3581.jpg,Image_3581.jpg,AN 88,3,224,224,3,JPEG,24379
Image_3619,train/Image_3619.jpg,Image_3619.jpg,EASTERN DAPPLE WHITE,27,224,224,3,JPEG,30813
Image_3803,train/Image_3803.jpg,Image_3803.jpg,CLEOPATRA,17,224,224,3,JPEG,17481
Image_3772,train/Image_3772.jpg,Image_3772.jpg,RED ADMIRAL,58,224,224,3,JPEG,27687
Image_276,train/Image_276.jpg,Image_276.jpg,SCARCE SWALLOW,62,224,224,3,JPEG,26297
Image_5244,train/Image_5244.jpg,Image_5244.jpg,CLEOPATRA,17,224,224,3,JPEG,14472
Image_5376,train/Image_5376.jpg,Image_5376.jpg,ATALA,5,224,224,3,JPEG,22360
Image_807,train/Image_807.jpg,Image_807.jpg,CRIMSON PATCH,24,224,224,3,JPEG,22145
Image_5192,train/Image_5192.jpg,Image_5192.jpg,BANDED PEACOCK,7,224,224,3,JPEG,24019
Image_5912,train/Image_5912.jpg,Image_5912.jpg,GREEN CELLED CATTLEHEART,33,224,224,3,JPEG,27347
Image_6098,train/Image_6098.jpg,Image_6098.jpg,MANGROVE SKIPPER,40,224,224,3,JPEG,29531
Image_3889,train/Image_3889.jpg,Image_3889.jpg,EASTERN PINE ELFIN,28,224,224,3,JPEG,20528
Image_3194,train/Image_3194.jpg,Image_3194.jpg,MOURNING CLOAK,45,224,224,3,JPEG,31706
Image_318,train/Image_318.jpg,Image_318.jpg,MONARCH,44,224,224,3,JPEG,25923
Image_491,train/Image_491.jpg,Image_491.jpg,TWO BARRED FLASHER,69,224,224,3,JPEG,25083
Image_6219,train/Image_6219.jpg,Image_6219.jpg,RED ADMIRAL,58,224,224,3,JPEG,31028
Image_4267,train/Image_4267.jpg,Image_4267.jpg,MILBERTS TORTOISESHELL,43,224,224,3,JPEG,28178
Image_1917,train/Image_1917.jpg,Image_1917.jpg,MANGROVE SKIPPER,40,224,224,3,JPEG,26354
Image_3979,train/Image_3979.jpg,Image_3979.jpg,GREY HAIRSTREAK,34,224,224,3,JPEG,22961
Image_1470,train/Image_1470.jpg,Image_1470.jpg,STRAITED QUEEN,67,224,224,3,JPEG,33141
Image_1936,train/Image_1936.jpg,Image_1936.jpg,ORCHARD SWALLOW,48,224,224,3,JPEG,22362
Image_2195,train/Image_2195.jpg,Image_2195.jpg,EASTERN PINE ELFIN,28,224,224,3,JPEG,22737
Image_299,train/Image_299.jpg,Image_299.jpg,CAIRNS BIRDWING,14,224,224,3,JPEG,19480
Image_3784,train/Image_3784.jpg,Image_3784.jpg,ADONIS,0,224,224,3,JPEG,34523
Image_1395,train/Image_1395.jpg,Image_1395.jpg,YELLOW SWALLOW TAIL,73,224,224,3,JPEG,19931
Image_5562,train/Image_5562.jpg,Image_5562.jpg,POPINJAY,54,224,224,3,JPEG,39301
Image_2187,train/Image_2187.jpg,Image_2187.jpg,GREEN CELLED CATTLEHEART,33,224,224,3,JPEG,17290
Image_4594,train/Image_4594.jpg,Image_4594.jpg,IPHICLUS SISTER,36,224,224,3,JPEG,25691
Image_4985,train/Image_4985.jpg,Image_4985.jpg,PINE WHITE,52,224,224,3,JPEG,20418
Image_293,train/Image_293.jpg,Image_293.jpg,GREAT EGGFLY,31,224,224,3,JPEG,28110
Image_5774,train/Image_5774.jpg,Image_5774.jpg,BLACK HAIRSTREAK,9,224,224,3,JPEG,24563
Image_4316,train/Image_4316.jpg,Image_4316.jpg,WOOD SATYR,72,224,224,3,JPEG,28689
Image_1799,train/Image_1799.jpg,Image_1799.jpg,MILBERTS TORTOISESHELL,43,224,224,3,JPEG,23469
Image_122,train/Image_122.jpg,Image_122.jpg,BLUE SPOTTED CROW,11,224,224,3,JPEG,22892
Image_867,train/Image_867.jpg,Image_867.jpg,GREEN CELLED CATTLEHEART,33,224,224,3,JPEG,18786
Image_5617,train/Image_5617.jpg,Image_5617.jpg,MONARCH,44,224,224,3,JPEG,26391
Image_444,train/Image_444.jpg,Image_444.jpg,PURPLISH COPPER,56,224,224,3,JPEG,23111
Image_123,train/Image_123.jpg,Image_123.jpg,AN 88,3,224,224,3,JPEG,25492
Image_3793,train/Image_3793.jpg,Image_3793.jpg,SCARCE SWALLOW,62,224,224,3,JPEG,30584
Image_3432,train/Image_3432.jpg,Image_3432.jpg,COPPER TAIL,22,224,224,3,JPEG,28070
Image_5733,train/Image_5733.jpg,Image_5733.jpg,IPHICLUS SISTER,36,224,224,3,JPEG,27169
Image_2239,train/Image_2239.jpg,Image_2239.jpg,MANGROVE SKIPPER,40,224,224,3,JPEG,22214
Image_1407,train/Image_1407.jpg,Image_1407.jpg,EASTERN COMA,26,224,224,3,JPEG,33571
Image_3729,train/Image_3729.jpg,Image_3729.jpg,JULIA,37,224,224,3,JPEG,29633
Image_1675,train/Image_1675.jpg,Image_1675.jpg,ORANGE TIP,47,224,224,3,JPEG,15163
Image_3994,train/Image_3994.jpg,Image_3994.jpg,SCARCE SWALLOW,62,224,224,3,JPEG,21491
Image_4277,train/Image_4277.jpg,Image_4277.jpg,GREAT JAY,32,224,224,3,JPEG,22831
Image_3629,train/Image_3629.jpg,Image_3629.jpg,ULYSES,70,224,224,3,JPEG,28411
Image_4776,train/Image_4776.jpg,Image_4776.jpg,CHECQUERED SKIPPER,15,224,224,3,JPEG,28108
Image_4481,train/Image_4481.jpg,Image_4481.jpg,EASTERN DAPPLE WHITE,27,224,224,3,JPEG,23351
Image_4041,train/Image_4041.jpg,Image_4041.jpg,MOURNING CLOAK,45,224,224,3,JPEG,25942
Image_1827,train/Image_1827.jpg,Image_1827.jpg,VICEROY,71,224,224,3,JPEG,31588
Image_4486,train/Image_4486.jpg,Image_4486.jpg,JULIA,37,224,224,3,JPEG,30373
Image_6456,train/Image_6456.jpg,Image_6456.jpg,PURPLISH COPPER,56,224,224,3,JPEG,24032
Image_839,train/Image_839.jpg,Image_839.jpg,ORCHARD SWALLOW,48,224,224,3,JPEG,31110
Image_2879,train/Image_2879.jpg,Image_2879.jpg,PIPEVINE SWALLOW,53,224,224,3,JPEG,25551
Image_5637,train/Image_5637.jpg,Image_5637.jpg,COMMON BANDED AWL,20,224,224,3,JPEG,23309
Image_3743,train/Image_3743.jpg,Image_3743.jpg,COMMON BANDED AWL,20,224,224,3,JPEG,19500
Image_6369,train/Image_6369.jpg,Image_6369.jpg,STRAITED QUEEN,67,224,224,3,JPEG,27349
Image_6295,train/Image_6295.jpg,Image_6295.jpg,SOUTHERN DOGFACE,66,224,224,3,JPEG,23581
Image_5432,train/Image_5432.jpg,Image_5432.jpg,CAIRNS BIRDWING,14,224,224,3,JPEG,15463
Image_5381,train/Image_5381.jpg,Image_5381.jpg,CLEOPATRA,17,224,224,3,JPEG,23681
Image_4230,train/Image_4230.jpg,Image_4230.jpg,MONARCH,44,224,224,3,JPEG,34023
Image_4263,train/Image_4263.jpg,Image_4263.jpg,BANDED ORANGE HELICONIAN,6,224,224,3,JPEG,29560
Image_4185,train/Image_4185.jpg,Image_4185.jpg,GREEN CELLED CATTLEHEART,33,224,224,3,JPEG,29472
Image_326,train/Image_326.jpg,Image_326.jpg,CABBAGE WHITE,13,224,224,3,JPEG,18674
Image_592,train/Image_592.jpg,Image_592.jpg,SOOTYWING,65,224,224,3,JPEG,19708
Image_2869,train/Image_2869.jpg,Image_2869.jpg,VICEROY,71,224,224,3,JPEG,32278
Image_3303,train/Image_3303.jpg,Image_3303.jpg,ADONIS,0,224,224,3,JPEG,27382
Image_4155,train/Image_4155.jpg,Image_4155.jpg,ZEBRA LONG WING,74,224,224,3,JPEG,31227
Image_6186,train/Image_6186.jpg,Image_6186.jpg,PEACOCK,51,224,224,3,JPEG,20455
Image_2416,train/Image_2416.jpg,Image_2416.jpg,RED CRACKER,59,224,224,3,JPEG,32097
Image_1740,train/Image_1740.jpg,Image_1740.jpg,MALACHITE,39,224,224,3,JPEG,36988
Image_6416,train/Image_6416.jpg,Image_6416.jpg,MALACHITE,39,224,224,3,JPEG,23704
Image_1281,train/Image_1281.jpg,Image_1281.jpg,CRECENT,23,224,224,3,JPEG,33253
Image_5776,train/Image_5776.jpg,Image_5776.jpg,TWO BARRED FLASHER,69,224,224,3,JPEG,19672
Image_720,train/Image_720.jpg,Image_720.jpg,SILVER SPOT SKIPPER,63,224,224,3,JPEG,16003
Image_152,train/Image_152.jpg,Image_152.jpg,GREAT EGGFLY,31,224,224,3,JPEG,26108
Image_1100,train/Image_1100.jpg,Image_1100.jpg,QUESTION MARK,57,224,224,3,JPEG,25658
Image_2487,train/Image_2487.jpg,Image_2487.jpg,ORANGE OAKLEAF,46,224,224,3,JPEG,28218
Image_1341,train/Image_1341.jpg,Image_1341.jpg,RED ADMIRAL,58,224,224,3,JPEG,27787
Image_3290,train/Image_3290.jpg,Image_3290.jpg,CABBAGE WHITE,13,224,224,3,JPEG,15172
Image_4404,train/Image_4404.jpg,Image_4404.jpg,ATALA,5,224,224,3,JPEG,22797
Image_1696,train/Image_1696.jpg,Image_1696.jpg,EASTERN DAPPLE WHITE,27,224,224,3,JPEG,15214
Image_2393,train/Image_2393.jpg,Image_2393.jpg,GOLD BANDED,30,224,224,3,JPEG,31240
Image_2491,train/Image_2491.jpg,Image_2491.jpg,CHECQUERED SKIPPER,15,224,224,3,JPEG,23003
Image_1217,train/Image_1217.jpg,Image_1217.jpg,CLODIUS PARNASSIAN,18,224,224,3,JPEG,31571
Image_3442,train/Image_3442.jpg,Image_3442.jpg,CHESTNUT,16,224,224,3,JPEG,26912
Image_1625,train/Image_1625.jpg,Image_1625.jpg,PURPLE HAIRSTREAK,55,224,224,3,JPEG,28745
Image_6143,train/Image_6143.jpg,Image_6143.jpg,CABBAGE WHITE,13,224,224,3,JPEG,20368
Image_5500,train/Image_5500.jpg,Image_5500.jpg,BECKERS WHITE,8,224,224,3,JPEG,26373
Image_3135,train/Image_3135.jpg,Image_3135.jpg,CLODIUS PARNASSIAN,18,224,224,3,JPEG,26559
Image_5126,train/Image_5126.jpg,Image_5126.jpg,BROWN SIPROETA,12,224,224,3,JPEG,22446
Image_3525,train/Image_3525.jpg,Image_3525.jpg,CRECENT,23,224,224,3,JPEG,31397
Image_5702,train/Image_5702.jpg,Image_5702.jpg,RED CRACKER,59,224,224,3,JPEG,26256
Image_5705,train/Image_5705.jpg,Image_5705.jpg,SCARCE SWALLOW,62,224,224,3,JPEG,25642
Image_1142,train/Image_1142.jpg,Image_1142.jpg,COMMON WOOD-NYMPH,21,224,224,3,JPEG,31850
Image_3913,train/Image_3913.jpg,Image_3913.jpg,COPPER TAIL,22,224,224,3,JPEG,26379
Image_1513,train/Image_1513.jpg,Image_1513.jpg,QUESTION MARK,57,224,224,3,JPEG,32113
Image_5827,train/Image_5827.jpg,Image_5827.jpg,EASTERN DAPPLE WHITE,27,224,224,3,JPEG,22726
Image_5378,train/Image_5378.jpg,Image_5378.jpg,QUESTION MARK,57,224,224,3,JPEG,28941
Image_456,train/Image_456.jpg,Image_456.jpg,POPINJAY,54,224,224,3,JPEG,23145
Image_6056,train/Image_6056.jpg,Image_6056.jpg,IPHICLUS SISTER,36,224,224,3,JPEG,33126
Image_5193,train/Image_5193.jpg,Image_5193.jpg,SOOTYWING,65,224,224,3,JPEG,21584
Image_6024,train/Image_6024.jpg,Image_6024.jpg,MESTRA,41,224,224,3,JPEG,21345
Image_1632,train/Image_1632.jpg,Image_1632.jpg,ATALA,5,224,224,3,JPEG,17218
Image_338,train/Image_338.jpg,Image_338.jpg,PINE WHITE,52,224,224,3,JPEG,25224
Image_3411,train/Image_3411.jpg,Image_3411.jpg,EASTERN DAPPLE WHITE,27,224,224,3,JPEG,25185
Image_5964,train/Image_5964.jpg,Image_5964.jpg,BROWN SIPROETA,12,224,224,3,JPEG,28125
Image_1005,train/Image_1005.jpg,Image_1005.jpg,JULIA,37,224,224,3,JPEG,25097
Image_2021,train/Image_2021.jpg,Image_2021.jpg,PURPLE HAIRSTREAK,55,224,224,3,JPEG,21746
Image_2729,train/Image_2729.jpg,Image_2729.jpg,ULYSES,70,224,224,3,JPEG,31373
Image_4271,train/Image_4271.jpg,Image_4271.jpg,SOUTHERN DOGFACE,66,224,224,3,JPEG,19378
Image_6083,train/Image_6083.jpg,Image_6083.jpg,COMMON BANDED AWL,20,224,224,3,JPEG,23910
Image_2105,train/Image_2105.jpg,Image_2105.jpg,MESTRA,41,224,224,3,JPEG,27913
Image_2954,train/Image_2954.jpg,Image_2954.jpg,WOOD SATYR,72,224,224,3,JPEG,24877
Image_4078,train/Image_4078.jpg,Image_4078.jpg,SLEEPY ORANGE,64,224,224,3,JPEG,13410
Image_1457,train/Image_1457.jpg,Image_1457.jpg,JULIA,37,224,224,3,JPEG,21810
Image_2873,train/Image_2873.jpg,Image_2873.jpg,MOURNING CLOAK,45,224,224,3,JPEG,28324
Image_5603,train/Image_5603.jpg,Image_5603.jpg,ZEBRA LONG WING,74,224,224,3,JPEG,26784
Image_2584,train/Image_2584.jpg,Image_2584.jpg,ADONIS,0,224,224,3,JPEG,33697
Image_5675,train/Image_5675.jpg,Image_5675.jpg,COMMON WOOD-NYMPH,21,224,224,3,JPEG,24236
Image_1865,train/Image_1865.jpg,Image_1865.jpg,RED POSTMAN,60,224,224,3,JPEG,30430
Image_1385,train/Image_1385.jpg,Image_1385.jpg,AN 88,3,224,224,3,JPEG,25472
Image_3722,train/Image_3722.jpg,Image_3722.jpg,CLODIUS PARNASSIAN,18,224,224,3,JPEG,29897
Image_1743,train/Image_1743.jpg,Image_1743.jpg,COMMON BANDED AWL,20,224,224,3,JPEG,14299
Image_4002,train/Image_4002.jpg,Image_4002.jpg,CABBAGE WHITE,13,224,224,3,JPEG,23330
Image_5650,train/Image_5650.jpg,Image_5650.jpg,AMERICAN SNOOT,2,224,224,3,JPEG,27253
Image_3176,train/Image_3176.jpg,Image_3176.jpg,AFRICAN GIANT SWALLOWTAIL,1,224,224,3,JPEG,28015
Image_4232,train/Image_4232.jpg,Image_4232.jpg,RED POSTMAN,60,224,224,3,JPEG,25016
Image_3480,train/Image_3480.jpg,Image_3480.jpg,CHESTNUT,16,224,224,3,JPEG,21682
Image_5040,train/Image_5040.jpg,Image_5040.jpg,BLUE SPOTTED CROW,11,224,224,3,JPEG,17227
Image_3130,train/Image_3130.jpg,Image_3130.jpg,PAPER KITE,50,224,224,3,JPEG,36378
Image_5919,train/Image_5919.jpg,Image_5919.jpg,BECKERS WHITE,8,224,224,3,JPEG,21099
Image_5600,train/Image_5600.jpg,Image_5600.jpg,CRIMSON PATCH,24,224,224,3,JPEG,26873
Image_780,train/Image_780.jpg,Image_780.jpg,INDRA SWALLOW,35,224,224,3,JPEG,23572
Image_3570,train/Image_3570.jpg,Image_3570.jpg,PAINTED LADY,49,224,224,3,JPEG,37632
Image_1255,train/Image_1255.jpg,Image_1255.jpg,SOOTYWING,65,224,224,3,JPEG,16366
Image_1570,train/Image_1570.jpg,Image_1570.jpg,SLEEPY ORANGE,64,224,224,3,JPEG,18457
Image_2803,train/Image_2803.jpg,Image_2803.jpg,QUESTION MARK,57,224,224,3,JPEG,38179
Image_953,train/Image_953.jpg,Image_953.jpg,GREY HAIRSTREAK,34,224,224,3,JPEG,24867
Image_2146,train/Image_2146.jpg,Image_2146.jpg,QUESTION MARK,57,224,224,3,JPEG,36318
Image_6450,train/Image_6450.jpg,Image_6450.jpg,GREY HAIRSTREAK,34,224,224,3,JPEG,23136
Image_1441,train/Image_1441.jpg,Image_1441.jpg,RED CRACKER,59,224,224,3,JPEG,27520
Image_4915,train/Image_4915.jpg,Image_4915.jpg,SOUTHERN DOGFACE,66,224,224,3,JPEG,21187
Image_3212,train/Image_3212.jpg,Image_3212.jpg,YELLOW SWALLOW TAIL,73,224,224,3,JPEG,27837
Image_4289,train/Image_4289.jpg,Image_4289.jpg,RED SPOTTED PURPLE,61,224,224,3,JPEG,19551
Image_97,train/Image_97.jpg,Image_97.jpg,SCARCE SWALLOW,62,224,224,3,JPEG,26291
Image_2131,train/Image_2131.jpg,Image_2131.jpg,TWO BARRED FLASHER,69,224,224,3,JPEG,25671
Image_4566,train/Image_4566.jpg,Image_4566.jpg,TROPICAL LEAFWING,68,224,224,3,JPEG,26864
Image_4959,train/Image_4959.jpg,Image_4959.jpg,PINE WHITE,52,224,224,3,JPEG,25953
Image_2002,train/Image_2002.jpg,Image_2002.jpg,INDRA SWALLOW,35,224,224,3,JPEG,21482
Image_2590,train/Image_2590.jpg,Image_2590.jpg,MANGROVE SKIPPER,40,224,224,3,JPEG,22177
Image_5689,train/Image_5689.jpg,Image_5689.jpg,SILVER SPOT SKIPPER,63,224,224,3,JPEG,20338
Image_656,train/Image_656.jpg,Image_656.jpg,AMERICAN SNOOT,2,224,224,3,JPEG,30743
Image_1654,train/Image_1654.jpg,Image_1654.jpg,METALMARK,42,224,224,3,JPEG,19594
Image_3484,train/Image_3484.jpg,Image_3484.jpg,RED ADMIRAL,58,224,224,3,JPEG,27797
Image_4659,train/Image_4659.jpg,Image_4659.jpg,CLEOPATRA,17,224,224,3,JPEG,26248
Image_1627,train/Image_1627.jpg,Image_1627.jpg,LARGE MARBLE,38,224,224,3,JPEG,24897
Image_3718,train/Image_3718.jpg,Image_3718.jpg,CHESTNUT,16,224,224,3,JPEG,27795
Image_2934,train/Image_2934.jpg,Image_2934.jpg,MILBERTS TORTOISESHELL,43,224,224,3,JPEG,26034
Image_3428,train/Image_3428.jpg,Image_3428.jpg,COMMON BANDED AWL,20,224,224,3,JPEG,24766
Image_5825,train/Image_5825.jpg,Image_5825.jpg,CLODIUS PARNASSIAN,18,224,224,3,JPEG,31101
Image_6272,train/Image_6272.jpg,Image_6272.jpg,COPPER TAIL,22,224,224,3,JPEG,26178
Image_445,train/Image_445.jpg,Image_445.jpg,GREAT JAY,32,224,224,3,JPEG,22223
Image_4934,train/Image_4934.jpg,Image_4934.jpg,CAIRNS BIRDWING,14,224,224,3,JPEG,18150
Image_2993,train/Image_2993.jpg,Image_2993.jpg,SOUTHERN DOGFACE,66,224,224,3,JPEG,26762
Image_6347,train/Image_6347.jpg,Image_6347.jpg,MESTRA,41,224,224,3,JPEG,14287
Image_1077,train/Image_1077.jpg,Image_1077.jpg,GREAT EGGFLY,31,224,224,3,JPEG,31548
Image_2473,train/Image_2473.jpg,Image_2473.jpg,MOURNING CLOAK,45,224,224,3,JPEG,33394
Image_238,train/Image_238.jpg,Image_238.jpg,ELBOWED PIERROT,29,224,224,3,JPEG,19925
Image_1903,train/Image_1903.jpg,Image_1903.jpg,AFRICAN GIANT SWALLOWTAIL,1,224,224,3,JPEG,18350
Image_6454,train/Image_6454.jpg,Image_6454.jpg,COPPER TAIL,22,224,224,3,JPEG,31152
Image_5333,train/Image_5333.jpg,Image_5333.jpg,SOUTHERN DOGFACE,66,224,224,3,JPEG,22214
Image_6119,train/Image_6119.jpg,Image_6119.jpg,ORANGE TIP,47,224,224,3,JPEG,16556
Image_718,train/Image_718.jpg,Image_718.jpg,CRECENT,23,224,224,3,JPEG,30488
Image_6258,train/Image_6258.jpg,Image_6258.jpg,POPINJAY,54,224,224,3,JPEG,20894
Image_3333,train/Image_3333.jpg,Image_3333.jpg,AN 88,3,224,224,3,JPEG,29747
Image_1250,train/Image_1250.jpg,Image_1250.jpg,MALACHITE,39,224,224,3,JPEG,26507
Image_4286,train/Image_4286.jpg,Image_4286.jpg,AMERICAN SNOOT,2,224,224,3,JPEG,17586
Image_258,train/Image_258.jpg,Image_258.jpg,CHECQUERED SKIPPER,15,224,224,3,JPEG,30076
Image_4870,train/Image_4870.jpg,Image_4870.jpg,TROPICAL LEAFWING,68,224,224,3,JPEG,25876
Image_4645,train/Image_4645.jpg,Image_4645.jpg,CLOUDED SULPHUR,19,224,224,3,JPEG,20865
Image_1283,train/Image_1283.jpg,Image_1283.jpg,COMMON BANDED AWL,20,224,224,3,JPEG,13263
Image_4304,train/Image_4304.jpg,Image_4304.jpg,ULYSES,70,224,224,3,JPEG,23119
Image_247,train/Image_247.jpg,Image_247.jpg,YELLOW SWALLOW TAIL,73,224,224,3,JPEG,36101
Image_1494,train/Image_1494.jpg,Image_1494.jpg,EASTERN COMA,26,224,224,3,JPEG,27527
Image_1927,train/Image_1927.jpg,Image_1927.jpg,ADONIS,0,224,224,3,JPEG,26868
Image_4424,train/Image_4424.jpg,Image_4424.jpg,STRAITED QUEEN,67,224,224,3,JPEG,32548
Image_5243,train/Image_5243.jpg,Image_5243.jpg,EASTERN COMA,26,224,224,3,JPEG,29909
Image_5526,train/Image_5526.jpg,Image_5526.jpg,ORCHARD SWALLOW,48,224,224,3,JPEG,29505
Image_1795,train/Image_1795.jpg,Image_1795.jpg,SLEEPY ORANGE,64,224,224,3,JPEG,22531
Image_1058,train/Image_1058.jpg,Image_1058.jpg,BROWN SIPROETA,12,224,224,3,JPEG,18369
Image_1535,train/Image_1535.jpg,Image_1535.jpg,BANDED PEACOCK,7,224,224,3,JPEG,28604
Image_6422,train/Image_6422.jpg,Image_6422.jpg,SOOTYWING,65,224,224,3,JPEG,36591
Image_2565,train/Image_2565.jpg,Image_2565.jpg,GREEN CELLED CATTLEHEART,33,224,224,3,JPEG,19991
Image_1425,train/Image_1425.jpg,Image_1425.jpg,PURPLE HAIRSTREAK,55,224,224,3,JPEG,25145
Image_4014,train/Image_4014.jpg,Image_4014.jpg,PURPLISH COPPER,56,224,224,3,JPEG,19186
Image_1896,train/Image_1896.jpg,Image_1896.jpg,MALACHITE,39,224,224,3,JPEG,29210
Image_1390,train/Image_1390.jpg,Image_1390.jpg,MOURNING CLOAK,45,224,224,3,JPEG,35405
Image_603,train/Image_603.jpg,Image_603.jpg,RED POSTMAN,60,224,224,3,JPEG,20760
Image_1893,train/Image_1893.jpg,Image_1893.jpg,TROPICAL LEAFWING,68,224,224,3,JPEG,29059
Image_4048,train/Image_4048.jpg,Image_4048.jpg,LARGE MARBLE,38,224,224,3,JPEG,21993
Image_2892,train/Image_2892.jpg,Image_2892.jpg,PURPLISH COPPER,56,224,224,3,JPEG,33476
Image_5017,train/Image_5017.jpg,Image_5017.jpg,EASTERN COMA,26,224,224,3,JPEG,27288
Image_1157,train/Image_1157.jpg,Image_1157.jpg,CLOUDED SULPHUR,19,224,224,3,JPEG,18601
Image_4528,train/Image_4528.jpg,Image_4528.jpg,BANDED PEACOCK,7,224,224,3,JPEG,31792
Image_2261,train/Image_2261.jpg,Image_2261.jpg,PAPER KITE,50,224,224,3,JPEG,27214
Image_3184,train/Image_3184.jpg,Image_3184.jpg,GREAT EGGFLY,31,224,224,3,JPEG,26386
Image_160,train/Image_160.jpg,Image_160.jpg,CLOUDED SULPHUR,19,224,224,3,JPEG,16521
Image_70,train/Image_70.jpg,Image_70.jpg,ORANGE OAKLEAF,46,224,224,3,JPEG,29055
Image_5627,train/Image_5627.jpg,Image_5627.jpg,PEACOCK,51,224,224,3,JPEG,22354
Image_1463,train/Image_1463.jpg,Image_1463.jpg,BANDED ORANGE HELICONIAN,6,224,224,3,JPEG,27076
Image_11,train/Image_11.jpg,Image_11.jpg,MANGROVE SKIPPER,40,224,224,3,JPEG,24712
Image_3928,train/Image_3928.jpg,Image_3928.jpg,APPOLLO,4,224,224,3,JPEG,17032
Image_3125,train/Image_3125.jpg,Image_3125.jpg,MOURNING CLOAK,45,224,224,3,JPEG,27545
Image_3093,train/Image_3093.jpg,Image_3093.jpg,TROPICAL LEAFWING,68,224,224,3,JPEG,25751
Image_1449,train/Image_1449.jpg,Image_1449.jpg,CRECENT,23,224,224,3,JPEG,32269
Image_1381,train/Image_1381.jpg,Image_1381.jpg,PAPER KITE,50,224,224,3,JPEG,29270
Image_6025,train/Image_6025.jpg,Image_6025.jpg,EASTERN PINE ELFIN,28,224,224,3,JPEG,22752
Image_341,train/Image_341.jpg,Image_341.jpg,BROWN SIPROETA,12,224,224,3,JPEG,34752
Image_5687,train/Image_5687.jpg,Image_5687.jpg,RED CRACKER,59,224,224,3,JPEG,35018
Image_5181,train/Image_5181.jpg,Image_5181.jpg,COPPER TAIL,22,224,224,3,JPEG,29843
Image_4233,train/Image_4233.jpg,Image_4233.jpg,SLEEPY ORANGE,64,224,224,3,JPEG,29713
Image_2733,train/Image_2733.jpg,Image_2733.jpg,APPOLLO,4,224,224,3,JPEG,18343
Image_956,train/Image_956.jpg,Image_956.jpg,TROPICAL LEAFWING,68,224,224,3,JPEG,36467
Image_4358,train/Image_4358.jpg,Image_4358.jpg,SOUTHERN DOGFACE,66,224,224,3,JPEG,24484
Image_2247,train/Image_2247.jpg,Image_2247.jpg,QUESTION MARK,57,224,224,3,JPEG,29520
Image_2630,train/Image_2630.jpg,Image_2630.jpg,BLUE MORPHO,10,224,224,3,JPEG,32245
Image_3140,train/Image_3140.jpg,Image_3140.jpg,PURPLE HAIRSTREAK,55,224,224,3,JPEG,27821
Image_877,train/Image_877.jpg,Image_877.jpg,RED SPOTTED PURPLE,61,224,224,3,JPEG,28540
Image_1938,train/Image_1938.jpg,Image_1938.jpg,SILVER SPOT SKIPPER,63,224,224,3,JPEG,26557
Image_6200,train/Image_6200.jpg,Image_6200.jpg,CHECQUERED SKIPPER,15,224,224,3,JPEG,21715
Image_2804,train/Image_2804.jpg,Image_2804.jpg,QUESTION MARK,57,224,224,3,JPEG,32620
Image_1275,train/Image_1275.jpg,Image_1275.jpg,ATALA,5,224,224,3,JPEG,16199
Image_2543,train/Image_2543.jpg,Image_2543.jpg,GREY HAIRSTREAK,34,224,224,3,JPEG,28140
Image_5680,train/Image_5680.jpg,Image_5680.jpg,ORCHARD SWALLOW,48,224,224,3,JPEG,28127
Image_4097,train/Image_4097.jpg,Image_4097.jpg,TWO BARRED FLASHER,69,224,224,3,JPEG,22622
Image_2512,train/Image_2512.jpg,Image_2512.jpg,YELLOW SWALLOW TAIL,73,224,224,3,JPEG,29377
Image_5613,train/Image_5613.jpg,Image_5613.jpg,PURPLISH COPPER,56,224,224,3,JPEG,19871
Image_384,train/Image_384.jpg,Image_384.jpg,ZEBRA LONG WING,74,224,224,3,JPEG,25620
Image_525,train/Image_525.jpg,Image_525.jpg,CAIRNS BIRDWING,14,224,224,3,JPEG,20681
Image_1446,train/Image_1446.jpg,Image_1446.jpg,JULIA,37,224,224,3,JPEG,25997
Image_3463,train/Image_3463.jpg,Image_3463.jpg,MALACHITE,39,224,224,3,JPEG,21413
Image_23,train/Image_23.jpg,Image_23.jpg,COMMON WOOD-NYMPH,21,224,224,3,JPEG,30637
Image_1016,train/Image_1016.jpg,Image_1016.jpg,RED CRACKER,59,224,224,3,JPEG,32577
Image_1245,train/Image_1245.jpg,Image_1245.jpg,CRECENT,23,224,224,3,JPEG,23744
Image_882,train/Image_882.jpg,Image_882.jpg,RED CRACKER,59,224,224,3,JPEG,23880
Image_3045,train/Image_3045.jpg,Image_3045.jpg,ELBOWED PIERROT,29,224,224,3,JPEG,18569
Image_1201,train/Image_1201.jpg,Image_1201.jpg,AN 88,3,224,224,3,JPEG,27437
Image_4908,train/Image_4908.jpg,Image_4908.jpg,BLUE MORPHO,10,224,224,3,JPEG,26725
Image_4505,train/Image_4505.jpg,Image_4505.jpg,CLEOPATRA,17,224,224,3,JPEG,22501
Image_1041,train/Image_1041.jpg,Image_1041.jpg,ULYSES,70,224,224,3,JPEG,31373
Image_4067,train/Image_4067.jpg,Image_4067.jpg,CLOUDED SULPHUR,19,224,224,3,JPEG,22863
Image_825,train/Image_825.jpg,Image_825.jpg,CHESTNUT,16,224,224,3,JPEG,29233
Image_3924,train/Image_3924.jpg,Image_3924.jpg,CLOUDED SULPHUR,19,224,224,3,JPEG,24292
Image_1268,train/Image_1268.jpg,Image_1268.jpg,SOOTYWING,65,224,224,3,JPEG,24270
Image_3326,train/Image_3326.jpg,Image_3326.jpg,PAPER KITE,50,224,224,3,JPEG,29186
Image_2262,train/Image_2262.jpg,Image_2262.jpg,GREAT JAY,32,224,224,3,JPEG,22759
Image_2092,train/Image_2092.jpg,Image_2092.jpg,CLOUDED SULPHUR,19,224,224,3,JPEG,22533
Image_1801,train/Image_1801.jpg,Image_1801.jpg,COMMON WOOD-NYMPH,21,224,224,3,JPEG,22592
Image_3528,train/Image_3528.jpg,Image_3528.jpg,RED POSTMAN,60,224,224,3,JPEG,35773
Image_3859,train/Image_3859.jpg,Image_3859.jpg,GREAT JAY,32,224,224,3,JPEG,15268
Image_2754,train/Image_2754.jpg,Image_2754.jpg,PINE WHITE,52,224,224,3,JPEG,22987
Image_4168,train/Image_4168.jpg,Image_4168.jpg,RED ADMIRAL,58,224,224,3,JPEG,29338
Image_4858,train/Image_4858.jpg,Image_4858.jpg,GREEN CELLED CATTLEHEART,33,224,224,3,JPEG,14438
Image_6014,train/Image_6014.jpg,Image_6014.jpg,MOURNING CLOAK,45,224,224,3,JPEG,26008
Image_3665,train/Image_3665.jpg,Image_3665.jpg,GREAT JAY,32,224,224,3,JPEG,31743
Image_3409,train/Image_3409.jpg,Image_3409.jpg,RED ADMIRAL,58,224,224,3,JPEG,31693
Image_4315,train/Image_4315.jpg,Image_4315.jpg,YELLOW SWALLOW TAIL,73,224,224,3,JPEG,24967
Image_5036,train/Image_5036.jpg,Image_5036.jpg,ORANGE TIP,47,224,224,3,JPEG,18510
Image_6442,train/Image_6442.jpg,Image_6442.jpg,PAPER KITE,50,224,224,3,JPEG,30416
Image_2408,train/Image_2408.jpg,Image_2408.jpg,SLEEPY ORANGE,64,224,224,3,JPEG,32173
Image_6280,train/Image_6280.jpg,Image_6280.jpg,PURPLE HAIRSTREAK,55,224,224,3,JPEG,23550
Image_2622,train/Image_2622.jpg,Image_2622.jpg,SCARCE SWALLOW,62,224,224,3,JPEG,23515
Image_5830,train/Image_5830.jpg,Image_5830.jpg,WOOD SATYR,72,224,224,3,JPEG,20026
Image_6073,train/Image_6073.jpg,Image_6073.jpg,CLOUDED SULPHUR,19,224,224,3,JPEG,16325
Image_6361,train/Image_6361.jpg,Image_6361.jpg,CHECQUERED SKIPPER,15,224,224,3,JPEG,25783
Image_1440,train/Image_1440.jpg,Image_1440.jpg,PEACOCK,51,224,224,3,JPEG,20693
Image_2800,train/Image_2800.jpg,Image_2800.jpg,JULIA,37,224,224,3,JPEG,17962
Image_624,train/Image_624.jpg,Image_624.jpg,ADONIS,0,224,224,3,JPEG,35098
Image_2538,train/Image_2538.jpg,Image_2538.jpg,APPOLLO,4,224,224,3,JPEG,25785
Image_560,train/Image_560.jpg,Image_560.jpg,RED POSTMAN,60,224,224,3,JPEG,22960
Image_3512,train/Image_3512.jpg,Image_3512.jpg,CLEOPATRA,17,224,224,3,JPEG,18545
Image_5545,train/Image_5545.jpg,Image_5545.jpg,MOURNING CLOAK,45,224,224,3,JPEG,33712
Image_2865,train/Image_2865.jpg,Image_2865.jpg,EASTERN PINE ELFIN,28,224,224,3,JPEG,18709
Image_2480,train/Image_2480.jpg,Image_2480.jpg,METALMARK,42,224,224,3,JPEG,26537
Image_5913,train/Image_5913.jpg,Image_5913.jpg,ATALA,5,224,224,3,JPEG,21498
Image_5808,train/Image_5808.jpg,Image_5808.jpg,PURPLE HAIRSTREAK,55,224,224,3,JPEG,23903
Image_4220,train/Image_4220.jpg,Image_4220.jpg,SOOTYWING,65,224,224,3,JPEG,21896
Image_4614,train/Image_4614.jpg,Image_4614.jpg,MALACHITE,39,224,224,3,JPEG,20851
Image_2426,train/Image_2426.jpg,Image_2426.jpg,COMMON BANDED AWL,20,224,224,3,JPEG,20976
Image_1970,train/Image_1970.jpg,Image_1970.jpg,CLOUDED SULPHUR,19,224,224,3,JPEG,21928
Image_2884,train/Image_2884.jpg,Image_2884.jpg,INDRA SWALLOW,35,224,224,3,JPEG,34577
Image_2694,train/Image_2694.jpg,Image_2694.jpg,ADONIS,0,224,224,3,JPEG,23888
Image_5511,train/Image_5511.jpg,Image_5511.jpg,RED SPOTTED PURPLE,61,224,224,3,JPEG,27396
Image_3007,train/Image_3007.jpg,Image_3007.jpg,GREAT EGGFLY,31,224,224,3,JPEG,23872
Image_4962,train/Image_4962.jpg,Image_4962.jpg,CRIMSON PATCH,24,224,224,3,JPEG,24593
Image_1699,train/Image_1699.jpg,Image_1699.jpg,AN 88,3,224,224,3,JPEG,15489
Image_2774,train/Image_2774.jpg,Image_2774.jpg,RED ADMIRAL,58,224,224,3,JPEG,34408
Image_4093,train/Image_4093.jpg,Image_4093.jpg,GREY HAIRSTREAK,34,224,224,3,JPEG,21176
Image_162,train/Image_162.jpg,Image_162.jpg,ELBOWED PIERROT,29,224,224,3,JPEG,23855
Image_115,train/Image_115.jpg,Image_115.jpg,RED POSTMAN,60,224,224,3,JPEG,19921
Image_3496,train/Image_3496.jpg,Image_3496.jpg,RED ADMIRAL,58,224,224,3,JPEG,29015
Image_5010,train/Image_5010.jpg,Image_5010.jpg,STRAITED QUEEN,67,224,224,3,JPEG,25890
Image_2320,train/Image_2320.jpg,Image_2320.jpg,CABBAGE WHITE,13,224,224,3,JPEG,24346
Image_1437,train/Image_1437.jpg,Image_1437.jpg,BANDED PEACOCK,7,224,224,3,JPEG,22796
Image_2877,train/Image_2877.jpg,Image_2877.jpg,WOOD SATYR,72,224,224,3,JPEG,25651
Image_2435,train/Image_2435.jpg,Image_2435.jpg,SLEEPY ORANGE,64,224,224,3,JPEG,22531
Image_1124,train/Image_1124.jpg,Image_1124.jpg,BLUE SPOTTED CROW,11,224,224,3,JPEG,22810
Image_5101,train/Image_5101.jpg,Image_5101.jpg,PURPLISH COPPER,56,224,224,3,JPEG,32739
Image_1270,train/Image_1270.jpg,Image_1270.jpg,INDRA SWALLOW,35,224,224,3,JPEG,23190
Image_3905,train/Image_3905.jpg,Image_3905.jpg,CRECENT,23,224,224,3,JPEG,31615
Image_2163,train/Image_2163.jpg,Image_2163.jpg,VICEROY,71,224,224,3,JPEG,25537
Image_28,train/Image_28.jpg,Image_28.jpg,PURPLISH COPPER,56,224,224,3,JPEG,19645
Image_3056,train/Image_3056.jpg,Image_3056.jpg,SILVER SPOT SKIPPER,63,224,224,3,JPEG,22390
Image_2720,train/Image_2720.jpg,Image_2720.jpg,ORANGE OAKLEAF,46,224,224,3,JPEG,26394
Image_4902,train/Image_4902.jpg,Image_4902.jpg,IPHICLUS SISTER,36,224,224,3,JPEG,21110
Image_523,train/Image_523.jpg,Image_523.jpg,RED CRACKER,59,224,224,3,JPEG,41638
Image_2682,train/Image_2682.jpg,Image_2682.jpg,ATALA,5,224,224,3,JPEG,20729
Image_1404,train/Image_1404.jpg,Image_1404.jpg,AN 88,3,224,224,3,JPEG,35177
Image_172,train/Image_172.jpg,Image_172.jpg,ORANGE OAKLEAF,46,224,224,3,JPEG,29714
Image_5252,train/Image_5252.jpg,Image_5252.jpg,COMMON BANDED AWL,20,224,224,3,JPEG,14663
Image_561,train/Image_561.jpg,Image_561.jpg,EASTERN DAPPLE WHITE,27,224,224,3,JPEG,16973
Image_1763,train/Image_1763.jpg,Image_1763.jpg,AMERICAN SNOOT,2,224,224,3,JPEG,27680
Image_5762,train/Image_5762.jpg,Image_5762.jpg,YELLOW SWALLOW TAIL,73,224,224,3,JPEG,36925
Image_4222,train/Image_4222.jpg,Image_4222.jpg,TROPICAL LEAFWING,68,224,224,3,JPEG,30886
Image_5898,train/Image_5898.jpg,Image_5898.jpg,EASTERN COMA,26,224,224,3,JPEG,31603
Image_3821,train/Image_3821.jpg,Image_3821.jpg,ZEBRA LONG WING,74,224,224,3,JPEG,26258
Image_655,train/Image_655.jpg,Image_655.jpg,MALACHITE,39,224,224,3,JPEG,25282
Image_613,train/Image_613.jpg,Image_613.jpg,BECKERS WHITE,8,224,224,3,JPEG,32921
Image_3038,train/Image_3038.jpg,Image_3038.jpg,PEACOCK,51,224,224,3,JPEG,27772
Image_2490,train/Image_2490.jpg,Image_2490.jpg,BLUE SPOTTED CROW,11,224,224,3,JPEG,18679
Image_3276,train/Image_3276.jpg,Image_3276.jpg,ADONIS,0,224,224,3,JPEG,20479
Image_6308,train/Image_6308.jpg,Image_6308.jpg,IPHICLUS SISTER,36,224,224,3,JPEG,22773
Image_5538,train/Image_5538.jpg,Image_5538.jpg,CABBAGE WHITE,13,224,224,3,JPEG,23487
Image_5200,train/Image_5200.jpg,Image_5200.jpg,CLOUDED SULPHUR,19,224,224,3,JPEG,23757
Image_3841,train/Image_3841.jpg,Image_3841.jpg,GREEN CELLED CATTLEHEART,33,224,224,3,JPEG,24940
Image_4851,train/Image_4851.jpg,Image_4851.jpg,SILVER SPOT SKIPPER,63,224,224,3,JPEG,23035
Image_2214,train/Image_2214.jpg,Image_2214.jpg,MOURNING CLOAK,45,224,224,3,JPEG,18028
Image_4836,train/Image_4836.jpg,Image_4836.jpg,ULYSES,70,224,224,3,JPEG,28742
Image_4228,train/Image_4228.jpg,Image_4228.jpg,PAPER KITE,50,224,224,3,JPEG,27703
Image_1066,train/Image_1066.jpg,Image_1066.jpg,CABBAGE WHITE,13,224,224,3,JPEG,26838
Image_321,train/Image_321.jpg,Image_321.jpg,AN 88,3,224,224,3,JPEG,26445
Image_3693,train/Image_3693.jpg,Image_3693.jpg,AMERICAN SNOOT,2,224,224,3,JPEG,31639
Image_1720,train/Image_1720.jpg,Image_1720.jpg,BLACK HAIRSTREAK,9,224,224,3,JPEG,26151
Image_6187,train/Image_6187.jpg,Image_6187.jpg,DANAID EGGFLY,25,224,224,3,JPEG,17688
Image_2069,train/Image_2069.jpg,Image_2069.jpg,AFRICAN GIANT SWALLOWTAIL,1,224,224,3,JPEG,24655
Image_6154,train/Image_6154.jpg,Image_6154.jpg,RED CRACKER,59,224,224,3,JPEG,20730
Image_947,train/Image_947.jpg,Image_947.jpg,CHECQUERED SKIPPER,15,224,224,3,JPEG,30160
Image_6228,train/Image_6228.jpg,Image_6228.jpg,TWO BARRED FLASHER,69,224,224,3,JPEG,19514
Image_6176,train/Image_6176.jpg,Image_6176.jpg,MONARCH,44,224,224,3,JPEG,30087
Image_4219,train/Image_4219.jpg,Image_4219.jpg,TROPICAL LEAFWING,68,224,224,3,JPEG,23972
Image_3204,train/Image_3204.jpg,Image_3204.jpg,RED CRACKER,59,224,224,3,JPEG,24105
Image_4363,train/Image_4363.jpg,Image_4363.jpg,GREY HAIRSTREAK,34,224,224,3,JPEG,23987
Image_920,train/Image_920.jpg,Image_920.jpg,YELLOW SWALLOW TAIL,73,224,224,3,JPEG,25489
Image_3713,train/Image_3713.jpg,Image_3713.jpg,EASTERN DAPPLE WHITE,27,224,224,3,JPEG,18926
Image_3654,train/Image_3654.jpg,Image_3654.jpg,YELLOW SWALLOW TAIL,73,224,224,3,JPEG,29601
Image_3302,train/Image_3302.jpg,Image_3302.jpg,MALACHITE,39,224,224,3,JPEG,37691
Image_4020,train/Image_4020.jpg,Image_4020.jpg,MANGROVE SKIPPER,40,224,224,3,JPEG,25222
Image_5976,train/Image_5976.jpg,Image_5976.jpg,ULYSES,70,224,224,3,JPEG,26974
Image_1995,train/Image_1995.jpg,Image_1995.jpg,CLOUDED SULPHUR,19,224,224,3,JPEG,21619
Image_1691,train/Image_1691.jpg,Image_1691.jpg,IPHICLUS SISTER,36,224,224,3,JPEG,16127
Image_3672,train/Image_3672.jpg,Image_3672.jpg,GOLD BANDED,30,224,224,3,JPEG,20972
Image_3744,train/Image_3744.jpg,Image_3744.jpg,ORCHARD SWALLOW,48,224,224,3,JPEG,21884
Image_854,train/Image_854.jpg,Image_854.jpg,EASTERN COMA,26,224,224,3,JPEG,24404
Image_2215,train/Image_2215.jpg,Image_2215.jpg,RED POSTMAN,60,224,224,3,JPEG,26324
Image_2701,train/Image_2701.jpg,Image_2701.jpg,EASTERN COMA,26,224,224,3,JPEG,25851
Image_6005,train/Image_6005.jpg,Image_6005.jpg,METALMARK,42,224,224,3,JPEG,20441
Image_3703,train/Image_3703.jpg,Image_3703.jpg,ULYSES,70,224,224,3,JPEG,28332
Image_301,train/Image_301.jpg,Image_301.jpg,CHESTNUT,16,224,224,3,JPEG,26110
Image_2422,train/Image_2422.jpg,Image_2422.jpg,CLEOPATRA,17,224,224,3,JPEG,11758
Image_2326,train/Image_2326.jpg,Image_2326.jpg,GREAT EGGFLY,31,224,224,3,JPEG,21093
Image_689,train/Image_689.jpg,Image_689.jpg,PURPLISH COPPER,56,224,224,3,JPEG,23538
Image_1508,train/Image_1508.jpg,Image_1508.jpg,SCARCE SWALLOW,62,224,224,3,JPEG,28759
Image_4912,train/Image_4912.jpg,Image_4912.jpg,AN 88,3,224,224,3,JPEG,28892
Image_2294,train/Image_2294.jpg,Image_2294.jpg,BLUE SPOTTED CROW,11,224,224,3,JPEG,17005
Image_4627,train/Image_4627.jpg,Image_4627.jpg,IPHICLUS SISTER,36,224,224,3,JPEG,17683
Image_2629,train/Image_2629.jpg,Image_2629.jpg,MONARCH,44,224,224,3,JPEG,25877
Image_3312,train/Image_3312.jpg,Image_3312.jpg,MILBERTS TORTOISESHELL,43,224,224,3,JPEG,35256
Image_5276,train/Image_5276.jpg,Image_5276.jpg,GOLD BANDED,30,224,224,3,JPEG,17703
Image_3344,train/Image_3344.jpg,Image_3344.jpg,MONARCH,44,224,224,3,JPEG,26858
Image_6130,train/Image_6130.jpg,Image_6130.jpg,POPINJAY,54,224,224,3,JPEG,19488
Image_3746,train/Image_3746.jpg,Image_3746.jpg,BLACK HAIRSTREAK,9,224,224,3,JPEG,23527
Image_6128,train/Image_6128.jpg,Image_6128.jpg,BROWN SIPROETA,12,224,224,3,JPEG,26018
Image_3995,train/Image_3995.jpg,Image_3995.jpg,APPOLLO,4,224,224,3,JPEG,24178
Image_909,train/Image_909.jpg,Image_909.jpg,EASTERN COMA,26,224,224,3,JPEG,28863
Image_3988,train/Image_3988.jpg,Image_3988.jpg,AMERICAN SNOOT,2,224,224,3,JPEG,26931
Image_166,train/Image_166.jpg,Image_166.jpg,PEACOCK,51,224,224,3,JPEG,27050
Image_6121,train/Image_6121.jpg,Image_6121.jpg,PAPER KITE,50,224,224,3,JPEG,26712
Image_1835,train/Image_1835.jpg,Image_1835.jpg,SILVER SPOT SKIPPER,63,224,224,3,JPEG,20811
Image_6278,train/Image_6278.jpg,Image_6278.jpg,PURPLISH COPPER,56,224,224,3,JPEG,30070
Image_1502,train/Image_1502.jpg,Image_1502.jpg,DANAID EGGFLY,25,224,224,3,JPEG,21169
Image_6190,train/Image_6190.jpg,Image_6190.jpg,COMMON BANDED AWL,20,224,224,3,JPEG,16977
Image_4558,train/Image_4558.jpg,Image_4558.jpg,VICEROY,71,224,224,3,JPEG,38710
Image_4947,train/Image_4947.jpg,Image_4947.jpg,COMMON WOOD-NYMPH,21,224,224,3,JPEG,32113
Image_5698,train/Image_5698.jpg,Image_5698.jpg,ORANGE OAKLEAF,46,224,224,3,JPEG,23198
Image_4209,train/Image_4209.jpg,Image_4209.jpg,ADONIS,0,224,224,3,JPEG,25213
Image_4530,train/Image_4530.jpg,Image_4530.jpg,PIPEVINE SWALLOW,53,224,224,3,JPEG,28482
Image_2135,train/Image_2135.jpg,Image_2135.jpg,TWO BARRED FLASHER,69,224,224,3,JPEG,17895
Image_225,train/Image_225.jpg,Image_225.jpg,MOURNING CLOAK,45,224,224,3,JPEG,22026
Image_4497,train/Image_4497.jpg,Image_4497.jpg,IPHICLUS SISTER,36,224,224,3,JPEG,20916
Image_5581,train/Image_5581.jpg,Image_5581.jpg,EASTERN COMA,26,224,224,3,JPEG,28664
Image_4980,train/Image_4980.jpg,Image_4980.jpg,PINE WHITE,52,224,224,3,JPEG,24908
Image_1621,train/Image_1621.jpg,Image_1621.jpg,MILBERTS TORTOISESHELL,43,224,224,3,JPEG,26381
Image_1391,train/Image_1391.jpg,Image_1391.jpg,PEACOCK,51,224,224,3,JPEG,28353
Image_4625,train/Image_4625.jpg,Image_4625.jpg,CHESTNUT,16,224,224,3,JPEG,23862
Image_3201,train/Image_3201.jpg,Image_3201.jpg,QUESTION MARK,57,224,224,3,JPEG,23680
Image_3766,train/Image_3766.jpg,Image_3766.jpg,METALMARK,42,224,224,3,JPEG,14975
Image_2695,train/Image_2695.jpg,Image_2695.jpg,CLOUDED SULPHUR,19,224,224,3,JPEG,31189
Image_1850,train/Image_1850.jpg,Image_1850.jpg,PINE WHITE,52,224,224,3,JPEG,21504
Image_5103,train/Image_5103.jpg,Image_5103.jpg,DANAID EGGFLY,25,224,224,3,JPEG,22628
Image_4739,train/Image_4739.jpg,Image_4739.jpg,CABBAGE WHITE,13,224,224,3,JPEG,18556
Image_5250,train/Image_5250.jpg,Image_5250.jpg,TWO BARRED FLASHER,69,224,224,3,JPEG,22845
Image_2110,train/Image_2110.jpg,Image_2110.jpg,BANDED ORANGE HELICONIAN,6,224,224,3,JPEG,30535
Image_5929,train/Image_5929.jpg,Image_5929.jpg,BLUE SPOTTED CROW,11,224,224,3,JPEG,22866
Image_5064,train/Image_5064.jpg,Image_5064.jpg,ATALA,5,224,224,3,JPEG,18030
Image_2037,train/Image_2037.jpg,Image_2037.jpg,RED CRACKER,59,224,224,3,JPEG,31849
Image_5954,train/Image_5954.jpg,Image_5954.jpg,PEACOCK,51,224,224,3,JPEG,20649
Image_4103,train/Image_4103.jpg,Image_4103.jpg,COMMON BANDED AWL,20,224,224,3,JPEG,16366
Image_5496,train/Image_5496.jpg,Image_5496.jpg,AN 88,3,224,224,3,JPEG,33523
Image_5330,train/Image_5330.jpg,Image_5330.jpg,QUESTION MARK,57,224,224,3,JPEG,26766
Image_2999,train/Image_2999.jpg,Image_2999.jpg,BANDED PEACOCK,7,224,224,3,JPEG,25022
Image_1008,train/Image_1008.jpg,Image_1008.jpg,GREAT JAY,32,224,224,3,JPEG,25649
Image_2272,train/Image_2272.jpg,Image_2272.jpg,SLEEPY ORANGE,64,224,224,3,JPEG,28156
Image_3490,train/Image_3490.jpg,Image_3490.jpg,BANDED PEACOCK,7,224,224,3,JPEG,31218
Image_4054,train/Image_4054.jpg,Image_4054.jpg,ORANGE TIP,47,224,224,3,JPEG,25902
Image_3708,train/Image_3708.jpg,Image_3708.jpg,CLODIUS PARNASSIAN,18,224,224,3,JPEG,21598
Image_6162,train/Image_6162.jpg,Image_6162.jpg,GREAT EGGFLY,31,224,224,3,JPEG,21572
Image_5498,train/Image_5498.jpg,Image_5498.jpg,MOURNING CLOAK,45,224,224,3,JPEG,22271
Image_2949,train/Image_2949.jpg,Image_2949.jpg,RED CRACKER,59,224,224,3,JPEG,41820
Image_2553,train/Image_2553.jpg,Image_2553.jpg,PURPLE HAIRSTREAK,55,224,224,3,JPEG,21476
Image_3043,train/Image_3043.jpg,Image_3043.jpg,RED CRACKER,59,224,224,3,JPEG,30674
Image_3086,train/Image_3086.jpg,Image_3086.jpg,RED ADMIRAL,58,224,224,3,JPEG,25964
Image_5108,train/Image_5108.jpg,Image_5108.jpg,PIPEVINE SWALLOW,53,224,224,3,JPEG,28994
Image_6337,train/Image_6337.jpg,Image_6337.jpg,METALMARK,42,224,224,3,JPEG,21696
Image_1511,train/Image_1511.jpg,Image_1511.jpg,AMERICAN SNOOT,2,224,224,3,JPEG,26222
Image_1000,train/Image_1000.jpg,Image_1000.jpg,SLEEPY ORANGE,64,224,224,3,JPEG,20120
Image_4822,train/Image_4822.jpg,Image_4822.jpg,PURPLISH COPPER,56,224,224,3,JPEG,26515
Image_1533,train/Image_1533.jpg,Image_1533.jpg,SOUTHERN DOGFACE,66,224,224,3,JPEG,17352
Image_1096,train/Image_1096.jpg,Image_1096.jpg,WOOD SATYR,72,224,224,3,JPEG,23456
Image_5183,train/Image_5183.jpg,Image_5183.jpg,BLUE SPOTTED CROW,11,224,224,3,JPEG,23418
Image_6153,train/Image_6153.jpg,Image_6153.jpg,MANGROVE SKIPPER,40,224,224,3,JPEG,24873
Image_2489,train/Image_2489.jpg,Image_2489.jpg,SOOTYWING,65,224,224,3,JPEG,20313
Image_2379,train/Image_2379.jpg,Image_2379.jpg,BLUE MORPHO,10,224,224,3,JPEG,23035
Image_1980,train/Image_1980.jpg,Image_1980.jpg,CABBAGE WHITE,13,224,224,3,JPEG,20351
Image_6384,train/Image_6384.jpg,Image_6384.jpg,PEACOCK,51,224,224,3,JPEG,38288
Image_1988,train/Image_1988.jpg,Image_1988.jpg,TWO BARRED FLASHER,69,224,224,3,JPEG,25879
Image_2637,train/Image_2637.jpg,Image_2637.jpg,PIPEVINE SWALLOW,53,224,224,3,JPEG,29921
Image_4150,train/Image_4150.jpg,Image_4150.jpg,CAIRNS BIRDWING,14,224,224,3,JPEG,15812
Image_6203,train/Image_6203.jpg,Image_6203.jpg,MANGROVE SKIPPER,40,224,224,3,JPEG,18384
Image_2525,train/Image_2525.jpg,Image_2525.jpg,PURPLISH COPPER,56,224,224,3,JPEG,22686
Image_3910,train/Image_3910.jpg,Image_3910.jpg,PINE WHITE,52,224,224,3,JPEG,23854
Image_3134,train/Image_3134.jpg,Image_3134.jpg,CLODIUS PARNASSIAN,18,224,224,3,JPEG,25455
Image_4291,train/Image_4291.jpg,Image_4291.jpg,BROWN SIPROETA,12,224,224,3,JPEG,27107
Image_6084,train/Image_6084.jpg,Image_6084.jpg,GREAT JAY,32,224,224,3,JPEG,24462
Image_5941,train/Image_5941.jpg,Image_5941.jpg,BLACK HAIRSTREAK,9,224,224,3,JPEG,17610
Image_6149,train/Image_6149.jpg,Image_6149.jpg,RED SPOTTED PURPLE,61,224,224,3,JPEG,32438
Image_765,train/Image_765.jpg,Image_765.jpg,BROWN SIPROETA,12,224,224,3,JPEG,22362
Image_4538,train/Image_4538.jpg,Image_4538.jpg,CHECQUERED SKIPPER,15,224,224,3,JPEG,21031
Image_3620,train/Image_3620.jpg,Image_3620.jpg,TWO BARRED FLASHER,69,224,224,3,JPEG,20482
Image_734,train/Image_734.jpg,Image_734.jpg,JULIA,37,224,224,3,JPEG,20068
Image_1273,train/Image_1273.jpg,Image_1273.jpg,COMMON BANDED AWL,20,224,224,3,JPEG,14626
Image_5759,train/Image_5759.jpg,Image_5759.jpg,GOLD BANDED,30,224,224,3,JPEG,22251
Image_3554,train/Image_3554.jpg,Image_3554.jpg,RED ADMIRAL,58,224,224,3,JPEG,32025
Image_5726,train/Image_5726.jpg,Image_5726.jpg,CAIRNS BIRDWING,14,224,224,3,JPEG,24333
Image_5110,train/Image_5110.jpg,Image_5110.jpg,STRAITED QUEEN,67,224,224,3,JPEG,30158
Image_1873,train/Image_1873.jpg,Image_1873.jpg,BLUE SPOTTED CROW,11,224,224,3,JPEG,19013
Image_4030,train/Image_4030.jpg,Image_4030.jpg,SILVER SPOT SKIPPER,63,224,224,3,JPEG,32914
Image_6466,train/Image_6466.jpg,Image_6466.jpg,EASTERN COMA,26,224,224,3,JPEG,27026
Image_756,train/Image_756.jpg,Image_756.jpg,COMMON BANDED AWL,20,224,224,3,JPEG,25024
Image_4029,train/Image_4029.jpg,Image_4029.jpg,EASTERN PINE ELFIN,28,224,224,3,JPEG,19937
Image_3959,train/Image_3959.jpg,Image_3959.jpg,TWO BARRED FLASHER,69,224,224,3,JPEG,16365
Image_4294,train/Image_4294.jpg,Image_4294.jpg,ORCHARD SWALLOW,48,224,224,3,JPEG,25600
Image_5868,train/Image_5868.jpg,Image_5868.jpg,GREAT EGGFLY,31,224,224,3,JPEG,29601
Image_2255,train/Image_2255.jpg,Image_2255.jpg,ADONIS,0,224,224,3,JPEG,30278
Image_4817,train/Image_4817.jpg,Image_4817.jpg,EASTERN PINE ELFIN,28,224,224,3,JPEG,23512
Image_1956,train/Image_1956.jpg,Image_1956.jpg,RED SPOTTED PURPLE,61,224,224,3,JPEG,25919
Image_2111,train/Image_2111.jpg,Image_2111.jpg,MOURNING CLOAK,45,224,224,3,JPEG,32769
Image_5704,train/Image_5704.jpg,Image_5704.jpg,GOLD BANDED,30,224,224,3,JPEG,25633
Image_2772,train/Image_2772.jpg,Image_2772.jpg,MOURNING CLOAK,45,224,224,3,JPEG,22819
Image_6310,train/Image_6310.jpg,Image_6310.jpg,RED ADMIRAL,58,224,224,3,JPEG,25831
Image_1785,train/Image_1785.jpg,Image_1785.jpg,AN 88,3,224,224,3,JPEG,20178
Image_3012,train/Image_3012.jpg,Image_3012.jpg,GREEN CELLED CATTLEHEART,33,224,224,3,JPEG,14068
Image_58,train/Image_58.jpg,Image_58.jpg,ORANGE OAKLEAF,46,224,224,3,JPEG,27108
Image_731,train/Image_731.jpg,Image_731.jpg,MANGROVE SKIPPER,40,224,224,3,JPEG,30634
Image_5016,train/Image_5016.jpg,Image_5016.jpg,RED POSTMAN,60,224,224,3,JPEG,23982
Image_1211,train/Image_1211.jpg,Image_1211.jpg,ADONIS,0,224,224,3,JPEG,25182
Image_3495,train/Image_3495.jpg,Image_3495.jpg,IPHICLUS SISTER,36,224,224,3,JPEG,22644
Image_4370,train/Image_4370.jpg,Image_4370.jpg,MOURNING CLOAK,45,224,224,3,JPEG,33953
Image_5379,train/Image_5379.jpg,Image_5379.jpg,CRIMSON PATCH,24,224,224,3,JPEG,33025
Image_2033,train/Image_2033.jpg,Image_2033.jpg,QUESTION MARK,57,224,224,3,JPEG,32095
Image_3648,train/Image_3648.jpg,Image_3648.jpg,IPHICLUS SISTER,36,224,224,3,JPEG,21908
Image_6048,train/Image_6048.jpg,Image_6048.jpg,RED CRACKER,59,224,224,3,JPEG,31168
Image_3593,train/Image_3593.jpg,Image_3593.jpg,GOLD BANDED,30,224,224,3,JPEG,22654
Image_5548,train/Image_5548.jpg,Image_5548.jpg,COPPER TAIL,22,224,224,3,JPEG,25772
Image_6161,train/Image_6161.jpg,Image_6161.jpg,MOURNING CLOAK,45,224,224,3,JPEG,36866
Image_4125,train/Image_4125.jpg,Image_4125.jpg,TROPICAL LEAFWING,68,224,224,3,JPEG,22973
Image_3487,train/Image_3487.jpg,Image_3487.jpg,PINE WHITE,52,224,224,3,JPEG,24638
Image_4618,train/Image_4618.jpg,Image_4618.jpg,CHECQUERED SKIPPER,15,224,224,3,JPEG,27585
Image_401,train/Image_401.jpg,Image_401.jpg,IPHICLUS SISTER,36,224,224,3,JPEG,42671
Image_931,train/Image_931.jpg,Image_931.jpg,POPINJAY,54,224,224,3,JPEG,41632
Image_4557,train/Image_4557.jpg,Image_4557.jpg,PEACOCK,51,224,224,3,JPEG,27729
Image_3035,train/Image_3035.jpg,Image_3035.jpg,PEACOCK,51,224,224,3,JPEG,24407
Image_4310,train/Image_4310.jpg,Image_4310.jpg,RED POSTMAN,60,224,224,3,JPEG,22493
Image_5375,train/Image_5375.jpg,Image_5375.jpg,CAIRNS BIRDWING,14,224,224,3,JPEG,21704
Image_1646,train/Image_1646.jpg,Image_1646.jpg,AFRICAN GIANT SWALLOWTAIL,1,224,224,3,JPEG,20627
Image_4111,train/Image_4111.jpg,Image_4111.jpg,SCARCE SWALLOW,62,224,224,3,JPEG,34675
Image_4276,train/Image_4276.jpg,Image_4276.jpg,ORANGE TIP,47,224,224,3,JPEG,23782
Image_5886,train/Image_5886.jpg,Image_5886.jpg,ZEBRA LONG WING,74,224,224,3,JPEG,30776
Image_287,train/Image_287.jpg,Image_287.jpg,ZEBRA LONG WING,74,224,224,3,JPEG,20975
Image_1902,train/Image_1902.jpg,Image_1902.jpg,LARGE MARBLE,38,224,224,3,JPEG,19029
Image_848,train/Image_848.jpg,Image_848.jpg,ADONIS,0,224,224,3,JPEG,28222
Image_4042,train/Image_4042.jpg,Image_4042.jpg,CRECENT,23,224,224,3,JPEG,33559
Image_4070,train/Image_4070.jpg,Image_4070.jpg,SOOTYWING,65,224,224,3,JPEG,33501
Image_323,train/Image_323.jpg,Image_323.jpg,MOURNING CLOAK,45,224,224,3,JPEG,26782
Image_5576,train/Image_5576.jpg,Image_5576.jpg,COMMON WOOD-NYMPH,21,224,224,3,JPEG,22198
Image_2594,train/Image_2594.jpg,Image_2594.jpg,EASTERN COMA,26,224,224,3,JPEG,34487
Image_2439,train/Image_2439.jpg,Image_2439.jpg,BANDED PEACOCK,7,224,224,3,JPEG,23033
Image_177,train/Image_177.jpg,Image_177.jpg,MILBERTS TORTOISESHELL,43,224,224,3,JPEG,26503
Image_1189,train/Image_1189.jpg,Image_1189.jpg,CRIMSON PATCH,24,224,224,3,JPEG,27062
Image_6131,train/Image_6131.jpg,Image_6131.jpg,BECKERS WHITE,8,224,224,3,JPEG,22478
Image_403,train/Image_403.jpg,Image_403.jpg,MILBERTS TORTOISESHELL,43,224,224,3,JPEG,26847
Image_5326,train/Image_5326.jpg,Image_5326.jpg,ULYSES,70,224,224,3,JPEG,16373
Image_2208,train/Image_2208.jpg,Image_2208.jpg,MESTRA,41,224,224,3,JPEG,22135
Image_5583,train/Image_5583.jpg,Image_5583.jpg,ZEBRA LONG WING,74,224,224,3,JPEG,23953
Image_1852,train/Image_1852.jpg,Image_1852.jpg,EASTERN COMA,26,224,224,3,JPEG,29537
Image_1233,train/Image_1233.jpg,Image_1233.jpg,PIPEVINE SWALLOW,53,224,224,3,JPEG,25062
Image_5922,train/Image_5922.jpg,Image_5922.jpg,PAPER KITE,50,224,224,3,JPEG,35272
Image_1769,train/Image_1769.jpg,Image_1769.jpg,QUESTION MARK,57,224,224,3,JPEG,31737
Image_2653,train/Image_2653.jpg,Image_2653.jpg,MESTRA,41,224,224,3,JPEG,20227
Image_4855,train/Image_4855.jpg,Image_4855.jpg,QUESTION MARK,57,224,224,3,JPEG,34974
Image_1293,train/Image_1293.jpg,Image_1293.jpg,MOURNING CLOAK,45,224,224,3,JPEG,32362
Image_5158,train/Image_5158.jpg,Image_5158.jpg,MANGROVE SKIPPER,40,224,224,3,JPEG,16802
Image_1781,train/Image_1781.jpg,Image_1781.jpg,MANGROVE SKIPPER,40,224,224,3,JPEG,14809
Image_4573,train/Image_4573.jpg,Image_4573.jpg,SCARCE SWALLOW,62,224,224,3,JPEG,23288
Image_1436,train/Image_1436.jpg,Image_1436.jpg,BLUE MORPHO,10,224,224,3,JPEG,31590
Image_789,train/Image_789.jpg,Image_789.jpg,ORANGE TIP,47,224,224,3,JPEG,27581
Image_1165,train/Image_1165.jpg,Image_1165.jpg,EASTERN DAPPLE WHITE,27,224,224,3,JPEG,16492
Image_4334,train/Image_4334.jpg,Image_4334.jpg,PEACOCK,51,224,224,3,JPEG,24547
Image_700,train/Image_700.jpg,Image_700.jpg,TROPICAL LEAFWING,68,224,224,3,JPEG,21186
Image_1950,train/Image_1950.jpg,Image_1950.jpg,CHESTNUT,16,224,224,3,JPEG,21882
Image_3000,train/Image_3000.jpg,Image_3000.jpg,BECKERS WHITE,8,224,224,3,JPEG,28522
Image_4003,train/Image_4003.jpg,Image_4003.jpg,ORANGE TIP,47,224,224,3,JPEG,24094
Image_4326,train/Image_4326.jpg,Image_4326.jpg,PIPEVINE SWALLOW,53,224,224,3,JPEG,21000
Image_6253,train/Image_6253.jpg,Image_6253.jpg,CLODIUS PARNASSIAN,18,224,224,3,JPEG,21981
Image_3154,train/Image_3154.jpg,Image_3154.jpg,GREY HAIRSTREAK,34,224,224,3,JPEG,25562
Image_274,train/Image_274.jpg,Image_274.jpg,GOLD BANDED,30,224,224,3,JPEG,26649
Image_4180,train/Image_4180.jpg,Image_4180.jpg,CAIRNS BIRDWING,14,224,224,3,JPEG,30174
Image_3218,train/Image_3218.jpg,Image_3218.jpg,DANAID EGGFLY,25,224,224,3,JPEG,28146
Image_4406,train/Image_4406.jpg,Image_4406.jpg,APPOLLO,4,224,224,3,JPEG,28682
Image_5439,train/Image_5439.jpg,Image_5439.jpg,SOUTHERN DOGFACE,66,224,224,3,JPEG,22882
Image_3011,train/Image_3011.jpg,Image_3011.jpg,POPINJAY,54,224,224,3,JPEG,28628
Image_3161,train/Image_3161.jpg,Image_3161.jpg,AFRICAN GIANT SWALLOWTAIL,1,224,224,3,JPEG,19532
Image_691,train/Image_691.jpg,Image_691.jpg,TROPICAL LEAFWING,68,224,224,3,JPEG,25774
Image_2118,train/Image_2118.jpg,Image_2118.jpg,VICEROY,71,224,224,3,JPEG,34658
Image_490,train/Image_490.jpg,Image_490.jpg,MILBERTS TORTOISESHELL,43,224,224,3,JPEG,35448
Image_53,train/Image_53.jpg,Image_53.jpg,SCARCE SWALLOW,62,224,224,3,JPEG,26646
Image_2019,train/Image_2019.jpg,Image_2019.jpg,RED POSTMAN,60,224,224,3,JPEG,18592
Image_3631,train/Image_3631.jpg,Image_3631.jpg,RED SPOTTED PURPLE,61,224,224,3,JPEG,28125
Image_5993,train/Image_5993.jpg,Image_5993.jpg,AFRICAN GIANT SWALLOWTAIL,1,224,224,3,JPEG,27721
Image_6064,train/Image_6064.jpg,Image_6064.jpg,PURPLE HAIRSTREAK,55,224,224,3,JPEG,20447
Image_4236,train/Image_4236.jpg,Image_4236.jpg,DANAID EGGFLY,25,224,224,3,JPEG,21182
Image_3513,train/Image_3513.jpg,Image_3513.jpg,CRECENT,23,224,224,3,JPEG,32042
Image_602,train/Image_602.jpg,Image_602.jpg,MESTRA,41,224,224,3,JPEG,15964
Image_1052,train/Image_1052.jpg,Image_1052.jpg,EASTERN DAPPLE WHITE,27,224,224,3,JPEG,26970
Image_5398,train/Image_5398.jpg,Image_5398.jpg,RED SPOTTED PURPLE,61,224,224,3,JPEG,33635
Image_5222,train/Image_5222.jpg,Image_5222.jpg,RED CRACKER,59,224,224,3,JPEG,26460
Image_4410,train/Image_4410.jpg,Image_4410.jpg,COPPER TAIL,22,224,224,3,JPEG,20399
Image_6304,train/Image_6304.jpg,Image_6304.jpg,ATALA,5,224,224,3,JPEG,19396
Image_3106,train/Image_3106.jpg,Image_3106.jpg,SILVER SPOT SKIPPER,63,224,224,3,JPEG,29473
Image_4444,train/Image_4444.jpg,Image_4444.jpg,ADONIS,0,224,224,3,JPEG,31755
Image_371,train/Image_371.jpg,Image_371.jpg,JULIA,37,224,224,3,JPEG,26249
Image_4871,train/Image_4871.jpg,Image_4871.jpg,EASTERN COMA,26,224,224,3,JPEG,31604
Image_6379,train/Image_6379.jpg,Image_6379.jpg,PURPLE HAIRSTREAK,55,224,224,3,JPEG,25052
Image_1445,train/Image_1445.jpg,Image_1445.jpg,PINE WHITE,52,224,224,3,JPEG,24385
Image_59,train/Image_59.jpg,Image_59.jpg,SCARCE SWALLOW,62,224,224,3,JPEG,27644
Image_2100,train/Image_2100.jpg,Image_2100.jpg,WOOD SATYR,72,224,224,3,JPEG,26736
Image_1020,train/Image_1020.jpg,Image_1020.jpg,MANGROVE SKIPPER,40,224,224,3,JPEG,24648
Image_4777,train/Image_4777.jpg,Image_4777.jpg,SCARCE SWALLOW,62,224,224,3,JPEG,19641
Image_3980,train/Image_3980.jpg,Image_3980.jpg,IPHICLUS SISTER,36,224,224,3,JPEG,20765
Image_2282,train/Image_2282.jpg,Image_2282.jpg,CRECENT,23,224,224,3,JPEG,32057
Image_4714,train/Image_4714.jpg,Image_4714.jpg,PURPLISH COPPER,56,224,224,3,JPEG,18749
Image_4147,train/Image_4147.jpg,Image_4147.jpg,PAPER KITE,50,224,224,3,JPEG,36242
Image_1286,train/Image_1286.jpg,Image_1286.jpg,BLACK HAIRSTREAK,9,224,224,3,JPEG,25644
Image_2164,train/Image_2164.jpg,Image_2164.jpg,AMERICAN SNOOT,2,224,224,3,JPEG,26014
Image_125,train/Image_125.jpg,Image_125.jpg,ULYSES,70,224,224,3,JPEG,21060
Image_5042,train/Image_5042.jpg,Image_5042.jpg,PAINTED LADY,49,224,224,3,JPEG,35595
Image_2016,train/Image_2016.jpg,Image_2016.jpg,MANGROVE SKIPPER,40,224,224,3,JPEG,24581
Image_1598,train/Image_1598.jpg,Image_1598.jpg,PURPLE HAIRSTREAK,55,224,224,3,JPEG,25760
Image_6411,train/Image_6411.jpg,Image_6411.jpg,MESTRA,41,224,224,3,JPEG,21142
Image_695,train/Image_695.jpg,Image_695.jpg,TROPICAL LEAFWING,68,224,224,3,JPEG,32519
Image_673,train/Image_673.jpg,Image_673.jpg,CHECQUERED SKIPPER,15,224,224,3,JPEG,28069
Image_348,train/Image_348.jpg,Image_348.jpg,ADONIS,0,224,224,3,JPEG,27703
Image_463,train/Image_463.jpg,Image_463.jpg,RED SPOTTED PURPLE,61,224,224,3,JPEG,26192
Image_1143,train/Image_1143.jpg,Image_1143.jpg,EASTERN COMA,26,224,224,3,JPEG,21477
Image_423,train/Image_423.jpg,Image_423.jpg,JULIA,37,224,224,3,JPEG,20459
Image_339,train/Image_339.jpg,Image_339.jpg,CLODIUS PARNASSIAN,18,224,224,3,JPEG,28386
Image_5142,train/Image_5142.jpg,Image_5142.jpg,PURPLE HAIRSTREAK,55,224,224,3,JPEG,26678
Image_3059,train/Image_3059.jpg,Image_3059.jpg,WOOD SATYR,72,224,224,3,JPEG,29642
Image_5520,train/Image_5520.jpg,Image_5520.jpg,CHECQUERED SKIPPER,15,224,224,3,JPEG,28849
Image_3327,train/Image_3327.jpg,Image_3327.jpg,PIPEVINE SWALLOW,53,224,224,3,JPEG,33287
Image_3502,train/Image_3502.jpg,Image_3502.jpg,TROPICAL LEAFWING,68,224,224,3,JPEG,21713
Image_3866,train/Image_3866.jpg,Image_3866.jpg,METALMARK,42,224,224,3,JPEG,15362
Image_2566,train/Image_2566.jpg,Image_2566.jpg,AMERICAN SNOOT,2,224,224,3,JPEG,27675
Image_493,train/Image_493.jpg,Image_493.jpg,IPHICLUS SISTER,36,224,224,3,JPEG,20000
Image_1844,train/Image_1844.jpg,Image_1844.jpg,ORANGE TIP,47,224,224,3,JPEG,19325
Image_2761,train/Image_2761.jpg,Image_2761.jpg,CLEOPATRA,17,224,224,3,JPEG,16833
Image_1807,train/Image_1807.jpg,Image_1807.jpg,ORANGE TIP,47,224,224,3,JPEG,26575
Image_3334,train/Image_3334.jpg,Image_3334.jpg,PIPEVINE SWALLOW,53,224,224,3,JPEG,21493
Image_1907,train/Image_1907.jpg,Image_1907.jpg,ADONIS,0,224,224,3,JPEG,34553
Image_1866,train/Image_1866.jpg,Image_1866.jpg,EASTERN PINE ELFIN,28,224,224,3,JPEG,24855
Image_5334,train/Image_5334.jpg,Image_5334.jpg,MALACHITE,39,224,224,3,JPEG,31352
Image_1148,train/Image_1148.jpg,Image_1148.jpg,SOUTHERN DOGFACE,66,224,224,3,JPEG,27100
Image_755,train/Image_755.jpg,Image_755.jpg,BLACK HAIRSTREAK,9,224,224,3,JPEG,30612
Image_5688,train/Image_5688.jpg,Image_5688.jpg,ULYSES,70,224,224,3,JPEG,12479
Image_4169,train/Image_4169.jpg,Image_4169.jpg,BANDED PEACOCK,7,224,224,3,JPEG,24691
Image_601,train/Image_601.jpg,Image_601.jpg,TROPICAL LEAFWING,68,224,224,3,JPEG,23146
Image_4970,train/Image_4970.jpg,Image_4970.jpg,SOOTYWING,65,224,224,3,JPEG,17621
Image_472,train/Image_472.jpg,Image_472.jpg,ATALA,5,224,224,3,JPEG,18474
Image_3119,train/Image_3119.jpg,Image_3119.jpg,RED CRACKER,59,224,224,3,JPEG,33091
Image_3478,train/Image_3478.jpg,Image_3478.jpg,PINE WHITE,52,224,224,3,JPEG,22317
Image_2942,train/Image_2942.jpg,Image_2942.jpg,QUESTION MARK,57,224,224,3,JPEG,31030
Image_3632,train/Image_3632.jpg,Image_3632.jpg,TROPICAL LEAFWING,68,224,224,3,JPEG,27435
Image_382,train/Image_382.jpg,Image_382.jpg,CRECENT,23,224,224,3,JPEG,32911
Image_5130,train/Image_5130.jpg,Image_5130.jpg,AN 88,3,224,224,3,JPEG,18589
Image_4845,train/Image_4845.jpg,Image_4845.jpg,BLUE SPOTTED CROW,11,224,224,3,JPEG,25826
Image_2671,train/Image_2671.jpg,Image_2671.jpg,PAPER KITE,50,224,224,3,JPEG,25612
Image_1685,train/Image_1685.jpg,Image_1685.jpg,CLEOPATRA,17,224,224,3,JPEG,14451
Image_419,train/Image_419.jpg,Image_419.jpg,PURPLE HAIRSTREAK,55,224,224,3,JPEG,28709
Image_4247,train/Image_4247.jpg,Image_4247.jpg,ADONIS,0,224,224,3,JPEG,17700
Image_5441,train/Image_5441.jpg,Image_5441.jpg,CRECENT,23,224,224,3,JPEG,29878
Image_4826,train/Image_4826.jpg,Image_4826.jpg,BANDED PEACOCK,7,224,224,3,JPEG,20984
Image_1466,train/Image_1466.jpg,Image_1466.jpg,PINE WHITE,52,224,224,3,JPEG,25297
Image_874,train/Image_874.jpg,Image_874.jpg,EASTERN DAPPLE WHITE,27,224,224,3,JPEG,18401
Image_4785,train/Image_4785.jpg,Image_4785.jpg,RED CRACKER,59,224,224,3,JPEG,26507
Image_194,train/Image_194.jpg,Image_194.jpg,SILVER SPOT SKIPPER,63,224,224,3,JPEG,26702
Image_1909,train/Image_1909.jpg,Image_1909.jpg,AMERICAN SNOOT,2,224,224,3,JPEG,21331
Image_5572,train/Image_5572.jpg,Image_5572.jpg,RED CRACKER,59,224,224,3,JPEG,45269
Image_3397,train/Image_3397.jpg,Image_3397.jpg,PAPER KITE,50,224,224,3,JPEG,30332
Image_4683,train/Image_4683.jpg,Image_4683.jpg,SCARCE SWALLOW,62,224,224,3,JPEG,19042
Image_2663,train/Image_2663.jpg,Image_2663.jpg,BLUE SPOTTED CROW,11,224,224,3,JPEG,24067
Image_2258,train/Image_2258.jpg,Image_2258.jpg,COPPER TAIL,22,224,224,3,JPEG,24909
Image_3777,train/Image_3777.jpg,Image_3777.jpg,LARGE MARBLE,38,224,224,3,JPEG,30583
Image_4240,train/Image_4240.jpg,Image_4240.jpg,ORANGE TIP,47,224,224,3,JPEG,19229
Image_415,train/Image_415.jpg,Image_415.jpg,VICEROY,71,224,224,3,JPEG,40387
Image_4275,train/Image_4275.jpg,Image_4275.jpg,PAPER KITE,50,224,224,3,JPEG,33931
Image_3642,train/Image_3642.jpg,Image_3642.jpg,GREEN CELLED CATTLEHEART,33,224,224,3,JPEG,20392
Image_4604,train/Image_4604.jpg,Image_4604.jpg,JULIA,37,224,224,3,JPEG,23434
Image_6484,train/Image_6484.jpg,Image_6484.jpg,CAIRNS BIRDWING,14,224,224,3,JPEG,26975
Image_1583,train/Image_1583.jpg,Image_1583.jpg,PIPEVINE SWALLOW,53,224,224,3,JPEG,22824
Image_2783,train/Image_2783.jpg,Image_2783.jpg,BANDED ORANGE HELICONIAN,6,224,224,3,JPEG,23184
Image_4706,train/Image_4706.jpg,Image_4706.jpg,CLODIUS PARNASSIAN,18,224,224,3,JPEG,21711
Image_439,train/Image_439.jpg,Image_439.jpg,RED ADMIRAL,58,224,224,3,JPEG,19037
Image_263,train/Image_263.jpg,Image_263.jpg,BECKERS WHITE,8,224,224,3,JPEG,25596
Image_5691,train/Image_5691.jpg,Image_5691.jpg,QUESTION MARK,57,224,224,3,JPEG,29132
Image_3024,train/Image_3024.jpg,Image_3024.jpg,RED ADMIRAL,58,224,224,3,JPEG,34252
Image_325,train/Image_325.jpg,Image_325.jpg,APPOLLO,4,224,224,3,JPEG,15550
Image_1682,train/Image_1682.jpg,Image_1682.jpg,SILVER SPOT SKIPPER,63,224,224,3,JPEG,22328
Image_2589,train/Image_2589.jpg,Image_2589.jpg,BANDED PEACOCK,7,224,224,3,JPEG,26641
Image_3551,train/Image_3551.jpg,Image_3551.jpg,JULIA,37,224,224,3,JPEG,24405
Image_1239,train/Image_1239.jpg,Image_1239.jpg,ULYSES,70,224,224,3,JPEG,24314
Image_4440,train/Image_4440.jpg,Image_4440.jpg,AN 88,3,224,224,3,JPEG,33811
Image_4844,train/Image_4844.jpg,Image_4844.jpg,CHECQUERED SKIPPER,15,224,224,3,JPEG,22152
Image_1574,train/Image_1574.jpg,Image_1574.jpg,CLOUDED SULPHUR,19,224,224,3,JPEG,24875
Image_5068,train/Image_5068.jpg,Image_5068.jpg,EASTERN DAPPLE WHITE,27,224,224,3,JPEG,15864
Image_3300,train/Image_3300.jpg,Image_3300.jpg,APPOLLO,4,224,224,3,JPEG,25913
Image_6488,train/Image_6488.jpg,Image_6488.jpg,RED POSTMAN,60,224,224,3,JPEG,30802
Image_3966,train/Image_3966.jpg,Image_3966.jpg,MILBERTS TORTOISESHELL,43,224,224,3,JPEG,20388
Image_5707,train/Image_5707.jpg,Image_5707.jpg,SLEEPY ORANGE,64,224,224,3,JPEG,14511
Image_2257,train/Image_2257.jpg,Image_2257.jpg,ORANGE TIP,47,224,224,3,JPEG,25838
Image_3805,train/Image_3805.jpg,Image_3805.jpg,BLACK HAIRSTREAK,9,224,224,3,JPEG,18773
Image_5671,train/Image_5671.jpg,Image_5671.jpg,BROWN SIPROETA,12,224,224,3,JPEG,23491
Image_671,train/Image_671.jpg,Image_671.jpg,EASTERN PINE ELFIN,28,224,224,3,JPEG,36456
Image_5145,train/Image_5145.jpg,Image_5145.jpg,PINE WHITE,52,224,224,3,JPEG,19195
Image_915,train/Image_915.jpg,Image_915.jpg,CLEOPATRA,17,224,224,3,JPEG,25233
Image_4280,train/Image_4280.jpg,Image_4280.jpg,GREAT EGGFLY,31,224,224,3,JPEG,19963
Image_5005,train/Image_5005.jpg,Image_5005.jpg,RED SPOTTED PURPLE,61,224,224,3,JPEG,27016
Image_4270,train/Image_4270.jpg,Image_4270.jpg,CRIMSON PATCH,24,224,224,3,JPEG,20316
Image_666,train/Image_666.jpg,Image_666.jpg,ADONIS,0,224,224,3,JPEG,34208
Image_5289,train/Image_5289.jpg,Image_5289.jpg,DANAID EGGFLY,25,224,224,3,JPEG,37987
Image_5212,train/Image_5212.jpg,Image_5212.jpg,CHESTNUT,16,224,224,3,JPEG,26081
Image_5013,train/Image_5013.jpg,Image_5013.jpg,EASTERN COMA,26,224,224,3,JPEG,26267
Image_3807,train/Image_3807.jpg,Image_3807.jpg,RED SPOTTED PURPLE,61,224,224,3,JPEG,21630
Image_5009,train/Image_5009.jpg,Image_5009.jpg,STRAITED QUEEN,67,224,224,3,JPEG,21152
Image_5251,train/Image_5251.jpg,Image_5251.jpg,ORANGE OAKLEAF,46,224,224,3,JPEG,29139
Image_5901,train/Image_5901.jpg,Image_5901.jpg,CABBAGE WHITE,13,224,224,3,JPEG,22536
Image_3770,train/Image_3770.jpg,Image_3770.jpg,ELBOWED PIERROT,29,224,224,3,JPEG,21148
Image_3459,train/Image_3459.jpg,Image_3459.jpg,CAIRNS BIRDWING,14,224,224,3,JPEG,21533
Image_2557,train/Image_2557.jpg,Image_2557.jpg,AMERICAN SNOOT,2,224,224,3,JPEG,25048
Image_5760,train/Image_5760.jpg,Image_5760.jpg,YELLOW SWALLOW TAIL,73,224,224,3,JPEG,23529
Image_1652,train/Image_1652.jpg,Image_1652.jpg,CRECENT,23,224,224,3,JPEG,28973
Image_358,train/Image_358.jpg,Image_358.jpg,EASTERN PINE ELFIN,28,224,224,3,JPEG,25032
Image_954,train/Image_954.jpg,Image_954.jpg,ORANGE TIP,47,224,224,3,JPEG,19819
Image_4449,train/Image_4449.jpg,Image_4449.jpg,BROWN SIPROETA,12,224,224,3,JPEG,28941
Image_1040,train/Image_1040.jpg,Image_1040.jpg,YELLOW SWALLOW TAIL,73,224,224,3,JPEG,28563
Image_5610,train/Image_5610.jpg,Image_5610.jpg,COPPER TAIL,22,224,224,3,JPEG,21338
Image_1477,train/Image_1477.jpg,Image_1477.jpg,GOLD BANDED,30,224,224,3,JPEG,22101
Image_5534,train/Image_5534.jpg,Image_5534.jpg,BLUE SPOTTED CROW,11,224,224,3,JPEG,20852
Image_3084,train/Image_3084.jpg,Image_3084.jpg,SOUTHERN DOGFACE,66,224,224,3,JPEG,24464
Image_2387,train/Image_2387.jpg,Image_2387.jpg,ULYSES,70,224,224,3,JPEG,22904
Image_6343,train/Image_6343.jpg,Image_6343.jpg,BANDED ORANGE HELICONIAN,6,224,224,3,JPEG,19516
Image_740,train/Image_740.jpg,Image_740.jpg,MOURNING CLOAK,45,224,224,3,JPEG,48670
Image_3277,train/Image_3277.jpg,Image_3277.jpg,VICEROY,71,224,224,3,JPEG,31209
Image_4217,train/Image_4217.jpg,Image_4217.jpg,BECKERS WHITE,8,224,224,3,JPEG,22160
Image_3181,train/Image_3181.jpg,Image_3181.jpg,MOURNING CLOAK,45,224,224,3,JPEG,30678
Image_6195,train/Image_6195.jpg,Image_6195.jpg,ORANGE OAKLEAF,46,224,224,3,JPEG,30977
Image_1032,train/Image_1032.jpg,Image_1032.jpg,BECKERS WHITE,8,224,224,3,JPEG,21007
Image_4345,train/Image_4345.jpg,Image_4345.jpg,GREY HAIRSTREAK,34,224,224,3,JPEG,16225
Image_212,train/Image_212.jpg,Image_212.jpg,SLEEPY ORANGE,64,224,224,3,JPEG,25161
Image_3462,train/Image_3462.jpg,Image_3462.jpg,SOOTYWING,65,224,224,3,JPEG,23425
Image_1435,train/Image_1435.jpg,Image_1435.jpg,EASTERN DAPPLE WHITE,27,224,224,3,JPEG,23917
Image_1771,train/Image_1771.jpg,Image_1771.jpg,SCARCE SWALLOW,62,224,224,3,JPEG,17229
Image_5070,train/Image_5070.jpg,Image_5070.jpg,ORCHARD SWALLOW,48,224,224,3,JPEG,22514
Image_4624,train/Image_4624.jpg,Image_4624.jpg,COMMON WOOD-NYMPH,21,224,224,3,JPEG,26466
Image_6291,train/Image_6291.jpg,Image_6291.jpg,RED ADMIRAL,58,224,224,3,JPEG,27925
Image_2616,train/Image_2616.jpg,Image_2616.jpg,CAIRNS BIRDWING,14,224,224,3,JPEG,23405
Image_3587,train/Image_3587.jpg,Image_3587.jpg,EASTERN DAPPLE WHITE,27,224,224,3,JPEG,15395
Image_4748,train/Image_4748.jpg,Image_4748.jpg,MONARCH,44,224,224,3,JPEG,39164
Image_1134,train/Image_1134.jpg,Image_1134.jpg,MILBERTS TORTOISESHELL,43,224,224,3,JPEG,25007
Image_3833,train/Image_3833.jpg,Image_3833.jpg,APPOLLO,4,224,224,3,JPEG,21051
Image_5556,train/Image_5556.jpg,Image_5556.jpg,INDRA SWALLOW,35,224,224,3,JPEG,19241
Image_6182,train/Image_6182.jpg,Image_6182.jpg,MOURNING CLOAK,45,224,224,3,JPEG,32683
Image_4203,train/Image_4203.jpg,Image_4203.jpg,CAIRNS BIRDWING,14,224,224,3,JPEG,21336
Image_1409,train/Image_1409.jpg,Image_1409.jpg,TWO BARRED FLASHER,69,224,224,3,JPEG,22734
Image_1181,train/Image_1181.jpg,Image_1181.jpg,GREEN CELLED CATTLEHEART,33,224,224,3,JPEG,20633
Image_5310,train/Image_5310.jpg,Image_5310.jpg,ULYSES,70,224,224,3,JPEG,25324
Image_1688,train/Image_1688.jpg,Image_1688.jpg,EASTERN DAPPLE WHITE,27,224,224,3,JPEG,24929
Image_5653,train/Image_5653.jpg,Image_5653.jpg,RED SPOTTED PURPLE,61,224,224,3,JPEG,25199
Image_3997,train/Image_3997.jpg,Image_3997.jpg,CAIRNS BIRDWING,14,224,224,3,JPEG,21058
Image_2355,train/Image_2355.jpg,Image_2355.jpg,MOURNING CLOAK,45,224,224,3,JPEG,39408
Image_256,train/Image_256.jpg,Image_256.jpg,INDRA SWALLOW,35,224,224,3,JPEG,27341
Image_4646,train/Image_4646.jpg,Image_4646.jpg,COMMON WOOD-NYMPH,21,224,224,3,JPEG,40218
Image_5663,train/Image_5663.jpg,Image_5663.jpg,ORCHARD SWALLOW,48,224,224,3,JPEG,29109
Image_2550,train/Image_2550.jpg,Image_2550.jpg,COPPER TAIL,22,224,224,3,JPEG,33680
Image_4083,train/Image_4083.jpg,Image_4083.jpg,IPHICLUS SISTER,36,224,224,3,JPEG,22100
Image_1454,train/Image_1454.jpg,Image_1454.jpg,BLUE SPOTTED CROW,11,224,224,3,JPEG,18683
Image_961,train/Image_961.jpg,Image_961.jpg,ORANGE TIP,47,224,224,3,JPEG,23886
Image_3837,train/Image_3837.jpg,Image_3837.jpg,CAIRNS BIRDWING,14,224,224,3,JPEG,20282
Image_2710,train/Image_2710.jpg,Image_2710.jpg,CRECENT,23,224,224,3,JPEG,33206
Image_3223,train/Image_3223.jpg,Image_3223.jpg,TROPICAL LEAFWING,68,224,224,3,JPEG,20827
Image_1039,train/Image_1039.jpg,Image_1039.jpg,APPOLLO,4,224,224,3,JPEG,23977
Image_943,train/Image_943.jpg,Image_943.jpg,CHECQUERED SKIPPER,15,224,224,3,JPEG,28440
Image_6111,train/Image_6111.jpg,Image_6111.jpg,DANAID EGGFLY,25,224,224,3,JPEG,29496
Image_3133,train/Image_3133.jpg,Image_3133.jpg,RED POSTMAN,60,224,224,3,JPEG,21771
Image_2058,train/Image_2058.jpg,Image_2058.jpg,BLUE SPOTTED CROW,11,224,224,3,JPEG,31367
Image_383,train/Image_383.jpg,Image_383.jpg,IPHICLUS SISTER,36,224,224,3,JPEG,19671
Image_2587,train/Image_2587.jpg,Image_2587.jpg,COMMON WOOD-NYMPH,21,224,224,3,JPEG,24936
Image_4191,train/Image_4191.jpg,Image_4191.jpg,ELBOWED PIERROT,29,224,224,3,JPEG,22219
Image_5406,train/Image_5406.jpg,Image_5406.jpg,PURPLISH COPPER,56,224,224,3,JPEG,23743
Image_3687,train/Image_3687.jpg,Image_3687.jpg,MANGROVE SKIPPER,40,224,224,3,JPEG,24884
Image_1130,train/Image_1130.jpg,Image_1130.jpg,CRIMSON PATCH,24,224,224,3,JPEG,26558
Image_5301,train/Image_5301.jpg,Image_5301.jpg,LARGE MARBLE,38,224,224,3,JPEG,26364
Image_4841,train/Image_4841.jpg,Image_4841.jpg,AN 88,3,224,224,3,JPEG,15279
Image_1662,train/Image_1662.jpg,Image_1662.jpg,ORCHARD SWALLOW,48,224,224,3,JPEG,28228
Image_995,train/Image_995.jpg,Image_995.jpg,AFRICAN GIANT SWALLOWTAIL,1,224,224,3,JPEG,24043
Image_1761,train/Image_1761.jpg,Image_1761.jpg,CABBAGE WHITE,13,224,224,3,JPEG,21046
Image_5951,train/Image_5951.jpg,Image_5951.jpg,ORANGE OAKLEAF,46,224,224,3,JPEG,22055
Image_5166,train/Image_5166.jpg,Image_5166.jpg,SOOTYWING,65,224,224,3,JPEG,21743
Image_5426,train/Image_5426.jpg,Image_5426.jpg,PURPLE HAIRSTREAK,55,224,224,3,JPEG,25787
Image_4119,train/Image_4119.jpg,Image_4119.jpg,WOOD SATYR,72,224,224,3,JPEG,29964
Image_2358,train/Image_2358.jpg,Image_2358.jpg,PURPLISH COPPER,56,224,224,3,JPEG,23430
Image_3015,train/Image_3015.jpg,Image_3015.jpg,EASTERN PINE ELFIN,28,224,224,3,JPEG,32529
Image_3953,train/Image_3953.jpg,Image_3953.jpg,RED CRACKER,59,224,224,3,JPEG,30379
Image_3909,train/Image_3909.jpg,Image_3909.jpg,BROWN SIPROETA,12,224,224,3,JPEG,21099
Image_6349,train/Image_6349.jpg,Image_6349.jpg,EASTERN DAPPLE WHITE,27,224,224,3,JPEG,28280
Image_2690,train/Image_2690.jpg,Image_2690.jpg,PURPLE HAIRSTREAK,55,224,224,3,JPEG,26917
Image_1891,train/Image_1891.jpg,Image_1891.jpg,PIPEVINE SWALLOW,53,224,224,3,JPEG,36319
Image_1360,train/Image_1360.jpg,Image_1360.jpg,PURPLISH COPPER,56,224,224,3,JPEG,15142
Image_6000,train/Image_6000.jpg,Image_6000.jpg,INDRA SWALLOW,35,224,224,3,JPEG,33303
Image_2677,train/Image_2677.jpg,Image_2677.jpg,AFRICAN GIANT SWALLOWTAIL,1,224,224,3,JPEG,17850
Image_6099,train/Image_6099.jpg,Image_6099.jpg,MANGROVE SKIPPER,40,224,224,3,JPEG,29316
Image_5245,train/Image_5245.jpg,Image_5245.jpg,PAPER KITE,50,224,224,3,JPEG,26490
Image_1089,train/Image_1089.jpg,Image_1089.jpg,LARGE MARBLE,38,224,224,3,JPEG,23039
Image_3840,train/Image_3840.jpg,Image_3840.jpg,PEACOCK,51,224,224,3,JPEG,28141
Image_346,train/Image_346.jpg,Image_346.jpg,TROPICAL LEAFWING,68,224,224,3,JPEG,29378
Image_3417,train/Image_3417.jpg,Image_3417.jpg,PURPLISH COPPER,56,224,224,3,JPEG,19932
Image_3529,train/Image_3529.jpg,Image_3529.jpg,PURPLE HAIRSTREAK,55,224,224,3,JPEG,26840
Image_4114,train/Image_4114.jpg,Image_4114.jpg,QUESTION MARK,57,224,224,3,JPEG,26103
Image_3946,train/Image_3946.jpg,Image_3946.jpg,CLEOPATRA,17,224,224,3,JPEG,15508
Image_5269,train/Image_5269.jpg,Image_5269.jpg,EASTERN DAPPLE WHITE,27,224,224,3,JPEG,10568
Image_5002,train/Image_5002.jpg,Image_5002.jpg,STRAITED QUEEN,67,224,224,3,JPEG,27519
Image_4172,train/Image_4172.jpg,Image_4172.jpg,ZEBRA LONG WING,74,224,224,3,JPEG,21222
Image_5552,train/Image_5552.jpg,Image_5552.jpg,TWO BARRED FLASHER,69,224,224,3,JPEG,19789
Image_1154,train/Image_1154.jpg,Image_1154.jpg,GREAT JAY,32,224,224,3,JPEG,22100
Image_2751,train/Image_2751.jpg,Image_2751.jpg,CLEOPATRA,17,224,224,3,JPEG,15689
Image_4385,train/Image_4385.jpg,Image_4385.jpg,PIPEVINE SWALLOW,53,224,224,3,JPEG,21971
Image_5649,train/Image_5649.jpg,Image_5649.jpg,DANAID EGGFLY,25,224,224,3,JPEG,28366
Image_883,train/Image_883.jpg,Image_883.jpg,MILBERTS TORTOISESHELL,43,224,224,3,JPEG,20311
Image_5445,train/Image_5445.jpg,Image_5445.jpg,ORANGE TIP,47,224,224,3,JPEG,19125
Image_1320,train/Image_1320.jpg,Image_1320.jpg,MOURNING CLOAK,45,224,224,3,JPEG,36833
Image_3267,train/Image_3267.jpg,Image_3267.jpg,PAINTED LADY,49,224,224,3,JPEG,29085
Image_2555,train/Image_2555.jpg,Image_2555.jpg,COPPER TAIL,22,224,224,3,JPEG,20688
Image_5022,train/Image_5022.jpg,Image_5022.jpg,AMERICAN SNOOT,2,224,224,3,JPEG,20158
Image_311,train/Image_311.jpg,Image_311.jpg,EASTERN DAPPLE WHITE,27,224,224,3,JPEG,29669
Image_4033,train/Image_4033.jpg,Image_4033.jpg,ZEBRA LONG WING,74,224,224,3,JPEG,25555
Image_5522,train/Image_5522.jpg,Image_5522.jpg,ELBOWED PIERROT,29,224,224,3,JPEG,21779
Image_2586,train/Image_2586.jpg,Image_2586.jpg,ORANGE OAKLEAF,46,224,224,3,JPEG,26740
Image_1408,train/Image_1408.jpg,Image_1408.jpg,CLOUDED SULPHUR,19,224,224,3,JPEG,31503
Image_2233,train/Image_2233.jpg,Image_2233.jpg,MOURNING CLOAK,45,224,224,3,JPEG,29196
Image_5282,train/Image_5282.jpg,Image_5282.jpg,EASTERN DAPPLE WHITE,27,224,224,3,JPEG,23146
Image_6378,train/Image_6378.jpg,Image_6378.jpg,ORANGE OAKLEAF,46,224,224,3,JPEG,29616
Image_6371,train/Image_6371.jpg,Image_6371.jpg,CAIRNS BIRDWING,14,224,224,3,JPEG,23561
Image_5888,train/Image_5888.jpg,Image_5888.jpg,PAPER KITE,50,224,224,3,JPEG,33024
Image_2670,train/Image_2670.jpg,Image_2670.jpg,EASTERN COMA,26,224,224,3,JPEG,26370
Image_2224,train/Image_2224.jpg,Image_2224.jpg,CABBAGE WHITE,13,224,224,3,JPEG,17407
Image_724,train/Image_724.jpg,Image_724.jpg,SLEEPY ORANGE,64,224,224,3,JPEG,14628
Image_3118,train/Image_3118.jpg,Image_3118.jpg,ORCHARD SWALLOW,48,224,224,3,JPEG,28136
Image_1812,train/Image_1812.jpg,Image_1812.jpg,ELBOWED PIERROT,29,224,224,3,JPEG,25331
Image_1753,train/Image_1753.jpg,Image_1753.jpg,SILVER SPOT SKIPPER,63,224,224,3,JPEG,23890
Image_846,train/Image_846.jpg,Image_846.jpg,TWO BARRED FLASHER,69,224,224,3,JPEG,32139
Image_5229,train/Image_5229.jpg,Image_5229.jpg,SOUTHERN DOGFACE,66,224,224,3,JPEG,26615
Image_414,train/Image_414.jpg,Image_414.jpg,BLUE MORPHO,10,224,224,3,JPEG,22067
Image_2356,train/Image_2356.jpg,Image_2356.jpg,ATALA,5,224,224,3,JPEG,16116
Image_6372,train/Image_6372.jpg,Image_6372.jpg,INDRA SWALLOW,35,224,224,3,JPEG,21588
Image_5784,train/Image_5784.jpg,Image_5784.jpg,COPPER TAIL,22,224,224,3,JPEG,22894
Image_903,train/Image_903.jpg,Image_903.jpg,BLUE SPOTTED CROW,11,224,224,3,JPEG,23383
Image_2210,train/Image_2210.jpg,Image_2210.jpg,YELLOW SWALLOW TAIL,73,224,224,3,JPEG,27555
Image_906,train/Image_906.jpg,Image_906.jpg,CABBAGE WHITE,13,224,224,3,JPEG,33230
Image_3083,train/Image_3083.jpg,Image_3083.jpg,CAIRNS BIRDWING,14,224,224,3,JPEG,23358
Image_6069,train/Image_6069.jpg,Image_6069.jpg,IPHICLUS SISTER,36,224,224,3,JPEG,33041
Image_4976,train/Image_4976.jpg,Image_4976.jpg,CRIMSON PATCH,24,224,224,3,JPEG,25547
Image_74,train/Image_74.jpg,Image_74.jpg,MOURNING CLOAK,45,224,224,3,JPEG,19202
Image_4466,train/Image_4466.jpg,Image_4466.jpg,PEACOCK,51,224,224,3,JPEG,29161
Image_742,train/Image_742.jpg,Image_742.jpg,MOURNING CLOAK,45,224,224,3,JPEG,32227
Image_1388,train/Image_1388.jpg,Image_1388.jpg,POPINJAY,54,224,224,3,JPEG,26095
Image_4916,train/Image_4916.jpg,Image_4916.jpg,EASTERN COMA,26,224,224,3,JPEG,31322
Image_1802,train/Image_1802.jpg,Image_1802.jpg,MANGROVE SKIPPER,40,224,224,3,JPEG,27359
Image_2600,train/Image_2600.jpg,Image_2600.jpg,INDRA SWALLOW,35,224,224,3,JPEG,24282
Image_6359,train/Image_6359.jpg,Image_6359.jpg,CRIMSON PATCH,24,224,224,3,JPEG,31310
Image_3531,train/Image_3531.jpg,Image_3531.jpg,POPINJAY,54,224,224,3,JPEG,34990
Image_3537,train/Image_3537.jpg,Image_3537.jpg,GREAT EGGFLY,31,224,224,3,JPEG,28207
Image_855,train/Image_855.jpg,Image_855.jpg,VICEROY,71,224,224,3,JPEG,32654
Image_1196,train/Image_1196.jpg,Image_1196.jpg,MILBERTS TORTOISESHELL,43,224,224,3,JPEG,27411
Image_4508,train/Image_4508.jpg,Image_4508.jpg,GREAT EGGFLY,31,224,224,3,JPEG,26411
Image_5037,train/Image_5037.jpg,Image_5037.jpg,BLACK HAIRSTREAK,9,224,224,3,JPEG,18162
Image_2243,train/Image_2243.jpg,Image_2243.jpg,COMMON BANDED AWL,20,224,224,3,JPEG,16228
Image_4308,train/Image_4308.jpg,Image_4308.jpg,RED SPOTTED PURPLE,61,224,224,3,JPEG,26757
Image_1191,train/Image_1191.jpg,Image_1191.jpg,MILBERTS TORTOISESHELL,43,224,224,3,JPEG,35695
Image_3546,train/Image_3546.jpg,Image_3546.jpg,CLEOPATRA,17,224,224,3,JPEG,15783
Image_2527,train/Image_2527.jpg,Image_2527.jpg,SLEEPY ORANGE,64,224,224,3,JPEG,20478
Image_2372,train/Image_2372.jpg,Image_2372.jpg,ORCHARD SWALLOW,48,224,224,3,JPEG,27533
Image_1028,train/Image_1028.jpg,Image_1028.jpg,GREEN CELLED CATTLEHEART,33,224,224,3,JPEG,14986
Image_1068,train/Image_1068.jpg,Image_1068.jpg,PAPER KITE,50,224,224,3,JPEG,27408
Image_509,train/Image_509.jpg,Image_509.jpg,BROWN SIPROETA,12,224,224,3,JPEG,27292
Image_6318,train/Image_6318.jpg,Image_6318.jpg,MANGROVE SKIPPER,40,224,224,3,JPEG,35049
Image_2595,train/Image_2595.jpg,Image_2595.jpg,RED CRACKER,59,224,224,3,JPEG,32404
Image_1126,train/Image_1126.jpg,Image_1126.jpg,SLEEPY ORANGE,64,224,224,3,JPEG,16872
Image_1898,train/Image_1898.jpg,Image_1898.jpg,CHECQUERED SKIPPER,15,224,224,3,JPEG,22260
Image_699,train/Image_699.jpg,Image_699.jpg,BANDED PEACOCK,7,224,224,3,JPEG,27416
Image_2479,train/Image_2479.jpg,Image_2479.jpg,ORANGE TIP,47,224,224,3,JPEG,21652
Image_4008,train/Image_4008.jpg,Image_4008.jpg,MESTRA,41,224,224,3,JPEG,15281
Image_5079,train/Image_5079.jpg,Image_5079.jpg,EASTERN PINE ELFIN,28,224,224,3,JPEG,26533
Image_4197,train/Image_4197.jpg,Image_4197.jpg,LARGE MARBLE,38,224,224,3,JPEG,31185
Image_3057,train/Image_3057.jpg,Image_3057.jpg,MONARCH,44,224,224,3,JPEG,20293
Image_1975,train/Image_1975.jpg,Image_1975.jpg,AN 88,3,224,224,3,JPEG,28375
Image_2022,train/Image_2022.jpg,Image_2022.jpg,SOOTYWING,65,224,224,3,JPEG,26192
Image_4344,train/Image_4344.jpg,Image_4344.jpg,APPOLLO,4,224,224,3,JPEG,19266
Image_1526,train/Image_1526.jpg,Image_1526.jpg,SLEEPY ORANGE,64,224,224,3,JPEG,21173
Image_4468,train/Image_4468.jpg,Image_4468.jpg,CLOUDED SULPHUR,19,224,224,3,JPEG,22218
Image_3206,train/Image_3206.jpg,Image_3206.jpg,GREAT JAY,32,224,224,3,JPEG,14216
Image_3675,train/Image_3675.jpg,Image_3675.jpg,GREEN CELLED CATTLEHEART,33,224,224,3,JPEG,28042
Image_1557,train/Image_1557.jpg,Image_1557.jpg,SOOTYWING,65,224,224,3,JPEG,23477
Image_3156,train/Image_3156.jpg,Image_3156.jpg,RED SPOTTED PURPLE,61,224,224,3,JPEG,25885
Image_582,train/Image_582.jpg,Image_582.jpg,MILBERTS TORTOISESHELL,43,224,224,3,JPEG,31406
Image_871,train/Image_871.jpg,Image_871.jpg,BROWN SIPROETA,12,224,224,3,JPEG,19382
Image_896,train/Image_896.jpg,Image_896.jpg,SLEEPY ORANGE,64,224,224,3,JPEG,30725
Image_2530,train/Image_2530.jpg,Image_2530.jpg,BECKERS WHITE,8,224,224,3,JPEG,22343
Image_4301,train/Image_4301.jpg,Image_4301.jpg,WOOD SATYR,72,224,224,3,JPEG,38256
Image_3234,train/Image_3234.jpg,Image_3234.jpg,SILVER SPOT SKIPPER,63,224,224,3,JPEG,27035
Image_5349,train/Image_5349.jpg,Image_5349.jpg,STRAITED QUEEN,67,224,224,3,JPEG,18658
Image_3618,train/Image_3618.jpg,Image_3618.jpg,BANDED PEACOCK,7,224,224,3,JPEG,25077
Image_6376,train/Image_6376.jpg,Image_6376.jpg,CHESTNUT,16,224,224,3,JPEG,26330
Image_4199,train/Image_4199.jpg,Image_4199.jpg,LARGE MARBLE,38,224,224,3,JPEG,21544
Image_159,train/Image_159.jpg,Image_159.jpg,ZEBRA LONG WING,74,224,224,3,JPEG,27428
Image_3855,train/Image_3855.jpg,Image_3855.jpg,GREY HAIRSTREAK,34,224,224,3,JPEG,24615
Image_5858,train/Image_5858.jpg,Image_5858.jpg,GREEN CELLED CATTLEHEART,33,224,224,3,JPEG,19538
Image_3486,train/Image_3486.jpg,Image_3486.jpg,CLODIUS PARNASSIAN,18,224,224,3,JPEG,14890
Image_4107,train/Image_4107.jpg,Image_4107.jpg,BROWN SIPROETA,12,224,224,3,JPEG,27728
Image_4660,train/Image_4660.jpg,Image_4660.jpg,ORANGE OAKLEAF,46,224,224,3,JPEG,27295
Image_5732,train/Image_5732.jpg,Image_5732.jpg,CABBAGE WHITE,13,224,224,3,JPEG,18615
Image_6313,train/Image_6313.jpg,Image_6313.jpg,MESTRA,41,224,224,3,JPEG,13807
Image_3243,train/Image_3243.jpg,Image_3243.jpg,METALMARK,42,224,224,3,JPEG,18823
Image_5781,train/Image_5781.jpg,Image_5781.jpg,CAIRNS BIRDWING,14,224,224,3,JPEG,27129
Image_1709,train/Image_1709.jpg,Image_1709.jpg,MANGROVE SKIPPER,40,224,224,3,JPEG,23225
Image_5290,train/Image_5290.jpg,Image_5290.jpg,SILVER SPOT SKIPPER,63,224,224,3,JPEG,17685
Image_132,train/Image_132.jpg,Image_132.jpg,GREAT JAY,32,224,224,3,JPEG,15402
Image_1504,train/Image_1504.jpg,Image_1504.jpg,EASTERN DAPPLE WHITE,27,224,224,3,JPEG,23796
Image_6368,train/Image_6368.jpg,Image_6368.jpg,BLUE SPOTTED CROW,11,224,224,3,JPEG,16226
Image_3676,train/Image_3676.jpg,Image_3676.jpg,RED POSTMAN,60,224,224,3,JPEG,23809
Image_5780,train/Image_5780.jpg,Image_5780.jpg,SILVER SPOT SKIPPER,63,224,224,3,JPEG,16708
Image_1717,train/Image_1717.jpg,Image_1717.jpg,RED SPOTTED PURPLE,61,224,224,3,JPEG,32834
Image_3955,train/Image_3955.jpg,Image_3955.jpg,ULYSES,70,224,224,3,JPEG,21729
Image_4911,train/Image_4911.jpg,Image_4911.jpg,INDRA SWALLOW,35,224,224,3,JPEG,25576
Image_792,train/Image_792.jpg,Image_792.jpg,GREY HAIRSTREAK,34,224,224,3,JPEG,25868
Image_5510,train/Image_5510.jpg,Image_5510.jpg,PEACOCK,51,224,224,3,JPEG,38287
Image_429,train/Image_429.jpg,Image_429.jpg,RED POSTMAN,60,224,224,3,JPEG,22332
Image_5051,train/Image_5051.jpg,Image_5051.jpg,METALMARK,42,224,224,3,JPEG,24375
Image_2283,train/Image_2283.jpg,Image_2283.jpg,GREAT EGGFLY,31,224,224,3,JPEG,30029
Image_3143,train/Image_3143.jpg,Image_3143.jpg,CABBAGE WHITE,13,224,224,3,JPEG,14395
Image_1752,train/Image_1752.jpg,Image_1752.jpg,PIPEVINE SWALLOW,53,224,224,3,JPEG,20025
Image_6066,train/Image_6066.jpg,Image_6066.jpg,EASTERN DAPPLE WHITE,27,224,224,3,JPEG,17459
Image_2397,train/Image_2397.jpg,Image_2397.jpg,TROPICAL LEAFWING,68,224,224,3,JPEG,27907
Image_2347,train/Image_2347.jpg,Image_2347.jpg,PIPEVINE SWALLOW,53,224,224,3,JPEG,25414
Image_980,train/Image_980.jpg,Image_980.jpg,TROPICAL LEAFWING,68,224,224,3,JPEG,23748
Image_5209,train/Image_5209.jpg,Image_5209.jpg,ULYSES,70,224,224,3,JPEG,15007
Image_2646,train/Image_2646.jpg,Image_2646.jpg,SLEEPY ORANGE,64,224,224,3,JPEG,19481
Image_2955,train/Image_2955.jpg,Image_2955.jpg,STRAITED QUEEN,67,224,224,3,JPEG,32922
Image_6311,train/Image_6311.jpg,Image_6311.jpg,SLEEPY ORANGE,64,224,224,3,JPEG,19946
Image_2920,train/Image_2920.jpg,Image_2920.jpg,EASTERN DAPPLE WHITE,27,224,224,3,JPEG,25143
Image_6208,train/Image_6208.jpg,Image_6208.jpg,APPOLLO,4,224,224,3,JPEG,21041
Image_1123,train/Image_1123.jpg,Image_1123.jpg,PAINTED LADY,49,224,224,3,JPEG,28776
Image_5731,train/Image_5731.jpg,Image_5731.jpg,GREAT JAY,32,224,224,3,JPEG,21268
Image_3384,train/Image_3384.jpg,Image_3384.jpg,VICEROY,71,224,224,3,JPEG,28851
Image_3337,train/Image_3337.jpg,Image_3337.jpg,JULIA,37,224,224,3,JPEG,24120
Image_1814,train/Image_1814.jpg,Image_1814.jpg,EASTERN COMA,26,224,224,3,JPEG,24849
Image_437,train/Image_437.jpg,Image_437.jpg,PURPLE HAIRSTREAK,55,224,224,3,JPEG,16954
Image_5946,train/Image_5946.jpg,Image_5946.jpg,JULIA,37,224,224,3,JPEG,19404
Image_4047,train/Image_4047.jpg,Image_4047.jpg,COMMON WOOD-NYMPH,21,224,224,3,JPEG,31815
Image_1371,train/Image_1371.jpg,Image_1371.jpg,STRAITED QUEEN,67,224,224,3,JPEG,24608
Image_6255,train/Image_6255.jpg,Image_6255.jpg,BECKERS WHITE,8,224,224,3,JPEG,25642
Image_4064,train/Image_4064.jpg,Image_4064.jpg,CRECENT,23,224,224,3,JPEG,35020
Image_2581,train/Image_2581.jpg,Image_2581.jpg,AN 88,3,224,224,3,JPEG,24051
Image_5235,train/Image_5235.jpg,Image_5235.jpg,EASTERN DAPPLE WHITE,27,224,224,3,JPEG,24981
Image_5982,train/Image_5982.jpg,Image_5982.jpg,VICEROY,71,224,224,3,JPEG,28772
Image_4307,train/Image_4307.jpg,Image_4307.jpg,ULYSES,70,224,224,3,JPEG,31769
Image_5641,train/Image_5641.jpg,Image_5641.jpg,MESTRA,41,224,224,3,JPEG,27335
Image_124,train/Image_124.jpg,Image_124.jpg,MONARCH,44,224,224,3,JPEG,31919
Image_4957,train/Image_4957.jpg,Image_4957.jpg,VICEROY,71,224,224,3,JPEG,29429
Image_3298,train/Image_3298.jpg,Image_3298.jpg,IPHICLUS SISTER,36,224,224,3,JPEG,34747
Image_4473,train/Image_4473.jpg,Image_4473.jpg,INDRA SWALLOW,35,224,224,3,JPEG,29227
Image_4225,train/Image_4225.jpg,Image_4225.jpg,RED CRACKER,59,224,224,3,JPEG,35360
Image_4687,train/Image_4687.jpg,Image_4687.jpg,CRECENT,23,224,224,3,JPEG,34709
Image_3816,train/Image_3816.jpg,Image_3816.jpg,TROPICAL LEAFWING,68,224,224,3,JPEG,28241
Image_2040,train/Image_2040.jpg,Image_2040.jpg,BANDED ORANGE HELICONIAN,6,224,224,3,JPEG,24539
Image_5295,train/Image_5295.jpg,Image_5295.jpg,MILBERTS TORTOISESHELL,43,224,224,3,JPEG,23705
Image_6034,train/Image_6034.jpg,Image_6034.jpg,MOURNING CLOAK,45,224,224,3,JPEG,21500
Image_5227,train/Image_5227.jpg,Image_5227.jpg,AMERICAN SNOOT,2,224,224,3,JPEG,25588
Image_6332,train/Image_6332.jpg,Image_6332.jpg,ORANGE OAKLEAF,46,224,224,3,JPEG,27428
Image_4355,train/Image_4355.jpg,Image_4355.jpg,SLEEPY ORANGE,64,224,224,3,JPEG,30449
Image_2797,train/Image_2797.jpg,Image_2797.jpg,MILBERTS TORTOISESHELL,43,224,224,3,JPEG,25916
Image_1149,train/Image_1149.jpg,Image_1149.jpg,METALMARK,42,224,224,3,JPEG,30340
Image_3948,train/Image_3948.jpg,Image_3948.jpg,MILBERTS TORTOISESHELL,43,224,224,3,JPEG,25775
Image_6413,train/Image_6413.jpg,Image_6413.jpg,APPOLLO,4,224,224,3,JPEG,25369
Image_4619,train/Image_4619.jpg,Image_4619.jpg,LARGE MARBLE,38,224,224,3,JPEG,27956
Image_2478,train/Image_2478.jpg,Image_2478.jpg,CRIMSON PATCH,24,224,224,3,JPEG,24580
Image_1776,train/Image_1776.jpg,Image_1776.jpg,SILVER SPOT SKIPPER,63,224,224,3,JPEG,19292
Image_3215,train/Image_3215.jpg,Image_3215.jpg,JULIA,37,224,224,3,JPEG,25180
Image_1603,train/Image_1603.jpg,Image_1603.jpg,RED ADMIRAL,58,224,224,3,JPEG,24976
Image_1335,train/Image_1335.jpg,Image_1335.jpg,ATALA,5,224,224,3,JPEG,21063
Image_1563,train/Image_1563.jpg,Image_1563.jpg,APPOLLO,4,224,224,3,JPEG,21284
Image_3416,train/Image_3416.jpg,Image_3416.jpg,MILBERTS TORTOISESHELL,43,224,224,3,JPEG,35850
Image_6167,train/Image_6167.jpg,Image_6167.jpg,CABBAGE WHITE,13,224,224,3,JPEG,26805
Image_3601,train/Image_3601.jpg,Image_3601.jpg,CRECENT,23,224,224,3,JPEG,27446
Image_5442,train/Image_5442.jpg,Image_5442.jpg,COMMON BANDED AWL,20,224,224,3,JPEG,18562
Image_4077,train/Image_4077.jpg,Image_4077.jpg,TROPICAL LEAFWING,68,224,224,3,JPEG,23221
Image_398,train/Image_398.jpg,Image_398.jpg,SLEEPY ORANGE,64,224,224,3,JPEG,23139
Image_1528,train/Image_1528.jpg,Image_1528.jpg,CABBAGE WHITE,13,224,224,3,JPEG,22381
Image_5652,train/Image_5652.jpg,Image_5652.jpg,CRECENT,23,224,224,3,JPEG,31600
Image_889,train/Image_889.jpg,Image_889.jpg,INDRA SWALLOW,35,224,224,3,JPEG,26786
Image_230,train/Image_230.jpg,Image_230.jpg,BLUE SPOTTED CROW,11,224,224,3,JPEG,27747
Image_584,train/Image_584.jpg,Image_584.jpg,PURPLE HAIRSTREAK,55,224,224,3,JPEG,29650
Image_5319,train/Image_5319.jpg,Image_5319.jpg,PEACOCK,51,224,224,3,JPEG,19905
Image_622,train/Image_622.jpg,Image_622.jpg,MILBERTS TORTOISESHELL,43,224,224,3,JPEG,23230
Image_3842,train/Image_3842.jpg,Image_3842.jpg,CRECENT,23,224,224,3,JPEG,24648
Image_2640,train/Image_2640.jpg,Image_2640.jpg,VICEROY,71,224,224,3,JPEG,23982
Image_3572,train/Image_3572.jpg,Image_3572.jpg,BLUE SPOTTED CROW,11,224,224,3,JPEG,22035
Image_2410,train/Image_2410.jpg,Image_2410.jpg,ELBOWED PIERROT,29,224,224,3,JPEG,21979
Image_351,train/Image_351.jpg,Image_351.jpg,CHESTNUT,16,224,224,3,JPEG,18187
Image_6123,train/Image_6123.jpg,Image_6123.jpg,CHECQUERED SKIPPER,15,224,224,3,JPEG,30600
Image_3474,train/Image_3474.jpg,Image_3474.jpg,VICEROY,71,224,224,3,JPEG,37990
Image_4866,train/Image_4866.jpg,Image_4866.jpg,BLUE SPOTTED CROW,11,224,224,3,JPEG,15273
Image_4281,train/Image_4281.jpg,Image_4281.jpg,DANAID EGGFLY,25,224,224,3,JPEG,22196
Image_2465,train/Image_2465.jpg,Image_2465.jpg,AFRICAN GIANT SWALLOWTAIL,1,224,224,3,JPEG,19982
Image_3761,train/Image_3761.jpg,Image_3761.jpg,PURPLISH COPPER,56,224,224,3,JPEG,18506
Image_2735,train/Image_2735.jpg,Image_2735.jpg,RED POSTMAN,60,224,224,3,JPEG,25047
Image_6231,train/Image_6231.jpg,Image_6231.jpg,CLEOPATRA,17,224,224,3,JPEG,22582
Image_2267,train/Image_2267.jpg,Image_2267.jpg,APPOLLO,4,224,224,3,JPEG,37817
Image_186,train/Image_186.jpg,Image_186.jpg,STRAITED QUEEN,67,224,224,3,JPEG,36751
Image_824,train/Image_824.jpg,Image_824.jpg,EASTERN DAPPLE WHITE,27,224,224,3,JPEG,21620
Image_4815,train/Image_4815.jpg,Image_4815.jpg,MONARCH,44,224,224,3,JPEG,22278
Image_4346,train/Image_4346.jpg,Image_4346.jpg,CLOUDED SULPHUR,19,224,224,3,JPEG,37354
Image_788,train/Image_788.jpg,Image_788.jpg,JULIA,37,224,224,3,JPEG,20964
Image_2508,train/Image_2508.jpg,Image_2508.jpg,PINE WHITE,52,224,224,3,JPEG,29581
Image_5119,train/Image_5119.jpg,Image_5119.jpg,ATALA,5,224,224,3,JPEG,15686
Image_872,train/Image_872.jpg,Image_872.jpg,GREAT JAY,32,224,224,3,JPEG,23155
Image_922,train/Image_922.jpg,Image_922.jpg,MESTRA,41,224,224,3,JPEG,25416
Image_146,train/Image_146.jpg,Image_146.jpg,RED POSTMAN,60,224,224,3,JPEG,26550
Image_4531,train/Image_4531.jpg,Image_4531.jpg,ADONIS,0,224,224,3,JPEG,31678
Image_2430,train/Image_2430.jpg,Image_2430.jpg,PURPLISH COPPER,56,224,224,3,JPEG,37030
Image_1258,train/Image_1258.jpg,Image_1258.jpg,GOLD BANDED,30,224,224,3,JPEG,31968
Image_2344,train/Image_2344.jpg,Image_2344.jpg,SOOTYWING,65,224,224,3,JPEG,24592
Image_6393,train/Image_6393.jpg,Image_6393.jpg,RED ADMIRAL,58,224,224,3,JPEG,30403
Image_6009,train/Image_6009.jpg,Image_6009.jpg,EASTERN PINE ELFIN,28,224,224,3,JPEG,25282
Image_6139,train/Image_6139.jpg,Image_6139.jpg,BROWN SIPROETA,12,224,224,3,JPEG,27912
Image_1185,train/Image_1185.jpg,Image_1185.jpg,PINE WHITE,52,224,224,3,JPEG,33065
Image_6309,train/Image_6309.jpg,Image_6309.jpg,MALACHITE,39,224,224,3,JPEG,21113
Image_5826,train/Image_5826.jpg,Image_5826.jpg,CABBAGE WHITE,13,224,224,3,JPEG,28264
Image_859,train/Image_859.jpg,Image_859.jpg,ORCHARD SWALLOW,48,224,224,3,JPEG,24719
Image_3146,train/Image_3146.jpg,Image_3146.jpg,ATALA,5,224,224,3,JPEG,25129
Image_1153,train/Image_1153.jpg,Image_1153.jpg,GREAT EGGFLY,31,224,224,3,JPEG,23596
Image_4461,train/Image_4461.jpg,Image_4461.jpg,ULYSES,70,224,224,3,JPEG,29336
Image_5528,train/Image_5528.jpg,Image_5528.jpg,CHECQUERED SKIPPER,15,224,224,3,JPEG,34082
Image_1411,train/Image_1411.jpg,Image_1411.jpg,SOOTYWING,65,224,224,3,JPEG,19724
Image_5926,train/Image_5926.jpg,Image_5926.jpg,MESTRA,41,224,224,3,JPEG,22705
Image_1722,train/Image_1722.jpg,Image_1722.jpg,INDRA SWALLOW,35,224,224,3,JPEG,31056
Image_1107,train/Image_1107.jpg,Image_1107.jpg,EASTERN DAPPLE WHITE,27,224,224,3,JPEG,23968
Image_489,train/Image_489.jpg,Image_489.jpg,BLACK HAIRSTREAK,9,224,224,3,JPEG,24419
Image_1834,train/Image_1834.jpg,Image_1834.jpg,COMMON BANDED AWL,20,224,224,3,JPEG,16963
Image_6424,train/Image_6424.jpg,Image_6424.jpg,PAPER KITE,50,224,224,3,JPEG,37274
Image_2123,train/Image_2123.jpg,Image_2123.jpg,BANDED ORANGE HELICONIAN,6,224,224,3,JPEG,21446
Image_1421,train/Image_1421.jpg,Image_1421.jpg,SCARCE SWALLOW,62,224,224,3,JPEG,27225
Image_2423,train/Image_2423.jpg,Image_2423.jpg,STRAITED QUEEN,67,224,224,3,JPEG,28703
Image_5660,train/Image_5660.jpg,Image_5660.jpg,CLODIUS PARNASSIAN,18,224,224,3,JPEG,31582
Image_4330,train/Image_4330.jpg,Image_4330.jpg,ELBOWED PIERROT,29,224,224,3,JPEG,22630
Image_253,train/Image_253.jpg,Image_253.jpg,ATALA,5,224,224,3,JPEG,27605
Image_57,train/Image_57.jpg,Image_57.jpg,GREAT JAY,32,224,224,3,JPEG,20254
Image_4216,train/Image_4216.jpg,Image_4216.jpg,GREAT EGGFLY,31,224,224,3,JPEG,21930
Image_4720,train/Image_4720.jpg,Image_4720.jpg,CRIMSON PATCH,24,224,224,3,JPEG,22208
Image_483,train/Image_483.jpg,Image_483.jpg,ZEBRA LONG WING,74,224,224,3,JPEG,26891
Image_2876,train/Image_2876.jpg,Image_2876.jpg,PURPLISH COPPER,56,224,224,3,JPEG,23731
Image_1200,train/Image_1200.jpg,Image_1200.jpg,MILBERTS TORTOISESHELL,43,224,224,3,JPEG,28631
Image_2563,train/Image_2563.jpg,Image_2563.jpg,WOOD SATYR,72,224,224,3,JPEG,28678
Image_3429,train/Image_3429.jpg,Image_3429.jpg,BANDED PEACOCK,7,224,224,3,JPEG,28378
Image_2872,train/Image_2872.jpg,Image_2872.jpg,CHESTNUT,16,224,224,3,JPEG,22617
Image_1172,train/Image_1172.jpg,Image_1172.jpg,ORANGE OAKLEAF,46,224,224,3,JPEG,31085
Image_1640,train/Image_1640.jpg,Image_1640.jpg,JULIA,37,224,224,3,JPEG,21165
Image_189,train/Image_189.jpg,Image_189.jpg,BANDED PEACOCK,7,224,224,3,JPEG,21741
Image_1369,train/Image_1369.jpg,Image_1369.jpg,CHESTNUT,16,224,224,3,JPEG,34027
Image_3679,train/Image_3679.jpg,Image_3679.jpg,GREAT JAY,32,224,224,3,JPEG,25092
Image_674,train/Image_674.jpg,Image_674.jpg,QUESTION MARK,57,224,224,3,JPEG,25381
Image_6105,train/Image_6105.jpg,Image_6105.jpg,CLEOPATRA,17,224,224,3,JPEG,21119
Image_1875,train/Image_1875.jpg,Image_1875.jpg,PINE WHITE,52,224,224,3,JPEG,34699
Image_4632,train/Image_4632.jpg,Image_4632.jpg,STRAITED QUEEN,67,224,224,3,JPEG,32847
Image_2844,train/Image_2844.jpg,Image_2844.jpg,YELLOW SWALLOW TAIL,73,224,224,3,JPEG,25936
Image_6107,train/Image_6107.jpg,Image_6107.jpg,COMMON BANDED AWL,20,224,224,3,JPEG,20846
Image_3494,train/Image_3494.jpg,Image_3494.jpg,EASTERN DAPPLE WHITE,27,224,224,3,JPEG,23715
Image_192,train/Image_192.jpg,Image_192.jpg,EASTERN DAPPLE WHITE,27,224,224,3,JPEG,26080
Image_6473,train/Image_6473.jpg,Image_6473.jpg,CLODIUS PARNASSIAN,18,224,224,3,JPEG,23735
Image_5094,train/Image_5094.jpg,Image_5094.jpg,SOUTHERN DOGFACE,66,224,224,3,JPEG,21687
Image_5710,train/Image_5710.jpg,Image_5710.jpg,BANDED PEACOCK,7,224,224,3,JPEG,21262
Image_1345,train/Image_1345.jpg,Image_1345.jpg,RED CRACKER,59,224,224,3,JPEG,27948
Image_1116,train/Image_1116.jpg,Image_1116.jpg,PEACOCK,51,224,224,3,JPEG,24775
Image_1976,train/Image_1976.jpg,Image_1976.jpg,GREEN CELLED CATTLEHEART,33,224,224,3,JPEG,17189
Image_1832,train/Image_1832.jpg,Image_1832.jpg,COPPER TAIL,22,224,224,3,JPEG,27623
Image_3385,train/Image_3385.jpg,Image_3385.jpg,CRECENT,23,224,224,3,JPEG,21654
Image_2730,train/Image_2730.jpg,Image_2730.jpg,CHESTNUT,16,224,224,3,JPEG,23672
Image_3536,train/Image_3536.jpg,Image_3536.jpg,METALMARK,42,224,224,3,JPEG,28735
Image_488,train/Image_488.jpg,Image_488.jpg,CHECQUERED SKIPPER,15,224,224,3,JPEG,23433
Image_4151,train/Image_4151.jpg,Image_4151.jpg,ORANGE TIP,47,224,224,3,JPEG,16692
Image_5436,train/Image_5436.jpg,Image_5436.jpg,PURPLE HAIRSTREAK,55,224,224,3,JPEG,23927
Image_850,train/Image_850.jpg,Image_850.jpg,PINE WHITE,52,224,224,3,JPEG,41286
Image_5559,train/Image_5559.jpg,Image_5559.jpg,CLEOPATRA,17,224,224,3,JPEG,23973
Image_5321,train/Image_5321.jpg,Image_5321.jpg,POPINJAY,54,224,224,3,JPEG,21807
Image_6430,train/Image_6430.jpg,Image_6430.jpg,CHECQUERED SKIPPER,15,224,224,3,JPEG,27511
Image_1817,train/Image_1817.jpg,Image_1817.jpg,ZEBRA LONG WING,74,224,224,3,JPEG,23308
Image_6460,train/Image_6460.jpg,Image_6460.jpg,SLEEPY ORANGE,64,224,224,3,JPEG,28585
Image_2842,train/Image_2842.jpg,Image_2842.jpg,PURPLE HAIRSTREAK,55,224,224,3,JPEG,25405
Image_1353,train/Image_1353.jpg,Image_1353.jpg,ORANGE OAKLEAF,46,224,224,3,JPEG,32244
Image_2459,train/Image_2459.jpg,Image_2459.jpg,PINE WHITE,52,224,224,3,JPEG,27809
Image_6471,train/Image_6471.jpg,Image_6471.jpg,CLOUDED SULPHUR,19,224,224,3,JPEG,24636
Image_3354,train/Image_3354.jpg,Image_3354.jpg,PAINTED LADY,49,224,224,3,JPEG,24579
Image_2495,train/Image_2495.jpg,Image_2495.jpg,GREAT EGGFLY,31,224,224,3,JPEG,20955
Image_4575,train/Image_4575.jpg,Image_4575.jpg,ORANGE OAKLEAF,46,224,224,3,JPEG,32517
Image_5270,train/Image_5270.jpg,Image_5270.jpg,CHECQUERED SKIPPER,15,224,224,3,JPEG,25196
Image_2338,train/Image_2338.jpg,Image_2338.jpg,RED SPOTTED PURPLE,61,224,224,3,JPEG,31423
Image_3616,train/Image_3616.jpg,Image_3616.jpg,STRAITED QUEEN,67,224,224,3,JPEG,26151
Image_5190,train/Image_5190.jpg,Image_5190.jpg,DANAID EGGFLY,25,224,224,3,JPEG,21894
Image_2870,train/Image_2870.jpg,Image_2870.jpg,APPOLLO,4,224,224,3,JPEG,32439
Image_5066,train/Image_5066.jpg,Image_5066.jpg,PEACOCK,51,224,224,3,JPEG,18262
Image_2885,train/Image_2885.jpg,Image_2885.jpg,SOOTYWING,65,224,224,3,JPEG,34859
Image_5284,train/Image_5284.jpg,Image_5284.jpg,ORCHARD SWALLOW,48,224,224,3,JPEG,27398
Image_960,train/Image_960.jpg,Image_960.jpg,GOLD BANDED,30,224,224,3,JPEG,35125
Image_6396,train/Image_6396.jpg,Image_6396.jpg,RED CRACKER,59,224,224,3,JPEG,33616
Image_1689,train/Image_1689.jpg,Image_1689.jpg,GREAT JAY,32,224,224,3,JPEG,24049
Image_6289,train/Image_6289.jpg,Image_6289.jpg,CAIRNS BIRDWING,14,224,224,3,JPEG,22593
Image_94,train/Image_94.jpg,Image_94.jpg,CLOUDED SULPHUR,19,224,224,3,JPEG,20786
Image_1690,train/Image_1690.jpg,Image_1690.jpg,IPHICLUS SISTER,36,224,224,3,JPEG,19668
Image_1929,train/Image_1929.jpg,Image_1929.jpg,COMMON BANDED AWL,20,224,224,3,JPEG,17827
Image_6468,train/Image_6468.jpg,Image_6468.jpg,VICEROY,71,224,224,3,JPEG,34893
Image_2001,train/Image_2001.jpg,Image_2001.jpg,MESTRA,41,224,224,3,JPEG,20663
Image_3895,train/Image_3895.jpg,Image_3895.jpg,POPINJAY,54,224,224,3,JPEG,38975
Image_522,train/Image_522.jpg,Image_522.jpg,MANGROVE SKIPPER,40,224,224,3,JPEG,27629
Image_113,train/Image_113.jpg,Image_113.jpg,DANAID EGGFLY,25,224,224,3,JPEG,21929
Image_249,train/Image_249.jpg,Image_249.jpg,MONARCH,44,224,224,3,JPEG,28377
Image_5238,train/Image_5238.jpg,Image_5238.jpg,YELLOW SWALLOW TAIL,73,224,224,3,JPEG,29027
Image_5673,train/Image_5673.jpg,Image_5673.jpg,RED POSTMAN,60,224,224,3,JPEG,30445
Image_4036,train/Image_4036.jpg,Image_4036.jpg,EASTERN COMA,26,224,224,3,JPEG,31635
Image_2986,train/Image_2986.jpg,Image_2986.jpg,MONARCH,44,224,224,3,JPEG,24693
Image_5643,train/Image_5643.jpg,Image_5643.jpg,QUESTION MARK,57,224,224,3,JPEG,31432
Image_2782,train/Image_2782.jpg,Image_2782.jpg,IPHICLUS SISTER,36,224,224,3,JPEG,23414
Image_4157,train/Image_4157.jpg,Image_4157.jpg,ELBOWED PIERROT,29,224,224,3,JPEG,22961
Image_1048,train/Image_1048.jpg,Image_1048.jpg,PURPLE HAIRSTREAK,55,224,224,3,JPEG,26240
Image_4743,train/Image_4743.jpg,Image_4743.jpg,BECKERS WHITE,8,224,224,3,JPEG,22148
Image_1291,train/Image_1291.jpg,Image_1291.jpg,ZEBRA LONG WING,74,224,224,3,JPEG,27129
Image_1307,train/Image_1307.jpg,Image_1307.jpg,BECKERS WHITE,8,224,224,3,JPEG,26408
Image_6335,train/Image_6335.jpg,Image_6335.jpg,ULYSES,70,224,224,3,JPEG,21729
Image_4696,train/Image_4696.jpg,Image_4696.jpg,BANDED ORANGE HELICONIAN,6,224,224,3,JPEG,29603
Image_2254,train/Image_2254.jpg,Image_2254.jpg,POPINJAY,54,224,224,3,JPEG,29065
Image_3259,train/Image_3259.jpg,Image_3259.jpg,ZEBRA LONG WING,74,224,224,3,JPEG,22770
Image_3783,train/Image_3783.jpg,Image_3783.jpg,EASTERN PINE ELFIN,28,224,224,3,JPEG,30453
Image_989,train/Image_989.jpg,Image_989.jpg,PURPLE HAIRSTREAK,55,224,224,3,JPEG,24786
Image_6453,train/Image_6453.jpg,Image_6453.jpg,TROPICAL LEAFWING,68,224,224,3,JPEG,20277
Image_347,train/Image_347.jpg,Image_347.jpg,BANDED PEACOCK,7,224,224,3,JPEG,27059
Image_4417,train/Image_4417.jpg,Image_4417.jpg,PIPEVINE SWALLOW,53,224,224,3,JPEG,26381
Image_5237,train/Image_5237.jpg,Image_5237.jpg,ATALA,5,224,224,3,JPEG,12056
Image_5015,train/Image_5015.jpg,Image_5015.jpg,AN 88,3,224,224,3,JPEG,29883
Image_2835,train/Image_2835.jpg,Image_2835.jpg,BLACK HAIRSTREAK,9,224,224,3,JPEG,32668
Image_5531,train/Image_5531.jpg,Image_5531.jpg,AFRICAN GIANT SWALLOWTAIL,1,224,224,3,JPEG,21875
Image_406,train/Image_406.jpg,Image_406.jpg,BROWN SIPROETA,12,224,224,3,JPEG,29816
Image_3044,train/Image_3044.jpg,Image_3044.jpg,RED ADMIRAL,58,224,224,3,JPEG,25717
Image_6429,train/Image_6429.jpg,Image_6429.jpg,EASTERN DAPPLE WHITE,27,224,224,3,JPEG,22435
Image_2074,train/Image_2074.jpg,Image_2074.jpg,PINE WHITE,52,224,224,3,JPEG,18220
Image_5468,train/Image_5468.jpg,Image_5468.jpg,RED POSTMAN,60,224,224,3,JPEG,20543
Image_1626,train/Image_1626.jpg,Image_1626.jpg,RED SPOTTED PURPLE,61,224,224,3,JPEG,23306
Image_1414,train/Image_1414.jpg,Image_1414.jpg,EASTERN DAPPLE WHITE,27,224,224,3,JPEG,25991
Image_268,train/Image_268.jpg,Image_268.jpg,ELBOWED PIERROT,29,224,224,3,JPEG,20859
Image_5880,train/Image_5880.jpg,Image_5880.jpg,ULYSES,70,224,224,3,JPEG,25135
Image_3197,train/Image_3197.jpg,Image_3197.jpg,ORANGE TIP,47,224,224,3,JPEG,24829
Image_3747,train/Image_3747.jpg,Image_3747.jpg,PEACOCK,51,224,224,3,JPEG,31869
Image_2727,train/Image_2727.jpg,Image_2727.jpg,GREY HAIRSTREAK,34,224,224,3,JPEG,20333
Image_3403,train/Image_3403.jpg,Image_3403.jpg,BANDED PEACOCK,7,224,224,3,JPEG,26378
Image_966,train/Image_966.jpg,Image_966.jpg,ATALA,5,224,224,3,JPEG,19709
Image_5550,train/Image_5550.jpg,Image_5550.jpg,EASTERN PINE ELFIN,28,224,224,3,JPEG,28431
Image_2196,train/Image_2196.jpg,Image_2196.jpg,STRAITED QUEEN,67,224,224,3,JPEG,28327
Image_1225,train/Image_1225.jpg,Image_1225.jpg,MESTRA,41,224,224,3,JPEG,13956
Image_2638,train/Image_2638.jpg,Image_2638.jpg,BECKERS WHITE,8,224,224,3,JPEG,21829
Image_372,train/Image_372.jpg,Image_372.jpg,VICEROY,71,224,224,3,JPEG,25307
Image_2055,train/Image_2055.jpg,Image_2055.jpg,CHECQUERED SKIPPER,15,224,224,3,JPEG,30822
Image_2279,train/Image_2279.jpg,Image_2279.jpg,CHESTNUT,16,224,224,3,JPEG,27898
Image_3720,train/Image_3720.jpg,Image_3720.jpg,BANDED ORANGE HELICONIAN,6,224,224,3,JPEG,22222
Image_3155,train/Image_3155.jpg,Image_3155.jpg,SLEEPY ORANGE,64,224,224,3,JPEG,21245
Image_5179,train/Image_5179.jpg,Image_5179.jpg,EASTERN PINE ELFIN,28,224,224,3,JPEG,29936
Image_2864,train/Image_2864.jpg,Image_2864.jpg,COMMON WOOD-NYMPH,21,224,224,3,JPEG,31934
Image_1105,train/Image_1105.jpg,Image_1105.jpg,MESTRA,41,224,224,3,JPEG,23707
Image_3221,train/Image_3221.jpg,Image_3221.jpg,MOURNING CLOAK,45,224,224,3,JPEG,30161
Image_355,train/Image_355.jpg,Image_355.jpg,PINE WHITE,52,224,224,3,JPEG,25031
Image_4644,train/Image_4644.jpg,Image_4644.jpg,PAPER KITE,50,224,224,3,JPEG,40352
Image_4801,train/Image_4801.jpg,Image_4801.jpg,GREAT JAY,32,224,224,3,JPEG,25411
Image_2579,train/Image_2579.jpg,Image_2579.jpg,EASTERN PINE ELFIN,28,224,224,3,JPEG,21997
Image_5679,train/Image_5679.jpg,Image_5679.jpg,CAIRNS BIRDWING,14,224,224,3,JPEG,19127
Image_1422,train/Image_1422.jpg,Image_1422.jpg,GREAT JAY,32,224,224,3,JPEG,20793
Image_6446,train/Image_6446.jpg,Image_6446.jpg,EASTERN DAPPLE WHITE,27,224,224,3,JPEG,17392
Image_4451,train/Image_4451.jpg,Image_4451.jpg,VICEROY,71,224,224,3,JPEG,33424
Image_4065,train/Image_4065.jpg,Image_4065.jpg,PAPER KITE,50,224,224,3,JPEG,30332
Image_5328,train/Image_5328.jpg,Image_5328.jpg,PEACOCK,51,224,224,3,JPEG,29589
Image_4141,train/Image_4141.jpg,Image_4141.jpg,PINE WHITE,52,224,224,3,JPEG,22135
Image_1228,train/Image_1228.jpg,Image_1228.jpg,LARGE MARBLE,38,224,224,3,JPEG,28237
Image_5267,train/Image_5267.jpg,Image_5267.jpg,AMERICAN SNOOT,2,224,224,3,JPEG,26700
Image_5821,train/Image_5821.jpg,Image_5821.jpg,AN 88,3,224,224,3,JPEG,27024
Image_4068,train/Image_4068.jpg,Image_4068.jpg,SILVER SPOT SKIPPER,63,224,224,3,JPEG,18814
Image_5312,train/Image_5312.jpg,Image_5312.jpg,RED CRACKER,59,224,224,3,JPEG,26763
Image_4144,train/Image_4144.jpg,Image_4144.jpg,YELLOW SWALLOW TAIL,73,224,224,3,JPEG,24736
Image_3431,train/Image_3431.jpg,Image_3431.jpg,AMERICAN SNOOT,2,224,224,3,JPEG,22766
Image_4181,train/Image_4181.jpg,Image_4181.jpg,POPINJAY,54,224,224,3,JPEG,19550
Image_4964,train/Image_4964.jpg,Image_4964.jpg,BECKERS WHITE,8,224,224,3,JPEG,25002
Image_5392,train/Image_5392.jpg,Image_5392.jpg,JULIA,37,224,224,3,JPEG,24287
Image_5125,train/Image_5125.jpg,Image_5125.jpg,BROWN SIPROETA,12,224,224,3,JPEG,26347
Image_921,train/Image_921.jpg,Image_921.jpg,BROWN SIPROETA,12,224,224,3,JPEG,26219
Image_4485,train/Image_4485.jpg,Image_4485.jpg,RED POSTMAN,60,224,224,3,JPEG,23621
Image_2119,train/Image_2119.jpg,Image_2119.jpg,TWO BARRED FLASHER,69,224,224,3,JPEG,24984
Image_111,train/Image_111.jpg,Image_111.jpg,BROWN SIPROETA,12,224,224,3,JPEG,28326
Image_6417,train/Image_6417.jpg,Image_6417.jpg,SOOTYWING,65,224,224,3,JPEG,19619
Image_3992,train/Image_3992.jpg,Image_3992.jpg,AMERICAN SNOOT,2,224,224,3,JPEG,22648
Image_2034,train/Image_2034.jpg,Image_2034.jpg,CAIRNS BIRDWING,14,224,224,3,JPEG,23418
Image_5033,train/Image_5033.jpg,Image_5033.jpg,GREAT JAY,32,224,224,3,JPEG,25765
Image_6197,train/Image_6197.jpg,Image_6197.jpg,BANDED PEACOCK,7,224,224,3,JPEG,28967
Image_5047,train/Image_5047.jpg,Image_5047.jpg,MESTRA,41,224,224,3,JPEG,16893
Image_5075,train/Image_5075.jpg,Image_5075.jpg,STRAITED QUEEN,67,224,224,3,JPEG,24771
Image_3884,train/Image_3884.jpg,Image_3884.jpg,CLODIUS PARNASSIAN,18,224,224,3,JPEG,34023
Image_3205,train/Image_3205.jpg,Image_3205.jpg,ORANGE OAKLEAF,46,224,224,3,JPEG,26125
Image_4019,train/Image_4019.jpg,Image_4019.jpg,PAINTED LADY,49,224,224,3,JPEG,27212
Image_868,train/Image_868.jpg,Image_868.jpg,CLODIUS PARNASSIAN,18,224,224,3,JPEG,26395
Image_5978,train/Image_5978.jpg,Image_5978.jpg,PIPEVINE SWALLOW,53,224,224,3,JPEG,20248
Image_244,train/Image_244.jpg,Image_244.jpg,STRAITED QUEEN,67,224,224,3,JPEG,29286
Image_3096,train/Image_3096.jpg,Image_3096.jpg,GREY HAIRSTREAK,34,224,224,3,JPEG,21991
Image_1983,train/Image_1983.jpg,Image_1983.jpg,MOURNING CLOAK,45,224,224,3,JPEG,27941
Image_2362,train/Image_2362.jpg,Image_2362.jpg,WOOD SATYR,72,224,224,3,JPEG,28778
Image_4704,train/Image_4704.jpg,Image_4704.jpg,BLUE MORPHO,10,224,224,3,JPEG,27102
Image_1780,train/Image_1780.jpg,Image_1780.jpg,SOUTHERN DOGFACE,66,224,224,3,JPEG,24860
Image_5989,train/Image_5989.jpg,Image_5989.jpg,EASTERN COMA,26,224,224,3,JPEG,27630
Image_5309,train/Image_5309.jpg,Image_5309.jpg,ULYSES,70,224,224,3,JPEG,25343
Image_4669,train/Image_4669.jpg,Image_4669.jpg,DANAID EGGFLY,25,224,224,3,JPEG,28829
Image_114,train/Image_114.jpg,Image_114.jpg,BLACK HAIRSTREAK,9,224,224,3,JPEG,29115
Image_3539,train/Image_3539.jpg,Image_3539.jpg,EASTERN PINE ELFIN,28,224,224,3,JPEG,23799
Image_2769,train/Image_2769.jpg,Image_2769.jpg,RED POSTMAN,60,224,224,3,JPEG,18548
Image_6248,train/Image_6248.jpg,Image_6248.jpg,CLEOPATRA,17,224,224,3,JPEG,16523
Image_1872,train/Image_1872.jpg,Image_1872.jpg,GREAT JAY,32,224,224,3,JPEG,23611
Image_553,train/Image_553.jpg,Image_553.jpg,TROPICAL LEAFWING,68,224,224,3,JPEG,23142
Image_4274,train/Image_4274.jpg,Image_4274.jpg,TWO BARRED FLASHER,69,224,224,3,JPEG,26341
Image_2377,train/Image_2377.jpg,Image_2377.jpg,PURPLE HAIRSTREAK,55,224,224,3,JPEG,27498
Image_5425,train/Image_5425.jpg,Image_5425.jpg,YELLOW SWALLOW TAIL,73,224,224,3,JPEG,30847
Image_913,train/Image_913.jpg,Image_913.jpg,LARGE MARBLE,38,224,224,3,JPEG,25981
Image_5150,train/Image_5150.jpg,Image_5150.jpg,COPPER TAIL,22,224,224,3,JPEG,28000
Image_4022,train/Image_4022.jpg,Image_4022.jpg,ULYSES,70,224,224,3,JPEG,26655
Image_3828,train/Image_3828.jpg,Image_3828.jpg,CAIRNS BIRDWING,14,224,224,3,JPEG,16545
Image_4130,train/Image_4130.jpg,Image_4130.jpg,STRAITED QUEEN,67,224,224,3,JPEG,30225
Image_1159,train/Image_1159.jpg,Image_1159.jpg,AFRICAN GIANT SWALLOWTAIL,1,224,224,3,JPEG,16820
Image_3508,train/Image_3508.jpg,Image_3508.jpg,DANAID EGGFLY,25,224,224,3,JPEG,30960
Image_5418,train/Image_5418.jpg,Image_5418.jpg,ATALA,5,224,224,3,JPEG,26755
Image_5970,train/Image_5970.jpg,Image_5970.jpg,RED POSTMAN,60,224,224,3,JPEG,19602
Image_4754,train/Image_4754.jpg,Image_4754.jpg,INDRA SWALLOW,35,224,224,3,JPEG,33864
Image_486,train/Image_486.jpg,Image_486.jpg,PEACOCK,51,224,224,3,JPEG,32182
Image_4613,train/Image_4613.jpg,Image_4613.jpg,METALMARK,42,224,224,3,JPEG,36917
Image_6198,train/Image_6198.jpg,Image_6198.jpg,ADONIS,0,224,224,3,JPEG,20746
Image_3352,train/Image_3352.jpg,Image_3352.jpg,BANDED PEACOCK,7,224,224,3,JPEG,24951
Image_3331,train/Image_3331.jpg,Image_3331.jpg,PAINTED LADY,49,224,224,3,JPEG,37456
Image_1944,train/Image_1944.jpg,Image_1944.jpg,MILBERTS TORTOISESHELL,43,224,224,3,JPEG,27471
Image_2161,train/Image_2161.jpg,Image_2161.jpg,RED SPOTTED PURPLE,61,224,224,3,JPEG,44295
Image_38,train/Image_38.jpg,Image_38.jpg,DANAID EGGFLY,25,224,224,3,JPEG,26982
Image_1205,train/Image_1205.jpg,Image_1205.jpg,PINE WHITE,52,224,224,3,JPEG,22987
Image_5514,train/Image_5514.jpg,Image_5514.jpg,MOURNING CLOAK,45,224,224,3,JPEG,26664
Image_2978,train/Image_2978.jpg,Image_2978.jpg,CHESTNUT,16,224,224,3,JPEG,27285
Image_891,train/Image_891.jpg,Image_891.jpg,GREAT JAY,32,224,224,3,JPEG,22702
Image_4548,train/Image_4548.jpg,Image_4548.jpg,AFRICAN GIANT SWALLOWTAIL,1,224,224,3,JPEG,15761
Image_2777,train/Image_2777.jpg,Image_2777.jpg,WOOD SATYR,72,224,224,3,JPEG,30495
Image_5352,train/Image_5352.jpg,Image_5352.jpg,COPPER TAIL,22,224,224,3,JPEG,25375
Image_4250,train/Image_4250.jpg,Image_4250.jpg,JULIA,37,224,224,3,JPEG,21032
Image_4467,train/Image_4467.jpg,Image_4467.jpg,SLEEPY ORANGE,64,224,224,3,JPEG,24793
Image_2647,train/Image_2647.jpg,Image_2647.jpg,RED CRACKER,59,224,224,3,JPEG,29453
Image_1955,train/Image_1955.jpg,Image_1955.jpg,BROWN SIPROETA,12,224,224,3,JPEG,26767
Image_3415,train/Image_3415.jpg,Image_3415.jpg,QUESTION MARK,57,224,224,3,JPEG,33791
Image_3343,train/Image_3343.jpg,Image_3343.jpg,TWO BARRED FLASHER,69,224,224,3,JPEG,26063
Image_4761,train/Image_4761.jpg,Image_4761.jpg,PIPEVINE SWALLOW,53,224,224,3,JPEG,23664
Image_75,train/Image_75.jpg,Image_75.jpg,PAINTED LADY,49,224,224,3,JPEG,21339
Image_4745,train/Image_4745.jpg,Image_4745.jpg,ZEBRA LONG WING,74,224,224,3,JPEG,21774
Image_2188,train/Image_2188.jpg,Image_2188.jpg,GREAT EGGFLY,31,224,224,3,JPEG,21623
Image_1548,train/Image_1548.jpg,Image_1548.jpg,SOOTYWING,65,224,224,3,JPEG,23875
Image_6035,train/Image_6035.jpg,Image_6035.jpg,TROPICAL LEAFWING,68,224,224,3,JPEG,27918
Image_373,train/Image_373.jpg,Image_373.jpg,SLEEPY ORANGE,64,224,224,3,JPEG,17188
Image_3557,train/Image_3557.jpg,Image_3557.jpg,CABBAGE WHITE,13,224,224,3,JPEG,21962
Image_5048,train/Image_5048.jpg,Image_5048.jpg,APPOLLO,4,224,224,3,JPEG,24888
Image_5639,train/Image_5639.jpg,Image_5639.jpg,ULYSES,70,224,224,3,JPEG,24663
Image_116,train/Image_116.jpg,Image_116.jpg,CABBAGE WHITE,13,224,224,3,JPEG,22106
Image_753,train/Image_753.jpg,Image_753.jpg,EASTERN COMA,26,224,224,3,JPEG,30477
Image_5604,train/Image_5604.jpg,Image_5604.jpg,RED POSTMAN,60,224,224,3,JPEG,19844
Image_3249,train/Image_3249.jpg,Image_3249.jpg,ELBOWED PIERROT,29,224,224,3,JPEG,18545
Image_5480,train/Image_5480.jpg,Image_5480.jpg,CHECQUERED SKIPPER,15,224,224,3,JPEG,27823
Image_2467,train/Image_2467.jpg,Image_2467.jpg,CLODIUS PARNASSIAN,18,224,224,3,JPEG,20923
Image_764,train/Image_764.jpg,Image_764.jpg,MOURNING CLOAK,45,224,224,3,JPEG,31627
Image_2177,train/Image_2177.jpg,Image_2177.jpg,ZEBRA LONG WING,74,224,224,3,JPEG,26011
Image_1940,train/Image_1940.jpg,Image_1940.jpg,PEACOCK,51,224,224,3,JPEG,28088
Image_3434,train/Image_3434.jpg,Image_3434.jpg,GREY HAIRSTREAK,34,224,224,3,JPEG,23844
Image_5362,train/Image_5362.jpg,Image_5362.jpg,SOUTHERN DOGFACE,66,224,224,3,JPEG,22121
Image_3406,train/Image_3406.jpg,Image_3406.jpg,COMMON WOOD-NYMPH,21,224,224,3,JPEG,23672
Image_5246,train/Image_5246.jpg,Image_5246.jpg,AMERICAN SNOOT,2,224,224,3,JPEG,18996
Image_2470,train/Image_2470.jpg,Image_2470.jpg,COMMON WOOD-NYMPH,21,224,224,3,JPEG,22131
Image_1592,train/Image_1592.jpg,Image_1592.jpg,CLODIUS PARNASSIAN,18,224,224,3,JPEG,16206
Image_1044,train/Image_1044.jpg,Image_1044.jpg,AMERICAN SNOOT,2,224,224,3,JPEG,20651
Image_2995,train/Image_2995.jpg,Image_2995.jpg,CABBAGE WHITE,13,224,224,3,JPEG,27589
Image_4371,train/Image_4371.jpg,Image_4371.jpg,RED SPOTTED PURPLE,61,224,224,3,JPEG,21859
Image_793,train/Image_793.jpg,Image_793.jpg,BANDED ORANGE HELICONIAN,6,224,224,3,JPEG,21856
Image_5748,train/Image_5748.jpg,Image_5748.jpg,IPHICLUS SISTER,36,224,224,3,JPEG,20838
Image_2240,train/Image_2240.jpg,Image_2240.jpg,CHECQUERED SKIPPER,15,224,224,3,JPEG,21848
Image_1037,train/Image_1037.jpg,Image_1037.jpg,DANAID EGGFLY,25,224,224,3,JPEG,30272
Image_1687,train/Image_1687.jpg,Image_1687.jpg,MALACHITE,39,224,224,3,JPEG,31348
Image_2311,train/Image_2311.jpg,Image_2311.jpg,CLOUDED SULPHUR,19,224,224,3,JPEG,34686
Image_1321,train/Image_1321.jpg,Image_1321.jpg,IPHICLUS SISTER,36,224,224,3,JPEG,31221
Image_6106,train/Image_6106.jpg,Image_6106.jpg,GREAT JAY,32,224,224,3,JPEG,20545
Image_2815,train/Image_2815.jpg,Image_2815.jpg,MOURNING CLOAK,45,224,224,3,JPEG,24377
Image_473,train/Image_473.jpg,Image_473.jpg,APPOLLO,4,224,224,3,JPEG,22890
Image_5109,train/Image_5109.jpg,Image_5109.jpg,MESTRA,41,224,224,3,JPEG,31103
Image_2469,train/Image_2469.jpg,Image_2469.jpg,ORANGE TIP,47,224,224,3,JPEG,20326
Image_2654,train/Image_2654.jpg,Image_2654.jpg,GREAT JAY,32,224,224,3,JPEG,21928
Image_4448,train/Image_4448.jpg,Image_4448.jpg,IPHICLUS SISTER,36,224,224,3,JPEG,26663
Image_5517,train/Image_5517.jpg,Image_5517.jpg,CHECQUERED SKIPPER,15,224,224,3,JPEG,27996
Image_3178,train/Image_3178.jpg,Image_3178.jpg,EASTERN PINE ELFIN,28,224,224,3,JPEG,31592
Image_4320,train/Image_4320.jpg,Image_4320.jpg,RED SPOTTED PURPLE,61,224,224,3,JPEG,39539
Image_5801,train/Image_5801.jpg,Image_5801.jpg,RED POSTMAN,60,224,224,3,JPEG,29815
Image_3571,train/Image_3571.jpg,Image_3571.jpg,GREY HAIRSTREAK,34,224,224,3,JPEG,27483
Image_733,train/Image_733.jpg,Image_733.jpg,ORANGE OAKLEAF,46,224,224,3,JPEG,28987
Image_562,train/Image_562.jpg,Image_562.jpg,GREEN CELLED CATTLEHEART,33,224,224,3,JPEG,20907
Image_1199,train/Image_1199.jpg,Image_1199.jpg,POPINJAY,54,224,224,3,JPEG,24885
Image_234,train/Image_234.jpg,Image_234.jpg,MOURNING CLOAK,45,224,224,3,JPEG,34314
Image_4572,train/Image_4572.jpg,Image_4572.jpg,SOUTHERN DOGFACE,66,224,224,3,JPEG,23271
Image_1797,train/Image_1797.jpg,Image_1797.jpg,CRECENT,23,224,224,3,JPEG,28090
Image_799,train/Image_799.jpg,Image_799.jpg,CABBAGE WHITE,13,224,224,3,JPEG,22295
Image_5948,train/Image_5948.jpg,Image_5948.jpg,RED CRACKER,59,224,224,3,JPEG,27904
Image_5053,train/Image_5053.jpg,Image_5053.jpg,RED CRACKER,59,224,224,3,JPEG,37044
Image_6044,train/Image_6044.jpg,Image_6044.jpg,ELBOWED PIERROT,29,224,224,3,JPEG,21973
Image_1629,train/Image_1629.jpg,Image_1629.jpg,COPPER TAIL,22,224,224,3,JPEG,29902
Image_5683,train/Image_5683.jpg,Image_5683.jpg,PURPLISH COPPER,56,224,224,3,JPEG,24259
Image_638,train/Image_638.jpg,Image_638.jpg,PEACOCK,51,224,224,3,JPEG,26800
Image_5602,train/Image_5602.jpg,Image_5602.jpg,CRIMSON PATCH,24,224,224,3,JPEG,19946
Image_1571,train/Image_1571.jpg,Image_1571.jpg,APPOLLO,4,224,224,3,JPEG,29218
Image_4336,train/Image_4336.jpg,Image_4336.jpg,PAPER KITE,50,224,224,3,JPEG,18288
Image_3974,train/Image_3974.jpg,Image_3974.jpg,METALMARK,42,224,224,3,JPEG,20678
Image_6294,train/Image_6294.jpg,Image_6294.jpg,ORANGE TIP,47,224,224,3,JPEG,26293
Image_4839,train/Image_4839.jpg,Image_4839.jpg,AMERICAN SNOOT,2,224,224,3,JPEG,26981
Image_3542,train/Image_3542.jpg,Image_3542.jpg,BLUE MORPHO,10,224,224,3,JPEG,31171
Image_4142,train/Image_4142.jpg,Image_4142.jpg,RED ADMIRAL,58,224,224,3,JPEG,30068
Image_6282,train/Image_6282.jpg,Image_6282.jpg,RED CRACKER,59,224,224,3,JPEG,26644
Image_1757,train/Image_1757.jpg,Image_1757.jpg,SLEEPY ORANGE,64,224,224,3,JPEG,20365
Image_992,train/Image_992.jpg,Image_992.jpg,CHECQUERED SKIPPER,15,224,224,3,JPEG,29495
Image_4746,train/Image_4746.jpg,Image_4746.jpg,GREEN CELLED CATTLEHEART,33,224,224,3,JPEG,17223
Image_3521,train/Image_3521.jpg,Image_3521.jpg,TWO BARRED FLASHER,69,224,224,3,JPEG,23925
Image_286,train/Image_286.jpg,Image_286.jpg,BANDED ORANGE HELICONIAN,6,224,224,3,JPEG,31931
Image_2253,train/Image_2253.jpg,Image_2253.jpg,ORANGE OAKLEAF,46,224,224,3,JPEG,30720
Image_5213,train/Image_5213.jpg,Image_5213.jpg,CHECQUERED SKIPPER,15,224,224,3,JPEG,23394
Image_5501,train/Image_5501.jpg,Image_5501.jpg,ATALA,5,224,224,3,JPEG,22606
Image_2071,train/Image_2071.jpg,Image_2071.jpg,PAINTED LADY,49,224,224,3,JPEG,19700
Image_3690,train/Image_3690.jpg,Image_3690.jpg,ORANGE TIP,47,224,224,3,JPEG,25897
Image_2440,train/Image_2440.jpg,Image_2440.jpg,SCARCE SWALLOW,62,224,224,3,JPEG,28674
Image_4248,train/Image_4248.jpg,Image_4248.jpg,VICEROY,71,224,224,3,JPEG,32411
Image_809,train/Image_809.jpg,Image_809.jpg,MOURNING CLOAK,45,224,224,3,JPEG,27441
Image_2574,train/Image_2574.jpg,Image_2574.jpg,PURPLE HAIRSTREAK,55,224,224,3,JPEG,28014
Image_1703,train/Image_1703.jpg,Image_1703.jpg,BANDED ORANGE HELICONIAN,6,224,224,3,JPEG,22963
Image_1584,train/Image_1584.jpg,Image_1584.jpg,BANDED PEACOCK,7,224,224,3,JPEG,24222
Image_694,train/Image_694.jpg,Image_694.jpg,MILBERTS TORTOISESHELL,43,224,224,3,JPEG,29600
Image_6240,train/Image_6240.jpg,Image_6240.jpg,SCARCE SWALLOW,62,224,224,3,JPEG,23556
Image_2363,train/Image_2363.jpg,Image_2363.jpg,JULIA,37,224,224,3,JPEG,27259
Image_3896,train/Image_3896.jpg,Image_3896.jpg,PIPEVINE SWALLOW,53,224,224,3,JPEG,25427
Image_4306,train/Image_4306.jpg,Image_4306.jpg,RED SPOTTED PURPLE,61,224,224,3,JPEG,28244
Image_3493,train/Image_3493.jpg,Image_3493.jpg,CRECENT,23,224,224,3,JPEG,36085
Image_1448,train/Image_1448.jpg,Image_1448.jpg,SCARCE SWALLOW,62,224,224,3,JPEG,23636
Image_44,train/Image_44.jpg,Image_44.jpg,PAINTED LADY,49,224,224,3,JPEG,27905
Image_3604,train/Image_3604.jpg,Image_3604.jpg,TROPICAL LEAFWING,68,224,224,3,JPEG,23138
Image_6169,train/Image_6169.jpg,Image_6169.jpg,CLEOPATRA,17,224,224,3,JPEG,20518
Image_2200,train/Image_2200.jpg,Image_2200.jpg,CLEOPATRA,17,224,224,3,JPEG,21530
Image_1098,train/Image_1098.jpg,Image_1098.jpg,DANAID EGGFLY,25,224,224,3,JPEG,26204
Image_5848,train/Image_5848.jpg,Image_5848.jpg,CRIMSON PATCH,24,224,224,3,JPEG,31160
Image_5672,train/Image_5672.jpg,Image_5672.jpg,RED CRACKER,59,224,224,3,JPEG,26812
Image_537,train/Image_537.jpg,Image_537.jpg,EASTERN PINE ELFIN,28,224,224,3,JPEG,25990
Image_1319,train/Image_1319.jpg,Image_1319.jpg,CRIMSON PATCH,24,224,224,3,JPEG,27376
Image_1849,train/Image_1849.jpg,Image_1849.jpg,ADONIS,0,224,224,3,JPEG,36062
Image_1979,train/Image_1979.jpg,Image_1979.jpg,BANDED ORANGE HELICONIAN,6,224,224,3,JPEG,25884
Image_2617,train/Image_2617.jpg,Image_2617.jpg,AN 88,3,224,224,3,JPEG,20887
Image_3638,train/Image_3638.jpg,Image_3638.jpg,BECKERS WHITE,8,224,224,3,JPEG,22134
Image_1097,train/Image_1097.jpg,Image_1097.jpg,GREEN CELLED CATTLEHEART,33,224,224,3,JPEG,18906
Image_88,train/Image_88.jpg,Image_88.jpg,BLUE SPOTTED CROW,11,224,224,3,JPEG,19514
Image_873,train/Image_873.jpg,Image_873.jpg,CRIMSON PATCH,24,224,224,3,JPEG,23088
Image_1593,train/Image_1593.jpg,Image_1593.jpg,BROWN SIPROETA,12,224,224,3,JPEG,22854
Image_520,train/Image_520.jpg,Image_520.jpg,EASTERN DAPPLE WHITE,27,224,224,3,JPEG,17712
Image_2460,train/Image_2460.jpg,Image_2460.jpg,SILVER SPOT SKIPPER,63,224,224,3,JPEG,15875
Image_1265,train/Image_1265.jpg,Image_1265.jpg,VICEROY,71,224,224,3,JPEG,30802
Image_2582,train/Image_2582.jpg,Image_2582.jpg,GREY HAIRSTREAK,34,224,224,3,JPEG,32304
Image_1269,train/Image_1269.jpg,Image_1269.jpg,STRAITED QUEEN,67,224,224,3,JPEG,29718
Image_1327,train/Image_1327.jpg,Image_1327.jpg,RED POSTMAN,60,224,224,3,JPEG,28803
Image_862,train/Image_862.jpg,Image_862.jpg,BLACK HAIRSTREAK,9,224,224,3,JPEG,28044
Image_2618,train/Image_2618.jpg,Image_2618.jpg,BLACK HAIRSTREAK,9,224,224,3,JPEG,25828
Image_4969,train/Image_4969.jpg,Image_4969.jpg,CHESTNUT,16,224,224,3,JPEG,23496
Image_4493,train/Image_4493.jpg,Image_4493.jpg,MESTRA,41,224,224,3,JPEG,14974
Image_3021,train/Image_3021.jpg,Image_3021.jpg,EASTERN COMA,26,224,224,3,JPEG,31482
Image_6059,train/Image_6059.jpg,Image_6059.jpg,RED CRACKER,59,224,224,3,JPEG,26780
Image_4295,train/Image_4295.jpg,Image_4295.jpg,CABBAGE WHITE,13,224,224,3,JPEG,19263
Image_4229,train/Image_4229.jpg,Image_4229.jpg,BLUE SPOTTED CROW,11,224,224,3,JPEG,20142
Image_1480,train/Image_1480.jpg,Image_1480.jpg,EASTERN PINE ELFIN,28,224,224,3,JPEG,22826
Image_1304,train/Image_1304.jpg,Image_1304.jpg,ORANGE TIP,47,224,224,3,JPEG,23923
Image_3220,train/Image_3220.jpg,Image_3220.jpg,ATALA,5,224,224,3,JPEG,19494
Image_5404,train/Image_5404.jpg,Image_5404.jpg,AMERICAN SNOOT,2,224,224,3,JPEG,26158
Image_521,train/Image_521.jpg,Image_521.jpg,BROWN SIPROETA,12,224,224,3,JPEG,21108
Image_1653,train/Image_1653.jpg,Image_1653.jpg,BLUE MORPHO,10,224,224,3,JPEG,22727
Image_1054,train/Image_1054.jpg,Image_1054.jpg,SLEEPY ORANGE,64,224,224,3,JPEG,27681
Image_2836,train/Image_2836.jpg,Image_2836.jpg,CHECQUERED SKIPPER,15,224,224,3,JPEG,21240
Image_5120,train/Image_5120.jpg,Image_5120.jpg,EASTERN DAPPLE WHITE,27,224,224,3,JPEG,19970
Image_5165,train/Image_5165.jpg,Image_5165.jpg,BECKERS WHITE,8,224,224,3,JPEG,36451
Image_3064,train/Image_3064.jpg,Image_3064.jpg,COMMON WOOD-NYMPH,21,224,224,3,JPEG,27768
Image_2811,train/Image_2811.jpg,Image_2811.jpg,MESTRA,41,224,224,3,JPEG,14226
Image_910,train/Image_910.jpg,Image_910.jpg,GOLD BANDED,30,224,224,3,JPEG,24641
Image_2066,train/Image_2066.jpg,Image_2066.jpg,AFRICAN GIANT SWALLOWTAIL,1,224,224,3,JPEG,31865
Image_5767,train/Image_5767.jpg,Image_5767.jpg,METALMARK,42,224,224,3,JPEG,25713
Image_1210,train/Image_1210.jpg,Image_1210.jpg,TWO BARRED FLASHER,69,224,224,3,JPEG,27020
Image_2691,train/Image_2691.jpg,Image_2691.jpg,ATALA,5,224,224,3,JPEG,27602
Image_5527,train/Image_5527.jpg,Image_5527.jpg,SLEEPY ORANGE,64,224,224,3,JPEG,31051
Image_5925,train/Image_5925.jpg,Image_5925.jpg,RED SPOTTED PURPLE,61,224,224,3,JPEG,26980
Image_2213,train/Image_2213.jpg,Image_2213.jpg,CLOUDED SULPHUR,19,224,224,3,JPEG,21052
Image_2674,train/Image_2674.jpg,Image_2674.jpg,BANDED ORANGE HELICONIAN,6,224,224,3,JPEG,24714
Image_1349,train/Image_1349.jpg,Image_1349.jpg,DANAID EGGFLY,25,224,224,3,JPEG,25576
Image_1399,train/Image_1399.jpg,Image_1399.jpg,PIPEVINE SWALLOW,53,224,224,3,JPEG,29276
Image_3187,train/Image_3187.jpg,Image_3187.jpg,LARGE MARBLE,38,224,224,3,JPEG,19942
Image_4519,train/Image_4519.jpg,Image_4519.jpg,DANAID EGGFLY,25,224,224,3,JPEG,19060
Image_5692,train/Image_5692.jpg,Image_5692.jpg,AN 88,3,224,224,3,JPEG,25390
Image_5240,train/Image_5240.jpg,Image_5240.jpg,PAINTED LADY,49,224,224,3,JPEG,30028
Image_6036,train/Image_6036.jpg,Image_6036.jpg,MOURNING CLOAK,45,224,224,3,JPEG,33179
Image_3441,train/Image_3441.jpg,Image_3441.jpg,JULIA,37,224,224,3,JPEG,19124
Image_4540,train/Image_4540.jpg,Image_4540.jpg,ULYSES,70,224,224,3,JPEG,14718
Image_2871,train/Image_2871.jpg,Image_2871.jpg,IPHICLUS SISTER,36,224,224,3,JPEG,21919
Image_1643,train/Image_1643.jpg,Image_1643.jpg,AFRICAN GIANT SWALLOWTAIL,1,224,224,3,JPEG,22000
Image_6188,train/Image_6188.jpg,Image_6188.jpg,POPINJAY,54,224,224,3,JPEG,35388
Image_3556,train/Image_3556.jpg,Image_3556.jpg,QUESTION MARK,57,224,224,3,JPEG,29099
Image_6263,train/Image_6263.jpg,Image_6263.jpg,CLEOPATRA,17,224,224,3,JPEG,19447
Image_2390,train/Image_2390.jpg,Image_2390.jpg,MANGROVE SKIPPER,40,224,224,3,JPEG,24102
Image_3844,train/Image_3844.jpg,Image_3844.jpg,CABBAGE WHITE,13,224,224,3,JPEG,23789
Image_5863,train/Image_5863.jpg,Image_5863.jpg,QUESTION MARK,57,224,224,3,JPEG,27956
Image_6419,train/Image_6419.jpg,Image_6419.jpg,STRAITED QUEEN,67,224,224,3,JPEG,27665
Image_719,train/Image_719.jpg,Image_719.jpg,RED POSTMAN,60,224,224,3,JPEG,33545
Image_6081,train/Image_6081.jpg,Image_6081.jpg,SILVER SPOT SKIPPER,63,224,224,3,JPEG,24787
Image_4194,train/Image_4194.jpg,Image_4194.jpg,CAIRNS BIRDWING,14,224,224,3,JPEG,26574
Image_5215,train/Image_5215.jpg,Image_5215.jpg,GREY HAIRSTREAK,34,224,224,3,JPEG,20435
Image_5677,train/Image_5677.jpg,Image_5677.jpg,GREEN CELLED CATTLEHEART,33,224,224,3,JPEG,24381
Image_5515,train/Image_5515.jpg,Image_5515.jpg,COMMON BANDED AWL,20,224,224,3,JPEG,19781
Image_3515,train/Image_3515.jpg,Image_3515.jpg,APPOLLO,4,224,224,3,JPEG,27633
Image_360,train/Image_360.jpg,Image_360.jpg,CLODIUS PARNASSIAN,18,224,224,3,JPEG,32156
Image_2932,train/Image_2932.jpg,Image_2932.jpg,DANAID EGGFLY,25,224,224,3,JPEG,26823
Image_3697,train/Image_3697.jpg,Image_3697.jpg,SOOTYWING,65,224,224,3,JPEG,20784
Image_3790,train/Image_3790.jpg,Image_3790.jpg,EASTERN COMA,26,224,224,3,JPEG,28712
Image_2116,train/Image_2116.jpg,Image_2116.jpg,TWO BARRED FLASHER,69,224,224,3,JPEG,27951
Image_1679,train/Image_1679.jpg,Image_1679.jpg,ORCHARD SWALLOW,48,224,224,3,JPEG,21652
Image_1170,train/Image_1170.jpg,Image_1170.jpg,ULYSES,70,224,224,3,JPEG,19302
Image_4612,train/Image_4612.jpg,Image_4612.jpg,SCARCE SWALLOW,62,224,224,3,JPEG,27609
Image_3757,train/Image_3757.jpg,Image_3757.jpg,GREEN CELLED CATTLEHEART,33,224,224,3,JPEG,22808
Image_2988,train/Image_2988.jpg,Image_2988.jpg,MESTRA,41,224,224,3,JPEG,19355
Image_6498,train/Image_6498.jpg,Image_6498.jpg,ELBOWED PIERROT,29,224,224,3,JPEG,17076
Image_3318,train/Image_3318.jpg,Image_3318.jpg,BECKERS WHITE,8,224,224,3,JPEG,25831
Image_5931,train/Image_5931.jpg,Image_5931.jpg,GOLD BANDED,30,224,224,3,JPEG,25025
Image_6156,train/Image_6156.jpg,Image_6156.jpg,COMMON WOOD-NYMPH,21,224,224,3,JPEG,26809
Image_2285,train/Image_2285.jpg,Image_2285.jpg,LARGE MARBLE,38,224,224,3,JPEG,22527
Image_2325,train/Image_2325.jpg,Image_2325.jpg,CLEOPATRA,17,224,224,3,JPEG,19181
Image_5843,train/Image_5843.jpg,Image_5843.jpg,VICEROY,71,224,224,3,JPEG,31650
Image_3973,train/Image_3973.jpg,Image_3973.jpg,SLEEPY ORANGE,64,224,224,3,JPEG,18900
Image_5056,train/Image_5056.jpg,Image_5056.jpg,BECKERS WHITE,8,224,224,3,JPEG,24398
Image_2151,train/Image_2151.jpg,Image_2151.jpg,ORANGE OAKLEAF,46,224,224,3,JPEG,37374
Image_3865,train/Image_3865.jpg,Image_3865.jpg,METALMARK,42,224,224,3,JPEG,24981
Image_501,train/Image_501.jpg,Image_501.jpg,METALMARK,42,224,224,3,JPEG,29631
Image_3329,train/Image_3329.jpg,Image_3329.jpg,STRAITED QUEEN,67,224,224,3,JPEG,23825
Image_714,train/Image_714.jpg,Image_714.jpg,TWO BARRED FLASHER,69,224,224,3,JPEG,19862
Image_3976,train/Image_3976.jpg,Image_3976.jpg,COPPER TAIL,22,224,224,3,JPEG,29234
Image_5263,train/Image_5263.jpg,Image_5263.jpg,IPHICLUS SISTER,36,224,224,3,JPEG,21380
Image_6239,train/Image_6239.jpg,Image_6239.jpg,CLOUDED SULPHUR,19,224,224,3,JPEG,23867
Image_1957,train/Image_1957.jpg,Image_1957.jpg,AN 88,3,224,224,3,JPEG,24749
Image_2421,train/Image_2421.jpg,Image_2421.jpg,QUESTION MARK,57,224,224,3,JPEG,37828
Image_3591,train/Image_3591.jpg,Image_3591.jpg,IPHICLUS SISTER,36,224,224,3,JPEG,30402
Image_2857,train/Image_2857.jpg,Image_2857.jpg,ORANGE TIP,47,224,224,3,JPEG,20909
Image_1207,train/Image_1207.jpg,Image_1207.jpg,BLACK HAIRSTREAK,9,224,224,3,JPEG,24115
Image_5039,train/Image_5039.jpg,Image_5039.jpg,COPPER TAIL,22,224,224,3,JPEG,28300
Image_1542,train/Image_1542.jpg,Image_1542.jpg,DANAID EGGFLY,25,224,224,3,JPEG,33110
Image_3168,train/Image_3168.jpg,Image_3168.jpg,SCARCE SWALLOW,62,224,224,3,JPEG,34648
Image_2138,train/Image_2138.jpg,Image_2138.jpg,MOURNING CLOAK,45,224,224,3,JPEG,27712
Image_2991,train/Image_2991.jpg,Image_2991.jpg,PAINTED LADY,49,224,224,3,JPEG,20647
Image_3520,train/Image_3520.jpg,Image_3520.jpg,AMERICAN SNOOT,2,224,224,3,JPEG,26578
Image_1176,train/Image_1176.jpg,Image_1176.jpg,AMERICAN SNOOT,2,224,224,3,JPEG,22916
Image_1607,train/Image_1607.jpg,Image_1607.jpg,JULIA,37,224,224,3,JPEG,23397
Image_1173,train/Image_1173.jpg,Image_1173.jpg,CAIRNS BIRDWING,14,224,224,3,JPEG,17217
Image_5720,train/Image_5720.jpg,Image_5720.jpg,ORANGE TIP,47,224,224,3,JPEG,25545
Image_1530,train/Image_1530.jpg,Image_1530.jpg,ZEBRA LONG WING,74,224,224,3,JPEG,28282
Image_2216,train/Image_2216.jpg,Image_2216.jpg,CABBAGE WHITE,13,224,224,3,JPEG,16801
Image_3170,train/Image_3170.jpg,Image_3170.jpg,VICEROY,71,224,224,3,JPEG,35119
Image_3547,train/Image_3547.jpg,Image_3547.jpg,RED SPOTTED PURPLE,61,224,224,3,JPEG,37068
Image_4053,train/Image_4053.jpg,Image_4053.jpg,CRIMSON PATCH,24,224,224,3,JPEG,25573
Image_6112,train/Image_6112.jpg,Image_6112.jpg,SOUTHERN DOGFACE,66,224,224,3,JPEG,22585
Image_5959,train/Image_5959.jpg,Image_5959.jpg,ORANGE TIP,47,224,224,3,JPEG,21645
Image_4752,train/Image_4752.jpg,Image_4752.jpg,ELBOWED PIERROT,29,224,224,3,JPEG,22374
Image_6481,train/Image_6481.jpg,Image_6481.jpg,MALACHITE,39,224,224,3,JPEG,26218
Image_1806,train/Image_1806.jpg,Image_1806.jpg,EASTERN DAPPLE WHITE,27,224,224,3,JPEG,24011
Image_2916,train/Image_2916.jpg,Image_2916.jpg,APPOLLO,4,224,224,3,JPEG,18143
Image_936,train/Image_936.jpg,Image_936.jpg,STRAITED QUEEN,67,224,224,3,JPEG,35390
Image_6373,train/Image_6373.jpg,Image_6373.jpg,PURPLE HAIRSTREAK,55,224,224,3,JPEG,26776
Image_2384,train/Image_2384.jpg,Image_2384.jpg,BANDED ORANGE HELICONIAN,6,224,224,3,JPEG,26705
Image_4526,train/Image_4526.jpg,Image_4526.jpg,METALMARK,42,224,224,3,JPEG,33405
Image_4579,train/Image_4579.jpg,Image_4579.jpg,PAPER KITE,50,224,224,3,JPEG,24976
Image_5380,train/Image_5380.jpg,Image_5380.jpg,POPINJAY,54,224,224,3,JPEG,23977
Image_2369,train/Image_2369.jpg,Image_2369.jpg,MALACHITE,39,224,224,3,JPEG,33403
Image_4650,train/Image_4650.jpg,Image_4650.jpg,SOUTHERN DOGFACE,66,224,224,3,JPEG,21830
Image_5950,train/Image_5950.jpg,Image_5950.jpg,ULYSES,70,224,224,3,JPEG,24941
Image_5793,train/Image_5793.jpg,Image_5793.jpg,AFRICAN GIANT SWALLOWTAIL,1,224,224,3,JPEG,27681
Image_4438,train/Image_4438.jpg,Image_4438.jpg,COMMON WOOD-NYMPH,21,224,224,3,JPEG,34218
Image_5686,train/Image_5686.jpg,Image_5686.jpg,RED POSTMAN,60,224,224,3,JPEG,22402
Image_686,train/Image_686.jpg,Image_686.jpg,ORANGE OAKLEAF,46,224,224,3,JPEG,24426
Image_3179,train/Image_3179.jpg,Image_3179.jpg,QUESTION MARK,57,224,224,3,JPEG,25437
Image_5661,train/Image_5661.jpg,Image_5661.jpg,BLACK HAIRSTREAK,9,224,224,3,JPEG,23568
Image_1981,train/Image_1981.jpg,Image_1981.jpg,BLUE MORPHO,10,224,224,3,JPEG,38515
Image_2169,train/Image_2169.jpg,Image_2169.jpg,DANAID EGGFLY,25,224,224,3,JPEG,20491
Image_3199,train/Image_3199.jpg,Image_3199.jpg,GREAT EGGFLY,31,224,224,3,JPEG,25095
Image_92,train/Image_92.jpg,Image_92.jpg,ORANGE TIP,47,224,224,3,JPEG,28768
Image_1782,train/Image_1782.jpg,Image_1782.jpg,COMMON WOOD-NYMPH,21,224,224,3,JPEG,32038
Image_4738,train/Image_4738.jpg,Image_4738.jpg,CLODIUS PARNASSIAN,18,224,224,3,JPEG,23260
Image_3268,train/Image_3268.jpg,Image_3268.jpg,RED CRACKER,59,224,224,3,JPEG,36950
Image_623,train/Image_623.jpg,Image_623.jpg,GREAT JAY,32,224,224,3,JPEG,23520
Image_4992,train/Image_4992.jpg,Image_4992.jpg,BLUE MORPHO,10,224,224,3,JPEG,20012
Image_5547,train/Image_5547.jpg,Image_5547.jpg,PINE WHITE,52,224,224,3,JPEG,24651
Image_207,train/Image_207.jpg,Image_207.jpg,BLUE MORPHO,10,224,224,3,JPEG,34289
Image_4154,train/Image_4154.jpg,Image_4154.jpg,PEACOCK,51,224,224,3,JPEG,22922
Image_5195,train/Image_5195.jpg,Image_5195.jpg,ELBOWED PIERROT,29,224,224,3,JPEG,23482
Image_3193,train/Image_3193.jpg,Image_3193.jpg,YELLOW SWALLOW TAIL,73,224,224,3,JPEG,34742
Image_4297,train/Image_4297.jpg,Image_4297.jpg,MANGROVE SKIPPER,40,224,224,3,JPEG,21218
Image_1650,train/Image_1650.jpg,Image_1650.jpg,COPPER TAIL,22,224,224,3,JPEG,39923
Image_1379,train/Image_1379.jpg,Image_1379.jpg,MONARCH,44,224,224,3,JPEG,34806
Image_2526,train/Image_2526.jpg,Image_2526.jpg,SLEEPY ORANGE,64,224,224,3,JPEG,20709
Image_4024,train/Image_4024.jpg,Image_4024.jpg,MILBERTS TORTOISESHELL,43,224,224,3,JPEG,28102
Image_4364,train/Image_4364.jpg,Image_4364.jpg,ORANGE OAKLEAF,46,224,224,3,JPEG,35950
Image_3283,train/Image_3283.jpg,Image_3283.jpg,PURPLISH COPPER,56,224,224,3,JPEG,23293
Image_4805,train/Image_4805.jpg,Image_4805.jpg,RED CRACKER,59,224,224,3,JPEG,29978
Image_1163,train/Image_1163.jpg,Image_1163.jpg,BLACK HAIRSTREAK,9,224,224,3,JPEG,28429
Image_1905,train/Image_1905.jpg,Image_1905.jpg,PAPER KITE,50,224,224,3,JPEG,26358
Image_2902,train/Image_2902.jpg,Image_2902.jpg,MOURNING CLOAK,45,224,224,3,JPEG,30401
Image_357,train/Image_357.jpg,Image_357.jpg,ELBOWED PIERROT,29,224,224,3,JPEG,21523
Image_5786,train/Image_5786.jpg,Image_5786.jpg,CRIMSON PATCH,24,224,224,3,JPEG,26917
Image_4698,train/Image_4698.jpg,Image_4698.jpg,GREAT EGGFLY,31,224,224,3,JPEG,18685
Image_5763,train/Image_5763.jpg,Image_5763.jpg,QUESTION MARK,57,224,224,3,JPEG,27045
Image_5049,train/Image_5049.jpg,Image_5049.jpg,BLACK HAIRSTREAK,9,224,224,3,JPEG,25494
Image_5985,train/Image_5985.jpg,Image_5985.jpg,QUESTION MARK,57,224,224,3,JPEG,35902
Image_806,train/Image_806.jpg,Image_806.jpg,PURPLISH COPPER,56,224,224,3,JPEG,26871
Image_1298,train/Image_1298.jpg,Image_1298.jpg,INDRA SWALLOW,35,224,224,3,JPEG,24928
Image_1968,train/Image_1968.jpg,Image_1968.jpg,JULIA,37,224,224,3,JPEG,20022
Image_1749,train/Image_1749.jpg,Image_1749.jpg,TWO BARRED FLASHER,69,224,224,3,JPEG,27961
Image_5348,train/Image_5348.jpg,Image_5348.jpg,PEACOCK,51,224,224,3,JPEG,31927
Image_3817,train/Image_3817.jpg,Image_3817.jpg,ZEBRA LONG WING,74,224,224,3,JPEG,28251
Image_3724,train/Image_3724.jpg,Image_3724.jpg,AMERICAN SNOOT,2,224,224,3,JPEG,22100
Image_89,train/Image_89.jpg,Image_89.jpg,PAPER KITE,50,224,224,3,JPEG,24033
Image_4156,train/Image_4156.jpg,Image_4156.jpg,MONARCH,44,224,224,3,JPEG,33956
Image_2881,train/Image_2881.jpg,Image_2881.jpg,MESTRA,41,224,224,3,JPEG,21415
Image_1888,train/Image_1888.jpg,Image_1888.jpg,ORCHARD SWALLOW,48,224,224,3,JPEG,28707
Image_16,train/Image_16.jpg,Image_16.jpg,MANGROVE SKIPPER,40,224,224,3,JPEG,26124
Image_2129,train/Image_2129.jpg,Image_2129.jpg,SCARCE SWALLOW,62,224,224,3,JPEG,30847
Image_3114,train/Image_3114.jpg,Image_3114.jpg,EASTERN PINE ELFIN,28,224,224,3,JPEG,32027
Image_2340,train/Image_2340.jpg,Image_2340.jpg,MILBERTS TORTOISESHELL,43,224,224,3,JPEG,29348
Image_3455,train/Image_3455.jpg,Image_3455.jpg,PIPEVINE SWALLOW,53,224,224,3,JPEG,24760
Image_1994,train/Image_1994.jpg,Image_1994.jpg,METALMARK,42,224,224,3,JPEG,26624
Image_3174,train/Image_3174.jpg,Image_3174.jpg,PAINTED LADY,49,224,224,3,JPEG,30504
Image_6028,train/Image_6028.jpg,Image_6028.jpg,ULYSES,70,224,224,3,JPEG,16269
Image_390,train/Image_390.jpg,Image_390.jpg,CABBAGE WHITE,13,224,224,3,JPEG,20301
Image_170,train/Image_170.jpg,Image_170.jpg,CRECENT,23,224,224,3,JPEG,25204
Image_5268,train/Image_5268.jpg,Image_5268.jpg,BLUE SPOTTED CROW,11,224,224,3,JPEG,20634
Image_6055,train/Image_6055.jpg,Image_6055.jpg,JULIA,37,224,224,3,JPEG,22288
Image_3860,train/Image_3860.jpg,Image_3860.jpg,BECKERS WHITE,8,224,224,3,JPEG,22693
Image_4725,train/Image_4725.jpg,Image_4725.jpg,PIPEVINE SWALLOW,53,224,224,3,JPEG,30215
Image_1899,train/Image_1899.jpg,Image_1899.jpg,PEACOCK,51,224,224,3,JPEG,34130
Image_2743,train/Image_2743.jpg,Image_2743.jpg,SOOTYWING,65,224,224,3,JPEG,32655
Image_2541,train/Image_2541.jpg,Image_2541.jpg,GREAT JAY,32,224,224,3,JPEG,23375
Image_314,train/Image_314.jpg,Image_314.jpg,DANAID EGGFLY,25,224,224,3,JPEG,25856
Image_5861,train/Image_5861.jpg,Image_5861.jpg,SLEEPY ORANGE,64,224,224,3,JPEG,31897
Image_2145,train/Image_2145.jpg,Image_2145.jpg,CHECQUERED SKIPPER,15,224,224,3,JPEG,21846
Image_4488,train/Image_4488.jpg,Image_4488.jpg,SILVER SPOT SKIPPER,63,224,224,3,JPEG,18106
Image_171,train/Image_171.jpg,Image_171.jpg,EASTERN PINE ELFIN,28,224,224,3,JPEG,19956
Image_1811,train/Image_1811.jpg,Image_1811.jpg,GREAT EGGFLY,31,224,224,3,JPEG,20691
Image_1855,train/Image_1855.jpg,Image_1855.jpg,GOLD BANDED,30,224,224,3,JPEG,26647
Image_1447,train/Image_1447.jpg,Image_1447.jpg,CHESTNUT,16,224,224,3,JPEG,24662
Image_4475,train/Image_4475.jpg,Image_4475.jpg,ORANGE TIP,47,224,224,3,JPEG,23121
Image_3583,train/Image_3583.jpg,Image_3583.jpg,BLUE MORPHO,10,224,224,3,JPEG,27915
Image_1057,train/Image_1057.jpg,Image_1057.jpg,LARGE MARBLE,38,224,224,3,JPEG,14590
Image_5862,train/Image_5862.jpg,Image_5862.jpg,BLACK HAIRSTREAK,9,224,224,3,JPEG,28977
Image_6301,train/Image_6301.jpg,Image_6301.jpg,COMMON WOOD-NYMPH,21,224,224,3,JPEG,28646
Image_1483,train/Image_1483.jpg,Image_1483.jpg,GOLD BANDED,30,224,224,3,JPEG,21273
Image_5389,train/Image_5389.jpg,Image_5389.jpg,IPHICLUS SISTER,36,224,224,3,JPEG,31986
Image_4037,train/Image_4037.jpg,Image_4037.jpg,POPINJAY,54,224,224,3,JPEG,18000
Image_1010,train/Image_1010.jpg,Image_1010.jpg,CHECQUERED SKIPPER,15,224,224,3,JPEG,27045
Image_5525,train/Image_5525.jpg,Image_5525.jpg,AFRICAN GIANT SWALLOWTAIL,1,224,224,3,JPEG,15966
Image_4032,train/Image_4032.jpg,Image_4032.jpg,BROWN SIPROETA,12,224,224,3,JPEG,16096
Image_1361,train/Image_1361.jpg,Image_1361.jpg,POPINJAY,54,224,224,3,JPEG,24906
Image_3339,train/Image_3339.jpg,Image_3339.jpg,MESTRA,41,224,224,3,JPEG,18522
Image_3282,train/Image_3282.jpg,Image_3282.jpg,GREY HAIRSTREAK,34,224,224,3,JPEG,25593
Image_353,train/Image_353.jpg,Image_353.jpg,WOOD SATYR,72,224,224,3,JPEG,24883
Image_3356,train/Image_3356.jpg,Image_3356.jpg,LARGE MARBLE,38,224,224,3,JPEG,26299
Image_3019,train/Image_3019.jpg,Image_3019.jpg,CHESTNUT,16,224,224,3,JPEG,29983
Image_804,train/Image_804.jpg,Image_804.jpg,ULYSES,70,224,224,3,JPEG,27689
Image_1308,train/Image_1308.jpg,Image_1308.jpg,ATALA,5,224,224,3,JPEG,23811
Image_710,train/Image_710.jpg,Image_710.jpg,LARGE MARBLE,38,224,224,3,JPEG,27785
Image_784,train/Image_784.jpg,Image_784.jpg,RED ADMIRAL,58,224,224,3,JPEG,27253
Image_1868,train/Image_1868.jpg,Image_1868.jpg,PURPLISH COPPER,56,224,224,3,JPEG,17718
Image_2634,train/Image_2634.jpg,Image_2634.jpg,POPINJAY,54,224,224,3,JPEG,17946
Image_4205,train/Image_4205.jpg,Image_4205.jpg,POPINJAY,54,224,224,3,JPEG,22196
Image_1595,train/Image_1595.jpg,Image_1595.jpg,BANDED PEACOCK,7,224,224,3,JPEG,30151
Image_6268,train/Image_6268.jpg,Image_6268.jpg,ORCHARD SWALLOW,48,224,224,3,JPEG,22632
Image_3123,train/Image_3123.jpg,Image_3123.jpg,CHESTNUT,16,224,224,3,JPEG,27685
Image_4775,train/Image_4775.jpg,Image_4775.jpg,ULYSES,70,224,224,3,JPEG,35933
Image_3407,train/Image_3407.jpg,Image_3407.jpg,GOLD BANDED,30,224,224,3,JPEG,21808
Image_2114,train/Image_2114.jpg,Image_2114.jpg,EASTERN PINE ELFIN,28,224,224,3,JPEG,26438
Image_1453,train/Image_1453.jpg,Image_1453.jpg,BANDED PEACOCK,7,224,224,3,JPEG,18993
Image_69,train/Image_69.jpg,Image_69.jpg,TWO BARRED FLASHER,69,224,224,3,JPEG,23106
Image_5299,train/Image_5299.jpg,Image_5299.jpg,COPPER TAIL,22,224,224,3,JPEG,21504
Image_4166,train/Image_4166.jpg,Image_4166.jpg,ATALA,5,224,224,3,JPEG,19345
Image_6386,train/Image_6386.jpg,Image_6386.jpg,SOOTYWING,65,224,224,3,JPEG,22296
Image_4673,train/Image_4673.jpg,Image_4673.jpg,CLOUDED SULPHUR,19,224,224,3,JPEG,30373
Image_121,train/Image_121.jpg,Image_121.jpg,JULIA,37,224,224,3,JPEG,25674
Image_3443,train/Image_3443.jpg,Image_3443.jpg,BLUE SPOTTED CROW,11,224,224,3,JPEG,14852
Image_3527,train/Image_3527.jpg,Image_3527.jpg,QUESTION MARK,57,224,224,3,JPEG,25700
Image_5995,train/Image_5995.jpg,Image_5995.jpg,MILBERTS TORTOISESHELL,43,224,224,3,JPEG,19071
Image_4016,train/Image_4016.jpg,Image_4016.jpg,APPOLLO,4,224,224,3,JPEG,29314
Image_5856,train/Image_5856.jpg,Image_5856.jpg,DANAID EGGFLY,25,224,224,3,JPEG,20988
Image_6342,train/Image_6342.jpg,Image_6342.jpg,CLOUDED SULPHUR,19,224,224,3,JPEG,23264
Image_5161,train/Image_5161.jpg,Image_5161.jpg,CRIMSON PATCH,24,224,224,3,JPEG,25975
Image_1060,train/Image_1060.jpg,Image_1060.jpg,COPPER TAIL,22,224,224,3,JPEG,28147
Image_3628,train/Image_3628.jpg,Image_3628.jpg,GREAT EGGFLY,31,224,224,3,JPEG,25686
Image_1014,train/Image_1014.jpg,Image_1014.jpg,COPPER TAIL,22,224,224,3,JPEG,30475
Image_2724,train/Image_2724.jpg,Image_2724.jpg,MOURNING CLOAK,45,224,224,3,JPEG,27961
Image_2411,train/Image_2411.jpg,Image_2411.jpg,ORANGE OAKLEAF,46,224,224,3,JPEG,30831
Image_3698,train/Image_3698.jpg,Image_3698.jpg,MESTRA,41,224,224,3,JPEG,22527
Image_3122,train/Image_3122.jpg,Image_3122.jpg,EASTERN DAPPLE WHITE,27,224,224,3,JPEG,24131
Image_3102,train/Image_3102.jpg,Image_3102.jpg,RED SPOTTED PURPLE,61,224,224,3,JPEG,34974
Image_4603,train/Image_4603.jpg,Image_4603.jpg,PIPEVINE SWALLOW,53,224,224,3,JPEG,22496
Image_4850,train/Image_4850.jpg,Image_4850.jpg,CAIRNS BIRDWING,14,224,224,3,JPEG,20868
Image_5118,train/Image_5118.jpg,Image_5118.jpg,CLOUDED SULPHUR,19,224,224,3,JPEG,32154
Image_1726,train/Image_1726.jpg,Image_1726.jpg,ATALA,5,224,224,3,JPEG,22718
Image_4688,train/Image_4688.jpg,Image_4688.jpg,CHESTNUT,16,224,224,3,JPEG,30726
Image_1492,train/Image_1492.jpg,Image_1492.jpg,RED ADMIRAL,58,224,224,3,JPEG,32041
Image_4187,train/Image_4187.jpg,Image_4187.jpg,GREAT EGGFLY,31,224,224,3,JPEG,29288
Image_6146,train/Image_6146.jpg,Image_6146.jpg,POPINJAY,54,224,224,3,JPEG,22659
Image_2204,train/Image_2204.jpg,Image_2204.jpg,IPHICLUS SISTER,36,224,224,3,JPEG,25819
Image_4609,train/Image_4609.jpg,Image_4609.jpg,RED POSTMAN,60,224,224,3,JPEG,26201
Image_495,train/Image_495.jpg,Image_495.jpg,EASTERN PINE ELFIN,28,224,224,3,JPEG,19714
Image_4716,train/Image_4716.jpg,Image_4716.jpg,PURPLE HAIRSTREAK,55,224,224,3,JPEG,31424
Image_2334,train/Image_2334.jpg,Image_2334.jpg,QUESTION MARK,57,224,224,3,JPEG,28268
Image_4102,train/Image_4102.jpg,Image_4102.jpg,AMERICAN SNOOT,2,224,224,3,JPEG,28870
Image_215,train/Image_215.jpg,Image_215.jpg,BECKERS WHITE,8,224,224,3,JPEG,25231
Image_5214,train/Image_5214.jpg,Image_5214.jpg,BLUE MORPHO,10,224,224,3,JPEG,24671
Image_1486,train/Image_1486.jpg,Image_1486.jpg,ELBOWED PIERROT,29,224,224,3,JPEG,19878
Image_863,train/Image_863.jpg,Image_863.jpg,MALACHITE,39,224,224,3,JPEG,26391
Image_5429,train/Image_5429.jpg,Image_5429.jpg,SOOTYWING,65,224,224,3,JPEG,24794
Image_1322,train/Image_1322.jpg,Image_1322.jpg,SCARCE SWALLOW,62,224,224,3,JPEG,24042
Image_1846,train/Image_1846.jpg,Image_1846.jpg,LARGE MARBLE,38,224,224,3,JPEG,31461
Image_3753,train/Image_3753.jpg,Image_3753.jpg,MILBERTS TORTOISESHELL,43,224,224,3,JPEG,21069
Image_3112,train/Image_3112.jpg,Image_3112.jpg,PURPLISH COPPER,56,224,224,3,JPEG,18312
Image_289,train/Image_289.jpg,Image_289.jpg,ELBOWED PIERROT,29,224,224,3,JPEG,24228
Image_1678,train/Image_1678.jpg,Image_1678.jpg,GREAT EGGFLY,31,224,224,3,JPEG,21106
Image_6221,train/Image_6221.jpg,Image_6221.jpg,GREAT JAY,32,224,224,3,JPEG,24474
Image_3286,train/Image_3286.jpg,Image_3286.jpg,ORANGE TIP,47,224,224,3,JPEG,26294
Image_1952,train/Image_1952.jpg,Image_1952.jpg,MOURNING CLOAK,45,224,224,3,JPEG,22111
Image_4282,train/Image_4282.jpg,Image_4282.jpg,RED CRACKER,59,224,224,3,JPEG,25869
Image_3819,train/Image_3819.jpg,Image_3819.jpg,PAINTED LADY,49,224,224,3,JPEG,22992
Image_5272,train/Image_5272.jpg,Image_5272.jpg,AFRICAN GIANT SWALLOWTAIL,1,224,224,3,JPEG,34248
Image_630,train/Image_630.jpg,Image_630.jpg,COMMON WOOD-NYMPH,21,224,224,3,JPEG,23996
Image_6345,train/Image_6345.jpg,Image_6345.jpg,GOLD BANDED,30,224,224,3,JPEG,26093
Image_3412,train/Image_3412.jpg,Image_3412.jpg,POPINJAY,54,224,224,3,JPEG,23091
Image_2592,train/Image_2592.jpg,Image_2592.jpg,TROPICAL LEAFWING,68,224,224,3,JPEG,27543
Image_1224,train/Image_1224.jpg,Image_1224.jpg,GREEN CELLED CATTLEHEART,33,224,224,3,JPEG,27193
Image_1461,train/Image_1461.jpg,Image_1461.jpg,CHESTNUT,16,224,224,3,JPEG,29052
Image_5045,train/Image_5045.jpg,Image_5045.jpg,MALACHITE,39,224,224,3,JPEG,37307
Image_5646,train/Image_5646.jpg,Image_5646.jpg,WOOD SATYR,72,224,224,3,JPEG,22756
Image_5836,train/Image_5836.jpg,Image_5836.jpg,VICEROY,71,224,224,3,JPEG,32782
Image_4547,train/Image_4547.jpg,Image_4547.jpg,GREEN CELLED CATTLEHEART,33,224,224,3,JPEG,16211
Image_175,train/Image_175.jpg,Image_175.jpg,QUESTION MARK,57,224,224,3,JPEG,25704
Image_1464,train/Image_1464.jpg,Image_1464.jpg,SILVER SPOT SKIPPER,63,224,224,3,JPEG,26374
Image_5887,train/Image_5887.jpg,Image_5887.jpg,GREAT JAY,32,224,224,3,JPEG,18159
Image_4323,train/Image_4323.jpg,Image_4323.jpg,CAIRNS BIRDWING,14,224,224,3,JPEG,22744
Image_6166,train/Image_6166.jpg,Image_6166.jpg,SLEEPY ORANGE,64,224,224,3,JPEG,23580
Image_2443,train/Image_2443.jpg,Image_2443.jpg,RED POSTMAN,60,224,224,3,JPEG,30365
Image_6207,train/Image_6207.jpg,Image_6207.jpg,ZEBRA LONG WING,74,224,224,3,JPEG,27873
Image_2789,train/Image_2789.jpg,Image_2789.jpg,ULYSES,70,224,224,3,JPEG,24559
Image_5921,train/Image_5921.jpg,Image_5921.jpg,CHECQUERED SKIPPER,15,224,224,3,JPEG,31620
Image_6402,train/Image_6402.jpg,Image_6402.jpg,MESTRA,41,224,224,3,JPEG,25266
Image_5958,train/Image_5958.jpg,Image_5958.jpg,SILVER SPOT SKIPPER,63,224,224,3,JPEG,25167
Image_4913,train/Image_4913.jpg,Image_4913.jpg,CABBAGE WHITE,13,224,224,3,JPEG,27294
Image_6495,train/Image_6495.jpg,Image_6495.jpg,MANGROVE SKIPPER,40,224,224,3,JPEG,27244
Image_4574,train/Image_4574.jpg,Image_4574.jpg,GREAT JAY,32,224,224,3,JPEG,17348
Image_4621,train/Image_4621.jpg,Image_4621.jpg,CRIMSON PATCH,24,224,224,3,JPEG,29398
Image_1087,train/Image_1087.jpg,Image_1087.jpg,ADONIS,0,224,224,3,JPEG,30918
Image_1628,train/Image_1628.jpg,Image_1628.jpg,STRAITED QUEEN,67,224,224,3,JPEG,27603
Image_1372,train/Image_1372.jpg,Image_1372.jpg,RED CRACKER,59,224,224,3,JPEG,35985
Image_2562,train/Image_2562.jpg,Image_2562.jpg,EASTERN PINE ELFIN,28,224,224,3,JPEG,19991
Image_2905,train/Image_2905.jpg,Image_2905.jpg,BLUE SPOTTED CROW,11,224,224,3,JPEG,23141
Image_4921,train/Image_4921.jpg,Image_4921.jpg,PIPEVINE SWALLOW,53,224,224,3,JPEG,24575
Image_4314,train/Image_4314.jpg,Image_4314.jpg,PURPLISH COPPER,56,224,224,3,JPEG,17537
Image_5607,train/Image_5607.jpg,Image_5607.jpg,GREAT JAY,32,224,224,3,JPEG,19420
Image_5138,train/Image_5138.jpg,Image_5138.jpg,EASTERN COMA,26,224,224,3,JPEG,26490
Image_3917,train/Image_3917.jpg,Image_3917.jpg,BANDED PEACOCK,7,224,224,3,JPEG,24890
Image_3526,train/Image_3526.jpg,Image_3526.jpg,LARGE MARBLE,38,224,224,3,JPEG,28165
Image_4382,train/Image_4382.jpg,Image_4382.jpg,PURPLISH COPPER,56,224,224,3,JPEG,17843
Image_2348,train/Image_2348.jpg,Image_2348.jpg,APPOLLO,4,224,224,3,JPEG,25261
Image_6354,train/Image_6354.jpg,Image_6354.jpg,ORANGE TIP,47,224,224,3,JPEG,16995
Image_3868,train/Image_3868.jpg,Image_3868.jpg,MANGROVE SKIPPER,40,224,224,3,JPEG,30516
Image_5665,train/Image_5665.jpg,Image_5665.jpg,TWO BARRED FLASHER,69,224,224,3,JPEG,23500
Image_2091,train/Image_2091.jpg,Image_2091.jpg,CAIRNS BIRDWING,14,224,224,3,JPEG,21934
Image_4919,train/Image_4919.jpg,Image_4919.jpg,BLACK HAIRSTREAK,9,224,224,3,JPEG,22246
Image_120,train/Image_120.jpg,Image_120.jpg,MILBERTS TORTOISESHELL,43,224,224,3,JPEG,25035
Image_790,train/Image_790.jpg,Image_790.jpg,PURPLE HAIRSTREAK,55,224,224,3,JPEG,19892
Image_3469,train/Image_3469.jpg,Image_3469.jpg,CLOUDED SULPHUR,19,224,224,3,JPEG,25188
Image_1402,train/Image_1402.jpg,Image_1402.jpg,GREAT EGGFLY,31,224,224,3,JPEG,28622
Image_5809,train/Image_5809.jpg,Image_5809.jpg,ULYSES,70,224,224,3,JPEG,37756
Image_2017,train/Image_2017.jpg,Image_2017.jpg,CLODIUS PARNASSIAN,18,224,224,3,JPEG,26148
Image_5910,train/Image_5910.jpg,Image_5910.jpg,MILBERTS TORTOISESHELL,43,224,224,3,JPEG,28180
Image_5122,train/Image_5122.jpg,Image_5122.jpg,ZEBRA LONG WING,74,224,224,3,JPEG,23593
Image_3219,train/Image_3219.jpg,Image_3219.jpg,ORANGE TIP,47,224,224,3,JPEG,31239
Image_2897,train/Image_2897.jpg,Image_2897.jpg,MONARCH,44,224,224,3,JPEG,29410
Image_876,train/Image_876.jpg,Image_876.jpg,CABBAGE WHITE,13,224,224,3,JPEG,21624
Image_3365,train/Image_3365.jpg,Image_3365.jpg,AFRICAN GIANT SWALLOWTAIL,1,224,224,3,JPEG,22559
Image_156,train/Image_156.jpg,Image_156.jpg,GREEN CELLED CATTLEHEART,33,224,224,3,JPEG,23654
Image_185,train/Image_185.jpg,Image_185.jpg,RED ADMIRAL,58,224,224,3,JPEG,24076
Image_3245,train/Image_3245.jpg,Image_3245.jpg,COMMON BANDED AWL,20,224,224,3,JPEG,17496
Image_3670,train/Image_3670.jpg,Image_3670.jpg,SOOTYWING,65,224,224,3,JPEG,23532
Image_1843,train/Image_1843.jpg,Image_1843.jpg,BECKERS WHITE,8,224,224,3,JPEG,27889
Image_1290,train/Image_1290.jpg,Image_1290.jpg,CLOUDED SULPHUR,19,224,224,3,JPEG,29303
Image_4273,train/Image_4273.jpg,Image_4273.jpg,TROPICAL LEAFWING,68,224,224,3,JPEG,25930
Image_6356,train/Image_6356.jpg,Image_6356.jpg,SOOTYWING,65,224,224,3,JPEG,21610
Image_3663,train/Image_3663.jpg,Image_3663.jpg,CRECENT,23,224,224,3,JPEG,32951
Image_6499,train/Image_6499.jpg,Image_6499.jpg,ATALA,5,224,224,3,JPEG,20983
Image_5069,train/Image_5069.jpg,Image_5069.jpg,MANGROVE SKIPPER,40,224,224,3,JPEG,22737
Image_3872,train/Image_3872.jpg,Image_3872.jpg,CLEOPATRA,17,224,224,3,JPEG,19445
Image_1913,train/Image_1913.jpg,Image_1913.jpg,BLUE MORPHO,10,224,224,3,JPEG,22353
Image_2882,train/Image_2882.jpg,Image_2882.jpg,ORANGE TIP,47,224,224,3,JPEG,24331
Image_578,train/Image_578.jpg,Image_578.jpg,CRECENT,23,224,224,3,JPEG,26949
Image_4357,train/Image_4357.jpg,Image_4357.jpg,BLUE SPOTTED CROW,11,224,224,3,JPEG,20457
Image_2104,train/Image_2104.jpg,Image_2104.jpg,AFRICAN GIANT SWALLOWTAIL,1,224,224,3,JPEG,24596
Image_6217,train/Image_6217.jpg,Image_6217.jpg,GREY HAIRSTREAK,34,224,224,3,JPEG,31379
Image_510,train/Image_510.jpg,Image_510.jpg,ORANGE TIP,47,224,224,3,JPEG,19448
Image_1559,train/Image_1559.jpg,Image_1559.jpg,MESTRA,41,224,224,3,JPEG,17407
Image_4546,train/Image_4546.jpg,Image_4546.jpg,AFRICAN GIANT SWALLOWTAIL,1,224,224,3,JPEG,18152
Image_2572,train/Image_2572.jpg,Image_2572.jpg,PINE WHITE,52,224,224,3,JPEG,22527
Image_8,train/Image_8.jpg,Image_8.jpg,EASTERN DAPPLE WHITE,27,224,224,3,JPEG,14825
Image_3755,train/Image_3755.jpg,Image_3755.jpg,JULIA,37,224,224,3,JPEG,17750
Image_6227,train/Image_6227.jpg,Image_6227.jpg,MILBERTS TORTOISESHELL,43,224,224,3,JPEG,24554
Image_3851,train/Image_3851.jpg,Image_3851.jpg,CRIMSON PATCH,24,224,224,3,JPEG,28369
Image_632,train/Image_632.jpg,Image_632.jpg,APPOLLO,4,224,224,3,JPEG,22675
Image_4664,train/Image_4664.jpg,Image_4664.jpg,ZEBRA LONG WING,74,224,224,3,JPEG,27077
Image_2556,train/Image_2556.jpg,Image_2556.jpg,SILVER SPOT SKIPPER,63,224,224,3,JPEG,24902
Image_1091,train/Image_1091.jpg,Image_1091.jpg,IPHICLUS SISTER,36,224,224,3,JPEG,24484
Image_4780,train/Image_4780.jpg,Image_4780.jpg,MOURNING CLOAK,45,224,224,3,JPEG,27054
Image_4759,train/Image_4759.jpg,Image_4759.jpg,EASTERN DAPPLE WHITE,27,224,224,3,JPEG,21302
Image_1597,train/Image_1597.jpg,Image_1597.jpg,AN 88,3,224,224,3,JPEG,22332
Image_5618,train/Image_5618.jpg,Image_5618.jpg,SILVER SPOT SKIPPER,63,224,224,3,JPEG,19853
Image_2291,train/Image_2291.jpg,Image_2291.jpg,BANDED PEACOCK,7,224,224,3,JPEG,21030
Image_3297,train/Image_3297.jpg,Image_3297.jpg,BANDED PEACOCK,7,224,224,3,JPEG,29910
Image_262,train/Image_262.jpg,Image_262.jpg,PINE WHITE,52,224,224,3,JPEG,20627
Image_5533,train/Image_5533.jpg,Image_5533.jpg,CLOUDED SULPHUR,19,224,224,3,JPEG,22039
Image_2231,train/Image_2231.jpg,Image_2231.jpg,PURPLISH COPPER,56,224,224,3,JPEG,27605
Image_6191,train/Image_6191.jpg,Image_6191.jpg,RED CRACKER,59,224,224,3,JPEG,22640
Image_4705,train/Image_4705.jpg,Image_4705.jpg,RED CRACKER,59,224,224,3,JPEG,42929
Image_4535,train/Image_4535.jpg,Image_4535.jpg,WOOD SATYR,72,224,224,3,JPEG,24540
Image_2352,train/Image_2352.jpg,Image_2352.jpg,MILBERTS TORTOISESHELL,43,224,224,3,JPEG,30082
Image_331,train/Image_331.jpg,Image_331.jpg,GREAT EGGFLY,31,224,224,3,JPEG,25800
Image_1697,train/Image_1697.jpg,Image_1697.jpg,GREAT JAY,32,224,224,3,JPEG,19855
Image_5758,train/Image_5758.jpg,Image_5758.jpg,SOOTYWING,65,224,224,3,JPEG,19271
Image_1403,train/Image_1403.jpg,Image_1403.jpg,PAINTED LADY,49,224,224,3,JPEG,29267
Image_5248,train/Image_5248.jpg,Image_5248.jpg,BLACK HAIRSTREAK,9,224,224,3,JPEG,35491
Image_2602,train/Image_2602.jpg,Image_2602.jpg,BROWN SIPROETA,12,224,224,3,JPEG,32702
Image_329,train/Image_329.jpg,Image_329.jpg,ORANGE OAKLEAF,46,224,224,3,JPEG,31089
Image_2860,train/Image_2860.jpg,Image_2860.jpg,MOURNING CLOAK,45,224,224,3,JPEG,36386
Image_3523,train/Image_3523.jpg,Image_3523.jpg,PINE WHITE,52,224,224,3,JPEG,26046
Image_5591,train/Image_5591.jpg,Image_5591.jpg,SOUTHERN DOGFACE,66,224,224,3,JPEG,23448
Image_504,train/Image_504.jpg,Image_504.jpg,AFRICAN GIANT SWALLOWTAIL,1,224,224,3,JPEG,25571
Image_2513,train/Image_2513.jpg,Image_2513.jpg,EASTERN COMA,26,224,224,3,JPEG,34750
Image_3827,train/Image_3827.jpg,Image_3827.jpg,COMMON WOOD-NYMPH,21,224,224,3,JPEG,29259
Image_2953,train/Image_2953.jpg,Image_2953.jpg,GREEN CELLED CATTLEHEART,33,224,224,3,JPEG,18967
Image_5508,train/Image_5508.jpg,Image_5508.jpg,BANDED PEACOCK,7,224,224,3,JPEG,20982
Image_2364,train/Image_2364.jpg,Image_2364.jpg,BANDED ORANGE HELICONIAN,6,224,224,3,JPEG,28917
Image_6428,train/Image_6428.jpg,Image_6428.jpg,PURPLISH COPPER,56,224,224,3,JPEG,18702
Image_2086,train/Image_2086.jpg,Image_2086.jpg,ORANGE OAKLEAF,46,224,224,3,JPEG,31828
Image_3678,train/Image_3678.jpg,Image_3678.jpg,BANDED PEACOCK,7,224,224,3,JPEG,29903
Image_783,train/Image_783.jpg,Image_783.jpg,AN 88,3,224,224,3,JPEG,29122
Image_5014,train/Image_5014.jpg,Image_5014.jpg,PAPER KITE,50,224,224,3,JPEG,32921
Image_43,train/Image_43.jpg,Image_43.jpg,LARGE MARBLE,38,224,224,3,JPEG,24851
Image_4392,train/Image_4392.jpg,Image_4392.jpg,EASTERN PINE ELFIN,28,224,224,3,JPEG,21663
Image_2466,train/Image_2466.jpg,Image_2466.jpg,EASTERN PINE ELFIN,28,224,224,3,JPEG,37830
Image_3799,train/Image_3799.jpg,Image_3799.jpg,ELBOWED PIERROT,29,224,224,3,JPEG,18608
Image_5286,train/Image_5286.jpg,Image_5286.jpg,MILBERTS TORTOISESHELL,43,224,224,3,JPEG,29959
Image_6237,train/Image_6237.jpg,Image_6237.jpg,GREEN CELLED CATTLEHEART,33,224,224,3,JPEG,21296
Image_5189,train/Image_5189.jpg,Image_5189.jpg,ATALA,5,224,224,3,JPEG,16107
Image_50,train/Image_50.jpg,Image_50.jpg,DANAID EGGFLY,25,224,224,3,JPEG,33617
Image_457,train/Image_457.jpg,Image_457.jpg,PAINTED LADY,49,224,224,3,JPEG,30317
Image_1075,train/Image_1075.jpg,Image_1075.jpg,IPHICLUS SISTER,36,224,224,3,JPEG,25195
Image_5608,train/Image_5608.jpg,Image_5608.jpg,TROPICAL LEAFWING,68,224,224,3,JPEG,16513
Image_1858,train/Image_1858.jpg,Image_1858.jpg,ADONIS,0,224,224,3,JPEG,26332
Image_3637,train/Image_3637.jpg,Image_3637.jpg,ORANGE OAKLEAF,46,224,224,3,JPEG,35615
Image_2893,train/Image_2893.jpg,Image_2893.jpg,COPPER TAIL,22,224,224,3,JPEG,21131
Image_5735,train/Image_5735.jpg,Image_5735.jpg,EASTERN DAPPLE WHITE,27,224,224,3,JPEG,25285
Image_572,train/Image_572.jpg,Image_572.jpg,ZEBRA LONG WING,74,224,224,3,JPEG,23384
Image_4039,train/Image_4039.jpg,Image_4039.jpg,EASTERN PINE ELFIN,28,224,224,3,JPEG,26102
Image_3763,train/Image_3763.jpg,Image_3763.jpg,BLUE SPOTTED CROW,11,224,224,3,JPEG,15512
Image_1538,train/Image_1538.jpg,Image_1538.jpg,CRIMSON PATCH,24,224,224,3,JPEG,24136
Image_1700,train/Image_1700.jpg,Image_1700.jpg,INDRA SWALLOW,35,224,224,3,JPEG,25454
Image_823,train/Image_823.jpg,Image_823.jpg,BANDED PEACOCK,7,224,224,3,JPEG,20726
Image_5579,train/Image_5579.jpg,Image_5579.jpg,PAINTED LADY,49,224,224,3,JPEG,22305
Image_4069,train/Image_4069.jpg,Image_4069.jpg,AMERICAN SNOOT,2,224,224,3,JPEG,29328
Image_3388,train/Image_3388.jpg,Image_3388.jpg,BLUE SPOTTED CROW,11,224,224,3,JPEG,19857
Image_6377,train/Image_6377.jpg,Image_6377.jpg,BECKERS WHITE,8,224,224,3,JPEG,25114
Image_2346,train/Image_2346.jpg,Image_2346.jpg,SOOTYWING,65,224,224,3,JPEG,22667
Image_51,train/Image_51.jpg,Image_51.jpg,RED POSTMAN,60,224,224,3,JPEG,21173
Image_2580,train/Image_2580.jpg,Image_2580.jpg,MONARCH,44,224,224,3,JPEG,39120
Image_2328,train/Image_2328.jpg,Image_2328.jpg,MESTRA,41,224,224,3,JPEG,22335
Image_17,train/Image_17.jpg,Image_17.jpg,PAPER KITE,50,224,224,3,JPEG,28706
Image_4285,train/Image_4285.jpg,Image_4285.jpg,CABBAGE WHITE,13,224,224,3,JPEG,18052
Image_4161,train/Image_4161.jpg,Image_4161.jpg,BANDED ORANGE HELICONIAN,6,224,224,3,JPEG,19734
Image_2697,train/Image_2697.jpg,Image_2697.jpg,ORCHARD SWALLOW,48,224,224,3,JPEG,27598
Image_5025,train/Image_5025.jpg,Image_5025.jpg,CRIMSON PATCH,24,224,224,3,JPEG,31729
Image_565,train/Image_565.jpg,Image_565.jpg,RED SPOTTED PURPLE,61,224,224,3,JPEG,32634
Image_2475,train/Image_2475.jpg,Image_2475.jpg,BLUE SPOTTED CROW,11,224,224,3,JPEG,25644
Image_4917,train/Image_4917.jpg,Image_4917.jpg,COPPER TAIL,22,224,224,3,JPEG,21590
Image_3258,train/Image_3258.jpg,Image_3258.jpg,BLACK HAIRSTREAK,9,224,224,3,JPEG,29487
Image_1564,train/Image_1564.jpg,Image_1564.jpg,EASTERN DAPPLE WHITE,27,224,224,3,JPEG,25016
Image_210,train/Image_210.jpg,Image_210.jpg,ORCHARD SWALLOW,48,224,224,3,JPEG,32061
Image_5723,train/Image_5723.jpg,Image_5723.jpg,CHESTNUT,16,224,224,3,JPEG,32728
Image_2627,train/Image_2627.jpg,Image_2627.jpg,MOURNING CLOAK,45,224,224,3,JPEG,14181
Image_4837,train/Image_4837.jpg,Image_4837.jpg,INDRA SWALLOW,35,224,224,3,JPEG,27929
Image_4819,train/Image_4819.jpg,Image_4819.jpg,CRECENT,23,224,224,3,JPEG,31593
Image_1565,train/Image_1565.jpg,Image_1565.jpg,ADONIS,0,224,224,3,JPEG,20004
Image_2910,train/Image_2910.jpg,Image_2910.jpg,GREAT EGGFLY,31,224,224,3,JPEG,30145
Image_4268,train/Image_4268.jpg,Image_4268.jpg,CLODIUS PARNASSIAN,18,224,224,3,JPEG,28030
Image_6103,train/Image_6103.jpg,Image_6103.jpg,ELBOWED PIERROT,29,224,224,3,JPEG,20338
Image_178,train/Image_178.jpg,Image_178.jpg,MESTRA,41,224,224,3,JPEG,26581
Image_6493,train/Image_6493.jpg,Image_6493.jpg,IPHICLUS SISTER,36,224,224,3,JPEG,17950
Image_4778,train/Image_4778.jpg,Image_4778.jpg,ORANGE TIP,47,224,224,3,JPEG,22192
Image_308,train/Image_308.jpg,Image_308.jpg,AMERICAN SNOOT,2,224,224,3,JPEG,22192
Image_3160,train/Image_3160.jpg,Image_3160.jpg,STRAITED QUEEN,67,224,224,3,JPEG,24854
Image_548,train/Image_548.jpg,Image_548.jpg,CRECENT,23,224,224,3,JPEG,23177
Image_5484,train/Image_5484.jpg,Image_5484.jpg,GOLD BANDED,30,224,224,3,JPEG,24089
Image_5152,train/Image_5152.jpg,Image_5152.jpg,SOOTYWING,65,224,224,3,JPEG,30871
Image_1617,train/Image_1617.jpg,Image_1617.jpg,STRAITED QUEEN,67,224,224,3,JPEG,27636
Image_5465,train/Image_5465.jpg,Image_5465.jpg,BECKERS WHITE,8,224,224,3,JPEG,24377
Image_1808,train/Image_1808.jpg,Image_1808.jpg,INDRA SWALLOW,35,224,224,3,JPEG,36089
Image_5255,train/Image_5255.jpg,Image_5255.jpg,SCARCE SWALLOW,62,224,224,3,JPEG,23285
Image_1569,train/Image_1569.jpg,Image_1569.jpg,JULIA,37,224,224,3,JPEG,21072
Image_5393,train/Image_5393.jpg,Image_5393.jpg,EASTERN COMA,26,224,224,3,JPEG,24581
Image_1816,train/Image_1816.jpg,Image_1816.jpg,BROWN SIPROETA,12,224,224,3,JPEG,22900
Image_2094,train/Image_2094.jpg,Image_2094.jpg,COMMON BANDED AWL,20,224,224,3,JPEG,20783
Image_4599,train/Image_4599.jpg,Image_4599.jpg,COMMON BANDED AWL,20,224,224,3,JPEG,15445
Image_3644,train/Image_3644.jpg,Image_3644.jpg,LARGE MARBLE,38,224,224,3,JPEG,23638
Image_1272,train/Image_1272.jpg,Image_1272.jpg,MONARCH,44,224,224,3,JPEG,32960
Image_1485,train/Image_1485.jpg,Image_1485.jpg,PINE WHITE,52,224,224,3,JPEG,16483
Image_1631,train/Image_1631.jpg,Image_1631.jpg,JULIA,37,224,224,3,JPEG,25017
Image_3211,train/Image_3211.jpg,Image_3211.jpg,DANAID EGGFLY,25,224,224,3,JPEG,27012
Image_296,train/Image_296.jpg,Image_296.jpg,PINE WHITE,52,224,224,3,JPEG,22316
Image_6004,train/Image_6004.jpg,Image_6004.jpg,YELLOW SWALLOW TAIL,73,224,224,3,JPEG,23493
Image_3564,train/Image_3564.jpg,Image_3564.jpg,ELBOWED PIERROT,29,224,224,3,JPEG,25475
Image_2672,train/Image_2672.jpg,Image_2672.jpg,AMERICAN SNOOT,2,224,224,3,JPEG,27139
Image_5027,train/Image_5027.jpg,Image_5027.jpg,PAINTED LADY,49,224,224,3,JPEG,36503
Image_2764,train/Image_2764.jpg,Image_2764.jpg,CLEOPATRA,17,224,224,3,JPEG,22246
Image_5905,train/Image_5905.jpg,Image_5905.jpg,MILBERTS TORTOISESHELL,43,224,224,3,JPEG,31954
Image_518,train/Image_518.jpg,Image_518.jpg,JULIA,37,224,224,3,JPEG,16702
Image_3413,train/Image_3413.jpg,Image_3413.jpg,RED ADMIRAL,58,224,224,3,JPEG,30232
Image_2601,train/Image_2601.jpg,Image_2601.jpg,CLODIUS PARNASSIAN,18,224,224,3,JPEG,26243
Image_4978,train/Image_4978.jpg,Image_4978.jpg,RED SPOTTED PURPLE,61,224,224,3,JPEG,24520
Image_36,train/Image_36.jpg,Image_36.jpg,PAINTED LADY,49,224,224,3,JPEG,30781
Image_2207,train/Image_2207.jpg,Image_2207.jpg,QUESTION MARK,57,224,224,3,JPEG,28023
Image_2961,train/Image_2961.jpg,Image_2961.jpg,POPINJAY,54,224,224,3,JPEG,35214
Image_6398,train/Image_6398.jpg,Image_6398.jpg,GREEN CELLED CATTLEHEART,33,224,224,3,JPEG,17258
Image_2353,train/Image_2353.jpg,Image_2353.jpg,AFRICAN GIANT SWALLOWTAIL,1,224,224,3,JPEG,24175
Image_2909,train/Image_2909.jpg,Image_2909.jpg,POPINJAY,54,224,224,3,JPEG,22314
Image_2366,train/Image_2366.jpg,Image_2366.jpg,ORANGE OAKLEAF,46,224,224,3,JPEG,32399
Image_1108,train/Image_1108.jpg,Image_1108.jpg,PAINTED LADY,49,224,224,3,JPEG,40040
Image_4804,train/Image_4804.jpg,Image_4804.jpg,MILBERTS TORTOISESHELL,43,224,224,3,JPEG,21188
Image_3597,train/Image_3597.jpg,Image_3597.jpg,CAIRNS BIRDWING,14,224,224,3,JPEG,22796
Image_3873,train/Image_3873.jpg,Image_3873.jpg,VICEROY,71,224,224,3,JPEG,31131
Image_3457,train/Image_3457.jpg,Image_3457.jpg,ATALA,5,224,224,3,JPEG,19084
Image_2766,train/Image_2766.jpg,Image_2766.jpg,GREAT JAY,32,224,224,3,JPEG,30374
Image_5007,train/Image_5007.jpg,Image_5007.jpg,IPHICLUS SISTER,36,224,224,3,JPEG,21584
Image_2713,train/Image_2713.jpg,Image_2713.jpg,YELLOW SWALLOW TAIL,73,224,224,3,JPEG,33548
Image_1842,train/Image_1842.jpg,Image_1842.jpg,PURPLE HAIRSTREAK,55,224,224,3,JPEG,33504
Image_2874,train/Image_2874.jpg,Image_2874.jpg,ORANGE OAKLEAF,46,224,224,3,JPEG,28506
Image_6273,train/Image_6273.jpg,Image_6273.jpg,ELBOWED PIERROT,29,224,224,3,JPEG,20945
Image_3897,train/Image_3897.jpg,Image_3897.jpg,SOUTHERN DOGFACE,66,224,224,3,JPEG,22689
Image_536,train/Image_536.jpg,Image_536.jpg,RED SPOTTED PURPLE,61,224,224,3,JPEG,35274
Image_4080,train/Image_4080.jpg,Image_4080.jpg,ORANGE TIP,47,224,224,3,JPEG,20547
Image_1702,train/Image_1702.jpg,Image_1702.jpg,BECKERS WHITE,8,224,224,3,JPEG,20458
Image_5113,train/Image_5113.jpg,Image_5113.jpg,BANDED PEACOCK,7,224,224,3,JPEG,25924
Image_2951,train/Image_2951.jpg,Image_2951.jpg,PEACOCK,51,224,224,3,JPEG,25037
Image_670,train/Image_670.jpg,Image_670.jpg,AFRICAN GIANT SWALLOWTAIL,1,224,224,3,JPEG,14829
Image_984,train/Image_984.jpg,Image_984.jpg,SLEEPY ORANGE,64,224,224,3,JPEG,15656
Image_5228,train/Image_5228.jpg,Image_5228.jpg,BROWN SIPROETA,12,224,224,3,JPEG,25518
Image_4457,train/Image_4457.jpg,Image_4457.jpg,GOLD BANDED,30,224,224,3,JPEG,21208
Image_4071,train/Image_4071.jpg,Image_4071.jpg,ATALA,5,224,224,3,JPEG,21920
Image_2659,train/Image_2659.jpg,Image_2659.jpg,GREY HAIRSTREAK,34,224,224,3,JPEG,23650
Image_4299,train/Image_4299.jpg,Image_4299.jpg,SCARCE SWALLOW,62,224,224,3,JPEG,26287
Image_5399,train/Image_5399.jpg,Image_5399.jpg,TWO BARRED FLASHER,69,224,224,3,JPEG,28399
Image_5026,train/Image_5026.jpg,Image_5026.jpg,POPINJAY,54,224,224,3,JPEG,27375
Image_4507,train/Image_4507.jpg,Image_4507.jpg,CLODIUS PARNASSIAN,18,224,224,3,JPEG,24314
Image_3625,train/Image_3625.jpg,Image_3625.jpg,CLEOPATRA,17,224,224,3,JPEG,18107
Image_5417,train/Image_5417.jpg,Image_5417.jpg,CLOUDED SULPHUR,19,224,224,3,JPEG,23895
Image_579,train/Image_579.jpg,Image_579.jpg,BLACK HAIRSTREAK,9,224,224,3,JPEG,33466
Image_5724,train/Image_5724.jpg,Image_5724.jpg,CRECENT,23,224,224,3,JPEG,27851
Image_5211,train/Image_5211.jpg,Image_5211.jpg,CHECQUERED SKIPPER,15,224,224,3,JPEG,18930
Image_1590,train/Image_1590.jpg,Image_1590.jpg,PINE WHITE,52,224,224,3,JPEG,25622
Image_991,train/Image_991.jpg,Image_991.jpg,AMERICAN SNOOT,2,224,224,3,JPEG,20341
Image_6340,train/Image_6340.jpg,Image_6340.jpg,ULYSES,70,224,224,3,JPEG,24566
Image_5914,train/Image_5914.jpg,Image_5914.jpg,PURPLISH COPPER,56,224,224,3,JPEG,19074
Image_266,train/Image_266.jpg,Image_266.jpg,BROWN SIPROETA,12,224,224,3,JPEG,27610
Image_581,train/Image_581.jpg,Image_581.jpg,ORCHARD SWALLOW,48,224,224,3,JPEG,32798
Image_3399,train/Image_3399.jpg,Image_3399.jpg,SOOTYWING,65,224,224,3,JPEG,28925
Image_3635,train/Image_3635.jpg,Image_3635.jpg,BECKERS WHITE,8,224,224,3,JPEG,21297
Image_1942,train/Image_1942.jpg,Image_1942.jpg,GOLD BANDED,30,224,224,3,JPEG,23044
Image_2684,train/Image_2684.jpg,Image_2684.jpg,RED POSTMAN,60,224,224,3,JPEG,19371
Image_6206,train/Image_6206.jpg,Image_6206.jpg,EASTERN COMA,26,224,224,3,JPEG,33917
Image_6346,train/Image_6346.jpg,Image_6346.jpg,MILBERTS TORTOISESHELL,43,224,224,3,JPEG,30486
Image_399,train/Image_399.jpg,Image_399.jpg,GREAT EGGFLY,31,224,224,3,JPEG,21249
Image_3804,train/Image_3804.jpg,Image_3804.jpg,COMMON BANDED AWL,20,224,224,3,JPEG,18006
Image_3470,train/Image_3470.jpg,Image_3470.jpg,TROPICAL LEAFWING,68,224,224,3,JPEG,19505
Image_4511,train/Image_4511.jpg,Image_4511.jpg,QUESTION MARK,57,224,224,3,JPEG,27413
Image_2312,train/Image_2312.jpg,Image_2312.jpg,AN 88,3,224,224,3,JPEG,24088
Image_1716,train/Image_1716.jpg,Image_1716.jpg,CAIRNS BIRDWING,14,224,224,3,JPEG,18977
Image_1647,train/Image_1647.jpg,Image_1647.jpg,TWO BARRED FLASHER,69,224,224,3,JPEG,22671
Image_1295,train/Image_1295.jpg,Image_1295.jpg,JULIA,37,224,224,3,JPEG,21989
Image_3435,train/Image_3435.jpg,Image_3435.jpg,SCARCE SWALLOW,62,224,224,3,JPEG,25565
Image_27,train/Image_27.jpg,Image_27.jpg,ORANGE OAKLEAF,46,224,224,3,JPEG,25609
Image_5812,train/Image_5812.jpg,Image_5812.jpg,MILBERTS TORTOISESHELL,43,224,224,3,JPEG,22771
Image_1934,train/Image_1934.jpg,Image_1934.jpg,SOOTYWING,65,224,224,3,JPEG,26957
Image_3553,train/Image_3553.jpg,Image_3553.jpg,ADONIS,0,224,224,3,JPEG,31910
Image_631,train/Image_631.jpg,Image_631.jpg,ORANGE TIP,47,224,224,3,JPEG,19166
Image_2583,train/Image_2583.jpg,Image_2583.jpg,EASTERN DAPPLE WHITE,27,224,224,3,JPEG,18020
Image_4584,train/Image_4584.jpg,Image_4584.jpg,ULYSES,70,224,224,3,JPEG,22578
Image_5891,train/Image_5891.jpg,Image_5891.jpg,PAPER KITE,50,224,224,3,JPEG,26698
Image_72,train/Image_72.jpg,Image_72.jpg,ATALA,5,224,224,3,JPEG,20863
Image_4734,train/Image_4734.jpg,Image_4734.jpg,EASTERN DAPPLE WHITE,27,224,224,3,JPEG,18828
Image_5966,train/Image_5966.jpg,Image_5966.jpg,STRAITED QUEEN,67,224,224,3,JPEG,22363
Image_5438,train/Image_5438.jpg,Image_5438.jpg,CLOUDED SULPHUR,19,224,224,3,JPEG,25767
Image_5266,train/Image_5266.jpg,Image_5266.jpg,WOOD SATYR,72,224,224,3,JPEG,30196
Image_4793,train/Image_4793.jpg,Image_4793.jpg,CLODIUS PARNASSIAN,18,224,224,3,JPEG,24735
Image_1830,train/Image_1830.jpg,Image_1830.jpg,YELLOW SWALLOW TAIL,73,224,224,3,JPEG,30113
Image_3418,train/Image_3418.jpg,Image_3418.jpg,ELBOWED PIERROT,29,224,224,3,JPEG,21231
Image_3014,train/Image_3014.jpg,Image_3014.jpg,CLOUDED SULPHUR,19,224,224,3,JPEG,17802
Image_3293,train/Image_3293.jpg,Image_3293.jpg,YELLOW SWALLOW TAIL,73,224,224,3,JPEG,32218
Image_1236,train/Image_1236.jpg,Image_1236.jpg,MANGROVE SKIPPER,40,224,224,3,JPEG,25476
Image_3671,train/Image_3671.jpg,Image_3671.jpg,CHECQUERED SKIPPER,15,224,224,3,JPEG,25817
Image_749,train/Image_749.jpg,Image_749.jpg,CLEOPATRA,17,224,224,3,JPEG,22435
Image_5116,train/Image_5116.jpg,Image_5116.jpg,BLACK HAIRSTREAK,9,224,224,3,JPEG,22909
Image_1796,train/Image_1796.jpg,Image_1796.jpg,EASTERN COMA,26,224,224,3,JPEG,30687
Image_3806,train/Image_3806.jpg,Image_3806.jpg,CHECQUERED SKIPPER,15,224,224,3,JPEG,21194
Image_2623,train/Image_2623.jpg,Image_2623.jpg,CHECQUERED SKIPPER,15,224,224,3,JPEG,25717
Image_3265,train/Image_3265.jpg,Image_3265.jpg,COMMON BANDED AWL,20,224,224,3,JPEG,25241
Image_1195,train/Image_1195.jpg,Image_1195.jpg,COMMON BANDED AWL,20,224,224,3,JPEG,18373
Image_5953,train/Image_5953.jpg,Image_5953.jpg,BROWN SIPROETA,12,224,224,3,JPEG,31246
Image_3911,train/Image_3911.jpg,Image_3911.jpg,CABBAGE WHITE,13,224,224,3,JPEG,15055
Image_5446,train/Image_5446.jpg,Image_5446.jpg,MILBERTS TORTOISESHELL,43,224,224,3,JPEG,26765
Image_1144,train/Image_1144.jpg,Image_1144.jpg,PAPER KITE,50,224,224,3,JPEG,34654
Image_5,train/Image_5.jpg,Image_5.jpg,GREEN CELLED CATTLEHEART,33,224,224,3,JPEG,24498
Image_511,train/Image_511.jpg,Image_511.jpg,COPPER TAIL,22,224,224,3,JPEG,27584
Image_1249,train/Image_1249.jpg,Image_1249.jpg,CHECQUERED SKIPPER,15,224,224,3,JPEG,25635
Image_5980,train/Image_5980.jpg,Image_5980.jpg,SLEEPY ORANGE,64,224,224,3,JPEG,20991
Image_593,train/Image_593.jpg,Image_593.jpg,CLODIUS PARNASSIAN,18,224,224,3,JPEG,30658
Image_5771,train/Image_5771.jpg,Image_5771.jpg,STRAITED QUEEN,67,224,224,3,JPEG,26273
Image_25,train/Image_25.jpg,Image_25.jpg,CLOUDED SULPHUR,19,224,224,3,JPEG,29465
Image_295,train/Image_295.jpg,Image_295.jpg,ATALA,5,224,224,3,JPEG,23677
Image_6236,train/Image_6236.jpg,Image_6236.jpg,PAINTED LADY,49,224,224,3,JPEG,31478
Image_1490,train/Image_1490.jpg,Image_1490.jpg,GREEN CELLED CATTLEHEART,33,224,224,3,JPEG,18704
Image_3309,train/Image_3309.jpg,Image_3309.jpg,PAPER KITE,50,224,224,3,JPEG,31813
Image_3464,train/Image_3464.jpg,Image_3464.jpg,GREAT JAY,32,224,224,3,JPEG,21203
Image_4284,train/Image_4284.jpg,Image_4284.jpg,TROPICAL LEAFWING,68,224,224,3,JPEG,20695
Image_2845,train/Image_2845.jpg,Image_2845.jpg,ELBOWED PIERROT,29,224,224,3,JPEG,35893
Image_4079,train/Image_4079.jpg,Image_4079.jpg,RED ADMIRAL,58,224,224,3,JPEG,25940
Image_5397,train/Image_5397.jpg,Image_5397.jpg,YELLOW SWALLOW TAIL,73,224,224,3,JPEG,33105
Image_2265,train/Image_2265.jpg,Image_2265.jpg,MANGROVE SKIPPER,40,224,224,3,JPEG,20997
Image_5061,train/Image_5061.jpg,Image_5061.jpg,BANDED PEACOCK,7,224,224,3,JPEG,16713
Image_4506,train/Image_4506.jpg,Image_4506.jpg,RED POSTMAN,60,224,224,3,JPEG,23294
Image_4373,train/Image_4373.jpg,Image_4373.jpg,RED POSTMAN,60,224,224,3,JPEG,22615
Image_925,train/Image_925.jpg,Image_925.jpg,VICEROY,71,224,224,3,JPEG,33719
Image_6089,train/Image_6089.jpg,Image_6089.jpg,SLEEPY ORANGE,64,224,224,3,JPEG,24186
Image_4081,train/Image_4081.jpg,Image_4081.jpg,COMMON WOOD-NYMPH,21,224,224,3,JPEG,27722
Image_1665,train/Image_1665.jpg,Image_1665.jpg,CRECENT,23,224,224,3,JPEG,23263
Image_4991,train/Image_4991.jpg,Image_4991.jpg,RED ADMIRAL,58,224,224,3,JPEG,17629
Image_1848,train/Image_1848.jpg,Image_1848.jpg,COMMON BANDED AWL,20,224,224,3,JPEG,20997
Image_2451,train/Image_2451.jpg,Image_2451.jpg,CAIRNS BIRDWING,14,224,224,3,JPEG,32262
Image_3027,train/Image_3027.jpg,Image_3027.jpg,STRAITED QUEEN,67,224,224,3,JPEG,25700
Image_3228,train/Image_3228.jpg,Image_3228.jpg,ADONIS,0,224,224,3,JPEG,22446
Image_3584,train/Image_3584.jpg,Image_3584.jpg,SCARCE SWALLOW,62,224,224,3,JPEG,26241
Image_4581,train/Image_4581.jpg,Image_4581.jpg,GOLD BANDED,30,224,224,3,JPEG,23179
Image_4088,train/Image_4088.jpg,Image_4088.jpg,PIPEVINE SWALLOW,53,224,224,3,JPEG,27219
Image_1585,train/Image_1585.jpg,Image_1585.jpg,ATALA,5,224,224,3,JPEG,17519
Image_6062,train/Image_6062.jpg,Image_6062.jpg,PURPLISH COPPER,56,224,224,3,JPEG,25588
Image_1314,train/Image_1314.jpg,Image_1314.jpg,MANGROVE SKIPPER,40,224,224,3,JPEG,17240
Image_659,train/Image_659.jpg,Image_659.jpg,BANDED ORANGE HELICONIAN,6,224,224,3,JPEG,26520
Image_972,train/Image_972.jpg,Image_972.jpg,CHESTNUT,16,224,224,3,JPEG,30092
Image_1847,train/Image_1847.jpg,Image_1847.jpg,BLUE MORPHO,10,224,224,3,JPEG,22715
Image_987,train/Image_987.jpg,Image_987.jpg,METALMARK,42,224,224,3,JPEG,35337
Image_5841,train/Image_5841.jpg,Image_5841.jpg,COMMON WOOD-NYMPH,21,224,224,3,JPEG,34983
Image_604,train/Image_604.jpg,Image_604.jpg,MANGROVE SKIPPER,40,224,224,3,JPEG,21059
Image_1246,train/Image_1246.jpg,Image_1246.jpg,BANDED PEACOCK,7,224,224,3,JPEG,34512
Image_1481,train/Image_1481.jpg,Image_1481.jpg,GREAT EGGFLY,31,224,224,3,JPEG,36636
Image_497,train/Image_497.jpg,Image_497.jpg,RED SPOTTED PURPLE,61,224,224,3,JPEG,27772
Image_4654,train/Image_4654.jpg,Image_4654.jpg,APPOLLO,4,224,224,3,JPEG,22181
Image_3586,train/Image_3586.jpg,Image_3586.jpg,ELBOWED PIERROT,29,224,224,3,JPEG,29614
Image_5974,train/Image_5974.jpg,Image_5974.jpg,CAIRNS BIRDWING,14,224,224,3,JPEG,24869
Image_2039,train/Image_2039.jpg,Image_2039.jpg,SOUTHERN DOGFACE,66,224,224,3,JPEG,23293
Image_356,train/Image_356.jpg,Image_356.jpg,INDRA SWALLOW,35,224,224,3,JPEG,36780
Image_6410,train/Image_6410.jpg,Image_6410.jpg,CRECENT,23,224,224,3,JPEG,27709
Image_5434,train/Image_5434.jpg,Image_5434.jpg,ULYSES,70,224,224,3,JPEG,27549
Image_5824,train/Image_5824.jpg,Image_5824.jpg,BROWN SIPROETA,12,224,224,3,JPEG,35990
Image_5364,train/Image_5364.jpg,Image_5364.jpg,GREAT JAY,32,224,224,3,JPEG,27914
Image_4108,train/Image_4108.jpg,Image_4108.jpg,CHESTNUT,16,224,224,3,JPEG,22553
Image_4686,train/Image_4686.jpg,Image_4686.jpg,CRIMSON PATCH,24,224,224,3,JPEG,25292
Image_2013,train/Image_2013.jpg,Image_2013.jpg,MILBERTS TORTOISESHELL,43,224,224,3,JPEG,26002
Image_5294,train/Image_5294.jpg,Image_5294.jpg,SOUTHERN DOGFACE,66,224,224,3,JPEG,17932
Image_3452,train/Image_3452.jpg,Image_3452.jpg,BECKERS WHITE,8,224,224,3,JPEG,19977
Image_3519,train/Image_3519.jpg,Image_3519.jpg,STRAITED QUEEN,67,224,224,3,JPEG,30515
Image_2445,train/Image_2445.jpg,Image_2445.jpg,COMMON WOOD-NYMPH,21,224,224,3,JPEG,21299
Image_3839,train/Image_3839.jpg,Image_3839.jpg,PAPER KITE,50,224,224,3,JPEG,33922
Image_2896,train/Image_2896.jpg,Image_2896.jpg,VICEROY,71,224,224,3,JPEG,25179
Image_60,train/Image_60.jpg,Image_60.jpg,QUESTION MARK,57,224,224,3,JPEG,25836
Image_1230,train/Image_1230.jpg,Image_1230.jpg,STRAITED QUEEN,67,224,224,3,JPEG,24575
Image_2249,train/Image_2249.jpg,Image_2249.jpg,ORANGE OAKLEAF,46,224,224,3,JPEG,27879
Image_4425,train/Image_4425.jpg,Image_4425.jpg,MANGROVE SKIPPER,40,224,224,3,JPEG,19530
Image_2822,train/Image_2822.jpg,Image_2822.jpg,TWO BARRED FLASHER,69,224,224,3,JPEG,24251
Image_5421,train/Image_5421.jpg,Image_5421.jpg,PAINTED LADY,49,224,224,3,JPEG,25706
Image_6483,train/Image_6483.jpg,Image_6483.jpg,MALACHITE,39,224,224,3,JPEG,25426
Image_62,train/Image_62.jpg,Image_62.jpg,BLUE SPOTTED CROW,11,224,224,3,JPEG,15961
Image_3825,train/Image_3825.jpg,Image_3825.jpg,RED CRACKER,59,224,224,3,JPEG,36109
Image_1959,train/Image_1959.jpg,Image_1959.jpg,MILBERTS TORTOISESHELL,43,224,224,3,JPEG,22439
Image_4953,train/Image_4953.jpg,Image_4953.jpg,MESTRA,41,224,224,3,JPEG,28976
Image_4393,train/Image_4393.jpg,Image_4393.jpg,GOLD BANDED,30,224,224,3,JPEG,24956
Image_6196,train/Image_6196.jpg,Image_6196.jpg,JULIA,37,224,224,3,JPEG,17534
Image_4615,train/Image_4615.jpg,Image_4615.jpg,CLODIUS PARNASSIAN,18,224,224,3,JPEG,25911
Image_478,train/Image_478.jpg,Image_478.jpg,CRECENT,23,224,224,3,JPEG,26120
Image_3898,train/Image_3898.jpg,Image_3898.jpg,CLODIUS PARNASSIAN,18,224,224,3,JPEG,28652
Image_2810,train/Image_2810.jpg,Image_2810.jpg,ORANGE OAKLEAF,46,224,224,3,JPEG,25745
Image_4372,train/Image_4372.jpg,Image_4372.jpg,CLEOPATRA,17,224,224,3,JPEG,22916
Image_4926,train/Image_4926.jpg,Image_4926.jpg,WOOD SATYR,72,224,224,3,JPEG,21702
Image_5719,train/Image_5719.jpg,Image_5719.jpg,ATALA,5,224,224,3,JPEG,22993
Image_1099,train/Image_1099.jpg,Image_1099.jpg,WOOD SATYR,72,224,224,3,JPEG,26258
Image_4635,train/Image_4635.jpg,Image_4635.jpg,SOUTHERN DOGFACE,66,224,224,3,JPEG,25257
Image_3051,train/Image_3051.jpg,Image_3051.jpg,EASTERN COMA,26,224,224,3,JPEG,30917
Image_105,train/Image_105.jpg,Image_105.jpg,BROWN SIPROETA,12,224,224,3,JPEG,34808
Image_5057,train/Image_5057.jpg,Image_5057.jpg,MESTRA,41,224,224,3,JPEG,23033
Image_4026,train/Image_4026.jpg,Image_4026.jpg,COPPER TAIL,22,224,224,3,JPEG,24722
Image_609,train/Image_609.jpg,Image_609.jpg,CRECENT,23,224,224,3,JPEG,25904
Image_5917,train/Image_5917.jpg,Image_5917.jpg,MANGROVE SKIPPER,40,224,224,3,JPEG,24174
Image_5350,train/Image_5350.jpg,Image_5350.jpg,AMERICAN SNOOT,2,224,224,3,JPEG,25604
Image_5198,train/Image_5198.jpg,Image_5198.jpg,MESTRA,41,224,224,3,JPEG,22914
Image_435,train/Image_435.jpg,Image_435.jpg,YELLOW SWALLOW TAIL,73,224,224,3,JPEG,36650
Image_1783,train/Image_1783.jpg,Image_1783.jpg,MOURNING CLOAK,45,224,224,3,JPEG,25893
Image_3522,train/Image_3522.jpg,Image_3522.jpg,AMERICAN SNOOT,2,224,224,3,JPEG,21247
Image_4810,train/Image_4810.jpg,Image_4810.jpg,ELBOWED PIERROT,29,224,224,3,JPEG,24533
Image_3574,train/Image_3574.jpg,Image_3574.jpg,SILVER SPOT SKIPPER,63,224,224,3,JPEG,26594
Image_5803,train/Image_5803.jpg,Image_5803.jpg,PIPEVINE SWALLOW,53,224,224,3,JPEG,38973
Image_4950,train/Image_4950.jpg,Image_4950.jpg,ORANGE TIP,47,224,224,3,JPEG,20645
Image_3499,train/Image_3499.jpg,Image_3499.jpg,DANAID EGGFLY,25,224,224,3,JPEG,24119
Image_2329,train/Image_2329.jpg,Image_2329.jpg,RED CRACKER,59,224,224,3,JPEG,39581
Image_4712,train/Image_4712.jpg,Image_4712.jpg,PEACOCK,51,224,224,3,JPEG,30350
Image_1577,train/Image_1577.jpg,Image_1577.jpg,EASTERN PINE ELFIN,28,224,224,3,JPEG,27732
Image_2289,train/Image_2289.jpg,Image_2289.jpg,GREEN CELLED CATTLEHEART,33,224,224,3,JPEG,20867
Image_2771,train/Image_2771.jpg,Image_2771.jpg,EASTERN COMA,26,224,224,3,JPEG,34425
Image_3957,train/Image_3957.jpg,Image_3957.jpg,LARGE MARBLE,38,224,224,3,JPEG,30564
Image_2264,train/Image_2264.jpg,Image_2264.jpg,CHESTNUT,16,224,224,3,JPEG,24470
Image_5745,train/Image_5745.jpg,Image_5745.jpg,CHECQUERED SKIPPER,15,224,224,3,JPEG,28541
Image_1961,train/Image_1961.jpg,Image_1961.jpg,PINE WHITE,52,224,224,3,JPEG,19517
Image_5447,train/Image_5447.jpg,Image_5447.jpg,RED ADMIRAL,58,224,224,3,JPEG,20798
Image_6116,train/Image_6116.jpg,Image_6116.jpg,CLEOPATRA,17,224,224,3,JPEG,22871
Image_3814,train/Image_3814.jpg,Image_3814.jpg,CHECQUERED SKIPPER,15,224,224,3,JPEG,26962
Image_4973,train/Image_4973.jpg,Image_4973.jpg,ATALA,5,224,224,3,JPEG,17600
Image_350,train/Image_350.jpg,Image_350.jpg,RED POSTMAN,60,224,224,3,JPEG,20236
Image_2768,train/Image_2768.jpg,Image_2768.jpg,CLEOPATRA,17,224,224,3,JPEG,21646
Image_2273,train/Image_2273.jpg,Image_2273.jpg,BECKERS WHITE,8,224,224,3,JPEG,22838
Image_4771,train/Image_4771.jpg,Image_4771.jpg,GREAT JAY,32,224,224,3,JPEG,17037
Image_5654,train/Image_5654.jpg,Image_5654.jpg,GREAT JAY,32,224,224,3,JPEG,18053
Image_4955,train/Image_4955.jpg,Image_4955.jpg,ULYSES,70,224,224,3,JPEG,30746
Image_6317,train/Image_6317.jpg,Image_6317.jpg,INDRA SWALLOW,35,224,224,3,JPEG,37790
Image_2081,train/Image_2081.jpg,Image_2081.jpg,AFRICAN GIANT SWALLOWTAIL,1,224,224,3,JPEG,19945
Image_3121,train/Image_3121.jpg,Image_3121.jpg,RED SPOTTED PURPLE,61,224,224,3,JPEG,30392
Image_2190,train/Image_2190.jpg,Image_2190.jpg,COMMON WOOD-NYMPH,21,224,224,3,JPEG,29241
Image_6469,train/Image_6469.jpg,Image_6469.jpg,ATALA,5,224,224,3,JPEG,20406
Image_5224,train/Image_5224.jpg,Image_5224.jpg,CHECQUERED SKIPPER,15,224,224,3,JPEG,29273
Image_2221,train/Image_2221.jpg,Image_2221.jpg,AFRICAN GIANT SWALLOWTAIL,1,224,224,3,JPEG,23768
Image_2930,train/Image_2930.jpg,Image_2930.jpg,RED CRACKER,59,224,224,3,JPEG,31638
Image_4011,train/Image_4011.jpg,Image_4011.jpg,GREAT EGGFLY,31,224,224,3,JPEG,26810
Image_2425,train/Image_2425.jpg,Image_2425.jpg,WOOD SATYR,72,224,224,3,JPEG,26523
Image_1527,train/Image_1527.jpg,Image_1527.jpg,AN 88,3,224,224,3,JPEG,19701
Image_5175,train/Image_5175.jpg,Image_5175.jpg,BANDED ORANGE HELICONIAN,6,224,224,3,JPEG,26695
Image_3322,train/Image_3322.jpg,Image_3322.jpg,CLODIUS PARNASSIAN,18,224,224,3,JPEG,34779
Image_3779,train/Image_3779.jpg,Image_3779.jpg,PINE WHITE,52,224,224,3,JPEG,27241
Image_4791,train/Image_4791.jpg,Image_4791.jpg,GREAT EGGFLY,31,224,224,3,JPEG,23175
Image_4861,train/Image_4861.jpg,Image_4861.jpg,PURPLE HAIRSTREAK,55,224,224,3,JPEG,20900
Image_1267,train/Image_1267.jpg,Image_1267.jpg,ELBOWED PIERROT,29,224,224,3,JPEG,21016
Image_3996,train/Image_3996.jpg,Image_3996.jpg,SOUTHERN DOGFACE,66,224,224,3,JPEG,23210
Image_6433,train/Image_6433.jpg,Image_6433.jpg,EASTERN DAPPLE WHITE,27,224,224,3,JPEG,21248
Image_3172,train/Image_3172.jpg,Image_3172.jpg,MANGROVE SKIPPER,40,224,224,3,JPEG,28085
Image_374,train/Image_374.jpg,Image_374.jpg,AFRICAN GIANT SWALLOWTAIL,1,224,224,3,JPEG,26426
Image_5170,train/Image_5170.jpg,Image_5170.jpg,VICEROY,71,224,224,3,JPEG,30333
Image_1963,train/Image_1963.jpg,Image_1963.jpg,COPPER TAIL,22,224,224,3,JPEG,28529
Image_4190,train/Image_4190.jpg,Image_4190.jpg,ULYSES,70,224,224,3,JPEG,21676
Image_3649,train/Image_3649.jpg,Image_3649.jpg,BLUE MORPHO,10,224,224,3,JPEG,21267
Image_4469,train/Image_4469.jpg,Image_4469.jpg,MILBERTS TORTOISESHELL,43,224,224,3,JPEG,27991
Image_443,train/Image_443.jpg,Image_443.jpg,BANDED ORANGE HELICONIAN,6,224,224,3,JPEG,27019
Image_5788,train/Image_5788.jpg,Image_5788.jpg,GREY HAIRSTREAK,34,224,224,3,JPEG,20277
Image_2940,train/Image_2940.jpg,Image_2940.jpg,PAINTED LADY,49,224,224,3,JPEG,31000
Image_4059,train/Image_4059.jpg,Image_4059.jpg,EASTERN PINE ELFIN,28,224,224,3,JPEG,30063
Image_4510,train/Image_4510.jpg,Image_4510.jpg,APPOLLO,4,224,224,3,JPEG,28693
Image_250,train/Image_250.jpg,Image_250.jpg,STRAITED QUEEN,67,224,224,3,JPEG,22846
Image_6455,train/Image_6455.jpg,Image_6455.jpg,BLUE SPOTTED CROW,11,224,224,3,JPEG,22661
Image_425,train/Image_425.jpg,Image_425.jpg,COMMON BANDED AWL,20,224,224,3,JPEG,23630
Image_3726,train/Image_3726.jpg,Image_3726.jpg,ORCHARD SWALLOW,48,224,224,3,JPEG,21906
Image_484,train/Image_484.jpg,Image_484.jpg,BLUE MORPHO,10,224,224,3,JPEG,34178
Image_1506,train/Image_1506.jpg,Image_1506.jpg,PURPLE HAIRSTREAK,55,224,224,3,JPEG,19974
Image_1993,train/Image_1993.jpg,Image_1993.jpg,AN 88,3,224,224,3,JPEG,20447
Image_2079,train/Image_2079.jpg,Image_2079.jpg,GREY HAIRSTREAK,34,224,224,3,JPEG,24964
Image_4770,train/Image_4770.jpg,Image_4770.jpg,ORANGE OAKLEAF,46,224,224,3,JPEG,25592
Image_2650,train/Image_2650.jpg,Image_2650.jpg,POPINJAY,54,224,224,3,JPEG,31937
Image_3252,train/Image_3252.jpg,Image_3252.jpg,BECKERS WHITE,8,224,224,3,JPEG,23487
Image_1656,train/Image_1656.jpg,Image_1656.jpg,COMMON BANDED AWL,20,224,224,3,JPEG,16285
Image_4857,train/Image_4857.jpg,Image_4857.jpg,ADONIS,0,224,224,3,JPEG,19499
Image_826,train/Image_826.jpg,Image_826.jpg,MILBERTS TORTOISESHELL,43,224,224,3,JPEG,27204
Image_219,train/Image_219.jpg,Image_219.jpg,ULYSES,70,224,224,3,JPEG,22958
Image_2805,train/Image_2805.jpg,Image_2805.jpg,BECKERS WHITE,8,224,224,3,JPEG,31378
Image_3740,train/Image_3740.jpg,Image_3740.jpg,ADONIS,0,224,224,3,JPEG,27166
Image_3981,train/Image_3981.jpg,Image_3981.jpg,METALMARK,42,224,224,3,JPEG,19277
Image_5065,train/Image_5065.jpg,Image_5065.jpg,PIPEVINE SWALLOW,53,224,224,3,JPEG,25746
Image_4768,train/Image_4768.jpg,Image_4768.jpg,BLACK HAIRSTREAK,9,224,224,3,JPEG,22230
Image_4482,train/Image_4482.jpg,Image_4482.jpg,IPHICLUS SISTER,36,224,224,3,JPEG,24735
Image_4043,train/Image_4043.jpg,Image_4043.jpg,MANGROVE SKIPPER,40,224,224,3,JPEG,17145
Image_5086,train/Image_5086.jpg,Image_5086.jpg,CHESTNUT,16,224,224,3,JPEG,24048
Image_3202,train/Image_3202.jpg,Image_3202.jpg,TROPICAL LEAFWING,68,224,224,3,JPEG,28422
Image_1140,train/Image_1140.jpg,Image_1140.jpg,AN 88,3,224,224,3,JPEG,35641
Image_4918,train/Image_4918.jpg,Image_4918.jpg,INDRA SWALLOW,35,224,224,3,JPEG,28909
Image_1171,train/Image_1171.jpg,Image_1171.jpg,SLEEPY ORANGE,64,224,224,3,JPEG,25840
Image_1237,train/Image_1237.jpg,Image_1237.jpg,APPOLLO,4,224,224,3,JPEG,28971
Image_5003,train/Image_5003.jpg,Image_5003.jpg,ZEBRA LONG WING,74,224,224,3,JPEG,27116
Image_3253,train/Image_3253.jpg,Image_3253.jpg,ORCHARD SWALLOW,48,224,224,3,JPEG,25311
Image_4061,train/Image_4061.jpg,Image_4061.jpg,PURPLISH COPPER,56,224,224,3,JPEG,18997
Image_2060,train/Image_2060.jpg,Image_2060.jpg,CLOUDED SULPHUR,19,224,224,3,JPEG,20269
Image_1517,train/Image_1517.jpg,Image_1517.jpg,INDRA SWALLOW,35,224,224,3,JPEG,24138
Image_1704,train/Image_1704.jpg,Image_1704.jpg,MONARCH,44,224,224,3,JPEG,26975
Image_3876,train/Image_3876.jpg,Image_3876.jpg,PURPLISH COPPER,56,224,224,3,JPEG,19330
Image_3655,train/Image_3655.jpg,Image_3655.jpg,STRAITED QUEEN,67,224,224,3,JPEG,28966
Image_1744,train/Image_1744.jpg,Image_1744.jpg,PIPEVINE SWALLOW,53,224,224,3,JPEG,25642
Image_6325,train/Image_6325.jpg,Image_6325.jpg,BLACK HAIRSTREAK,9,224,224,3,JPEG,26135
Image_4112,train/Image_4112.jpg,Image_4112.jpg,SILVER SPOT SKIPPER,63,224,224,3,JPEG,23244
Image_6277,train/Image_6277.jpg,Image_6277.jpg,MOURNING CLOAK,45,224,224,3,JPEG,30718
Image_3786,train/Image_3786.jpg,Image_3786.jpg,TWO BARRED FLASHER,69,224,224,3,JPEG,21740
Image_4089,train/Image_4089.jpg,Image_4089.jpg,EASTERN PINE ELFIN,28,224,224,3,JPEG,20922
Image_4319,train/Image_4319.jpg,Image_4319.jpg,SOOTYWING,65,224,224,3,JPEG,23036
Image_3472,train/Image_3472.jpg,Image_3472.jpg,MANGROVE SKIPPER,40,224,224,3,JPEG,20577
Image_2219,train/Image_2219.jpg,Image_2219.jpg,CRIMSON PATCH,24,224,224,3,JPEG,18882
Image_3274,train/Image_3274.jpg,Image_3274.jpg,CRECENT,23,224,224,3,JPEG,37532
Image_3577,train/Image_3577.jpg,Image_3577.jpg,CAIRNS BIRDWING,14,224,224,3,JPEG,17758
Image_2639,train/Image_2639.jpg,Image_2639.jpg,COMMON BANDED AWL,20,224,224,3,JPEG,21280
Image_1774,train/Image_1774.jpg,Image_1774.jpg,APPOLLO,4,224,224,3,JPEG,26527
Image_4832,train/Image_4832.jpg,Image_4832.jpg,MANGROVE SKIPPER,40,224,224,3,JPEG,24289
Image_5112,train/Image_5112.jpg,Image_5112.jpg,EASTERN DAPPLE WHITE,27,224,224,3,JPEG,26144
Image_983,train/Image_983.jpg,Image_983.jpg,CHESTNUT,16,224,224,3,JPEG,26989
Image_5828,train/Image_5828.jpg,Image_5828.jpg,BANDED ORANGE HELICONIAN,6,224,224,3,JPEG,31706
Image_1553,train/Image_1553.jpg,Image_1553.jpg,CRECENT,23,224,224,3,JPEG,32864
Image_6321,train/Image_6321.jpg,Image_6321.jpg,ELBOWED PIERROT,29,224,224,3,JPEG,24629
Image_1503,train/Image_1503.jpg,Image_1503.jpg,PAPER KITE,50,224,224,3,JPEG,25854
Image_2171,train/Image_2171.jpg,Image_2171.jpg,YELLOW SWALLOW TAIL,73,224,224,3,JPEG,30151
Image_6137,train/Image_6137.jpg,Image_6137.jpg,TWO BARRED FLASHER,69,224,224,3,JPEG,23499
Image_110,train/Image_110.jpg,Image_110.jpg,PURPLISH COPPER,56,224,224,3,JPEG,28778
Image_5400,train/Image_5400.jpg,Image_5400.jpg,JULIA,37,224,224,3,JPEG,18122
Image_647,train/Image_647.jpg,Image_647.jpg,TROPICAL LEAFWING,68,224,224,3,JPEG,24942
Image_1575,train/Image_1575.jpg,Image_1575.jpg,CLOUDED SULPHUR,19,224,224,3,JPEG,12340
Image_4657,train/Image_4657.jpg,Image_4657.jpg,DANAID EGGFLY,25,224,224,3,JPEG,26607
Image_3347,train/Image_3347.jpg,Image_3347.jpg,CLOUDED SULPHUR,19,224,224,3,JPEG,17744
Image_730,train/Image_730.jpg,Image_730.jpg,RED ADMIRAL,58,224,224,3,JPEG,23847
Image_1244,train/Image_1244.jpg,Image_1244.jpg,PEACOCK,51,224,224,3,JPEG,34367
Image_273,train/Image_273.jpg,Image_273.jpg,BECKERS WHITE,8,224,224,3,JPEG,17766
Image_1384,train/Image_1384.jpg,Image_1384.jpg,ORANGE TIP,47,224,224,3,JPEG,23975
Image_5409,train/Image_5409.jpg,Image_5409.jpg,TWO BARRED FLASHER,69,224,224,3,JPEG,22417
Image_2537,train/Image_2537.jpg,Image_2537.jpg,RED SPOTTED PURPLE,61,224,224,3,JPEG,24342
Image_5800,train/Image_5800.jpg,Image_5800.jpg,GREAT EGGFLY,31,224,224,3,JPEG,26150
Image_1906,train/Image_1906.jpg,Image_1906.jpg,RED ADMIRAL,58,224,224,3,JPEG,18616
Image_482,train/Image_482.jpg,Image_482.jpg,EASTERN DAPPLE WHITE,27,224,224,3,JPEG,17420
Image_849,train/Image_849.jpg,Image_849.jpg,TROPICAL LEAFWING,68,224,224,3,JPEG,24806
Image_851,train/Image_851.jpg,Image_851.jpg,ORANGE TIP,47,224,224,3,JPEG,16969
Image_1610,train/Image_1610.jpg,Image_1610.jpg,ZEBRA LONG WING,74,224,224,3,JPEG,19413
Image_1026,train/Image_1026.jpg,Image_1026.jpg,CRECENT,23,224,224,3,JPEG,23823
Image_6415,train/Image_6415.jpg,Image_6415.jpg,GREY HAIRSTREAK,34,224,224,3,JPEG,22113
Image_6108,train/Image_6108.jpg,Image_6108.jpg,BANDED ORANGE HELICONIAN,6,224,224,3,JPEG,30006
Image_6147,train/Image_6147.jpg,Image_6147.jpg,DANAID EGGFLY,25,224,224,3,JPEG,21816
Image_2830,train/Image_2830.jpg,Image_2830.jpg,SLEEPY ORANGE,64,224,224,3,JPEG,22844
Image_1671,train/Image_1671.jpg,Image_1671.jpg,COMMON BANDED AWL,20,224,224,3,JPEG,23518
Image_4729,train/Image_4729.jpg,Image_4729.jpg,SOUTHERN DOGFACE,66,224,224,3,JPEG,21753
Image_1512,train/Image_1512.jpg,Image_1512.jpg,PIPEVINE SWALLOW,53,224,224,3,JPEG,32872
Image_3342,train/Image_3342.jpg,Image_3342.jpg,CHESTNUT,16,224,224,3,JPEG,19988
Image_2829,train/Image_2829.jpg,Image_2829.jpg,DANAID EGGFLY,25,224,224,3,JPEG,28845
Image_73,train/Image_73.jpg,Image_73.jpg,RED CRACKER,59,224,224,3,JPEG,32264
Image_4389,train/Image_4389.jpg,Image_4389.jpg,CAIRNS BIRDWING,14,224,224,3,JPEG,17378
Image_5882,train/Image_5882.jpg,Image_5882.jpg,GREAT EGGFLY,31,224,224,3,JPEG,25424
Image_1516,train/Image_1516.jpg,Image_1516.jpg,ELBOWED PIERROT,29,224,224,3,JPEG,26789
Image_5231,train/Image_5231.jpg,Image_5231.jpg,SOOTYWING,65,224,224,3,JPEG,22719
Image_1809,train/Image_1809.jpg,Image_1809.jpg,METALMARK,42,224,224,3,JPEG,20084
Image_5363,train/Image_5363.jpg,Image_5363.jpg,AN 88,3,224,224,3,JPEG,26448
Image_6256,train/Image_6256.jpg,Image_6256.jpg,CRIMSON PATCH,24,224,224,3,JPEG,27997
Image_5382,train/Image_5382.jpg,Image_5382.jpg,MOURNING CLOAK,45,224,224,3,JPEG,33137
Image_2144,train/Image_2144.jpg,Image_2144.jpg,MILBERTS TORTOISESHELL,43,224,224,3,JPEG,29113
Image_829,train/Image_829.jpg,Image_829.jpg,ORANGE OAKLEAF,46,224,224,3,JPEG,29986
Image_5216,train/Image_5216.jpg,Image_5216.jpg,STRAITED QUEEN,67,224,224,3,JPEG,27990
Image_272,train/Image_272.jpg,Image_272.jpg,SLEEPY ORANGE,64,224,224,3,JPEG,26225
Image_6270,train/Image_6270.jpg,Image_6270.jpg,CLEOPATRA,17,224,224,3,JPEG,24029
Image_4259,train/Image_4259.jpg,Image_4259.jpg,BLUE SPOTTED CROW,11,224,224,3,JPEG,19700
Image_5542,train/Image_5542.jpg,Image_5542.jpg,ADONIS,0,224,224,3,JPEG,27932
Image_1609,train/Image_1609.jpg,Image_1609.jpg,VICEROY,71,224,224,3,JPEG,26578
Image_3967,train/Image_3967.jpg,Image_3967.jpg,EASTERN COMA,26,224,224,3,JPEG,28264
Image_927,train/Image_927.jpg,Image_927.jpg,ELBOWED PIERROT,29,224,224,3,JPEG,19218
Image_657,train/Image_657.jpg,Image_657.jpg,ULYSES,70,224,224,3,JPEG,27581
Image_5062,train/Image_5062.jpg,Image_5062.jpg,CAIRNS BIRDWING,14,224,224,3,JPEG,14532
Image_5614,train/Image_5614.jpg,Image_5614.jpg,CLOUDED SULPHUR,19,224,224,3,JPEG,20979
Image_6388,train/Image_6388.jpg,Image_6388.jpg,BANDED PEACOCK,7,224,224,3,JPEG,25784
Image_2189,train/Image_2189.jpg,Image_2189.jpg,ORANGE TIP,47,224,224,3,JPEG,19951
Image_6164,train/Image_6164.jpg,Image_6164.jpg,CRIMSON PATCH,24,224,224,3,JPEG,32858
Image_3530,train/Image_3530.jpg,Image_3530.jpg,CABBAGE WHITE,13,224,224,3,JPEG,23706
Image_2024,train/Image_2024.jpg,Image_2024.jpg,JULIA,37,224,224,3,JPEG,26513
Image_5180,train/Image_5180.jpg,Image_5180.jpg,ORCHARD SWALLOW,48,224,224,3,JPEG,21940
Image_470,train/Image_470.jpg,Image_470.jpg,MALACHITE,39,224,224,3,JPEG,24126
Image_3894,train/Image_3894.jpg,Image_3894.jpg,MOURNING CLOAK,45,224,224,3,JPEG,32327
Image_433,train/Image_433.jpg,Image_433.jpg,DANAID EGGFLY,25,224,224,3,JPEG,25093
Image_1770,train/Image_1770.jpg,Image_1770.jpg,RED POSTMAN,60,224,224,3,JPEG,19846
Image_4578,train/Image_4578.jpg,Image_4578.jpg,BLUE MORPHO,10,224,224,3,JPEG,32875
Image_5960,train/Image_5960.jpg,Image_5960.jpg,GOLD BANDED,30,224,224,3,JPEG,22644
Image_544,train/Image_544.jpg,Image_544.jpg,MOURNING CLOAK,45,224,224,3,JPEG,24059
Image_4136,train/Image_4136.jpg,Image_4136.jpg,EASTERN COMA,26,224,224,3,JPEG,38493
Image_1177,train/Image_1177.jpg,Image_1177.jpg,BANDED PEACOCK,7,224,224,3,JPEG,26799
Image_248,train/Image_248.jpg,Image_248.jpg,GREEN CELLED CATTLEHEART,33,224,224,3,JPEG,17998
Image_3684,train/Image_3684.jpg,Image_3684.jpg,MESTRA,41,224,224,3,JPEG,21032
Image_1197,train/Image_1197.jpg,Image_1197.jpg,EASTERN COMA,26,224,224,3,JPEG,26068
Image_2552,train/Image_2552.jpg,Image_2552.jpg,PINE WHITE,52,224,224,3,JPEG,26567
Image_5428,train/Image_5428.jpg,Image_5428.jpg,CLEOPATRA,17,224,224,3,JPEG,18762
Image_1594,train/Image_1594.jpg,Image_1594.jpg,STRAITED QUEEN,67,224,224,3,JPEG,24788
Image_1586,train/Image_1586.jpg,Image_1586.jpg,CLEOPATRA,17,224,224,3,JPEG,15138
Image_2825,train/Image_2825.jpg,Image_2825.jpg,GREAT JAY,32,224,224,3,JPEG,18180
Image_6141,train/Image_6141.jpg,Image_6141.jpg,CLEOPATRA,17,224,224,3,JPEG,24267
Image_499,train/Image_499.jpg,Image_499.jpg,DANAID EGGFLY,25,224,224,3,JPEG,25827
Image_4975,train/Image_4975.jpg,Image_4975.jpg,EASTERN COMA,26,224,224,3,JPEG,26183
Image_5001,train/Image_5001.jpg,Image_5001.jpg,SCARCE SWALLOW,62,224,224,3,JPEG,33048
Image_4177,train/Image_4177.jpg,Image_4177.jpg,RED CRACKER,59,224,224,3,JPEG,19993
Image_6047,train/Image_6047.jpg,Image_6047.jpg,COPPER TAIL,22,224,224,3,JPEG,26847
Image_5471,train/Image_5471.jpg,Image_5471.jpg,WOOD SATYR,72,224,224,3,JPEG,32204
Image_2274,train/Image_2274.jpg,Image_2274.jpg,COPPER TAIL,22,224,224,3,JPEG,30533
Image_6474,train/Image_6474.jpg,Image_6474.jpg,PIPEVINE SWALLOW,53,224,224,3,JPEG,27122
Image_6058,train/Image_6058.jpg,Image_6058.jpg,PIPEVINE SWALLOW,53,224,224,3,JPEG,33184
Image_5977,train/Image_5977.jpg,Image_5977.jpg,CRECENT,23,224,224,3,JPEG,33324
Image_3107,train/Image_3107.jpg,Image_3107.jpg,PAINTED LADY,49,224,224,3,JPEG,23481
Image_942,train/Image_942.jpg,Image_942.jpg,GREEN CELLED CATTLEHEART,33,224,224,3,JPEG,23255
Image_6362,train/Image_6362.jpg,Image_6362.jpg,SCARCE SWALLOW,62,224,224,3,JPEG,28204
Image_4816,train/Image_4816.jpg,Image_4816.jpg,DANAID EGGFLY,25,224,224,3,JPEG,35581
Image_3505,train/Image_3505.jpg,Image_3505.jpg,CRIMSON PATCH,24,224,224,3,JPEG,26149
Image_4813,train/Image_4813.jpg,Image_4813.jpg,SLEEPY ORANGE,64,224,224,3,JPEG,22890
Image_4131,train/Image_4131.jpg,Image_4131.jpg,BANDED ORANGE HELICONIAN,6,224,224,3,JPEG,21745
Image_1602,train/Image_1602.jpg,Image_1602.jpg,CHESTNUT,16,224,224,3,JPEG,29231
Image_5331,train/Image_5331.jpg,Image_5331.jpg,SCARCE SWALLOW,62,224,224,3,JPEG,20606
Image_1914,train/Image_1914.jpg,Image_1914.jpg,SCARCE SWALLOW,62,224,224,3,JPEG,34119
Image_3504,train/Image_3504.jpg,Image_3504.jpg,MONARCH,44,224,224,3,JPEG,27937
Image_763,train/Image_763.jpg,Image_763.jpg,SOUTHERN DOGFACE,66,224,224,3,JPEG,17344
Image_4626,train/Image_4626.jpg,Image_4626.jpg,SLEEPY ORANGE,64,224,224,3,JPEG,25480
Image_5283,train/Image_5283.jpg,Image_5283.jpg,STRAITED QUEEN,67,224,224,3,JPEG,33058
Image_515,train/Image_515.jpg,Image_515.jpg,YELLOW SWALLOW TAIL,73,224,224,3,JPEG,30517
Image_2087,train/Image_2087.jpg,Image_2087.jpg,PAPER KITE,50,224,224,3,JPEG,31900
Image_502,train/Image_502.jpg,Image_502.jpg,ULYSES,70,224,224,3,JPEG,23396
Image_3940,train/Image_3940.jpg,Image_3940.jpg,EASTERN COMA,26,224,224,3,JPEG,27671
Image_5256,train/Image_5256.jpg,Image_5256.jpg,CHECQUERED SKIPPER,15,224,224,3,JPEG,19241
Image_4094,train/Image_4094.jpg,Image_4094.jpg,CLEOPATRA,17,224,224,3,JPEG,19459
Image_679,train/Image_679.jpg,Image_679.jpg,ELBOWED PIERROT,29,224,224,3,JPEG,23934
Image_1746,train/Image_1746.jpg,Image_1746.jpg,RED ADMIRAL,58,224,224,3,JPEG,23633
Image_1055,train/Image_1055.jpg,Image_1055.jpg,BANDED PEACOCK,7,224,224,3,JPEG,33652
Image_240,train/Image_240.jpg,Image_240.jpg,COPPER TAIL,22,224,224,3,JPEG,27319
Image_2006,train/Image_2006.jpg,Image_2006.jpg,ORANGE OAKLEAF,46,224,224,3,JPEG,30721
Image_1226,train/Image_1226.jpg,Image_1226.jpg,ORCHARD SWALLOW,48,224,224,3,JPEG,29083
Image_1375,train/Image_1375.jpg,Image_1375.jpg,CLOUDED SULPHUR,19,224,224,3,JPEG,26890
Image_3657,train/Image_3657.jpg,Image_3657.jpg,CHECQUERED SKIPPER,15,224,224,3,JPEG,28422
Image_6292,train/Image_6292.jpg,Image_6292.jpg,DANAID EGGFLY,25,224,224,3,JPEG,23665
Image_165,train/Image_165.jpg,Image_165.jpg,PURPLISH COPPER,56,224,224,3,JPEG,15940
Image_1560,train/Image_1560.jpg,Image_1560.jpg,DANAID EGGFLY,25,224,224,3,JPEG,26418
Image_1731,train/Image_1731.jpg,Image_1731.jpg,PURPLE HAIRSTREAK,55,224,224,3,JPEG,26190
Image_2357,train/Image_2357.jpg,Image_2357.jpg,MILBERTS TORTOISESHELL,43,224,224,3,JPEG,25147
Image_2960,train/Image_2960.jpg,Image_2960.jpg,ADONIS,0,224,224,3,JPEG,30858
Image_5292,train/Image_5292.jpg,Image_5292.jpg,QUESTION MARK,57,224,224,3,JPEG,28238
Image_5871,train/Image_5871.jpg,Image_5871.jpg,PINE WHITE,52,224,224,3,JPEG,19067
Image_4347,train/Image_4347.jpg,Image_4347.jpg,BANDED PEACOCK,7,224,224,3,JPEG,21031
Image_893,train/Image_893.jpg,Image_893.jpg,GREAT EGGFLY,31,224,224,3,JPEG,26183
Image_2502,train/Image_2502.jpg,Image_2502.jpg,QUESTION MARK,57,224,224,3,JPEG,28798
Image_512,train/Image_512.jpg,Image_512.jpg,POPINJAY,54,224,224,3,JPEG,24570
Image_908,train/Image_908.jpg,Image_908.jpg,QUESTION MARK,57,224,224,3,JPEG,15089
Image_2500,train/Image_2500.jpg,Image_2500.jpg,PAPER KITE,50,224,224,3,JPEG,23536
Image_606,train/Image_606.jpg,Image_606.jpg,CABBAGE WHITE,13,224,224,3,JPEG,27849
Image_1551,train/Image_1551.jpg,Image_1551.jpg,ATALA,5,224,224,3,JPEG,19607
Image_2750,train/Image_2750.jpg,Image_2750.jpg,PURPLISH COPPER,56,224,224,3,JPEG,40995
Image_4202,train/Image_4202.jpg,Image_4202.jpg,PEACOCK,51,224,224,3,JPEG,22084
Image_5899,train/Image_5899.jpg,Image_5899.jpg,SCARCE SWALLOW,62,224,224,3,JPEG,33016
Image_1920,train/Image_1920.jpg,Image_1920.jpg,BLUE MORPHO,10,224,224,3,JPEG,27606
Image_967,train/Image_967.jpg,Image_967.jpg,COPPER TAIL,22,224,224,3,JPEG,24703
Image_2824,train/Image_2824.jpg,Image_2824.jpg,MONARCH,44,224,224,3,JPEG,23894
Image_4829,train/Image_4829.jpg,Image_4829.jpg,MONARCH,44,224,224,3,JPEG,25890
Image_3281,train/Image_3281.jpg,Image_3281.jpg,COMMON WOOD-NYMPH,21,224,224,3,JPEG,31297
Image_1306,train/Image_1306.jpg,Image_1306.jpg,VICEROY,71,224,224,3,JPEG,34260
Image_6020,train/Image_6020.jpg,Image_6020.jpg,MOURNING CLOAK,45,224,224,3,JPEG,23612
Image_5077,train/Image_5077.jpg,Image_5077.jpg,BLUE SPOTTED CROW,11,224,224,3,JPEG,20650
Image_728,train/Image_728.jpg,Image_728.jpg,STRAITED QUEEN,67,224,224,3,JPEG,24544
Image_2093,train/Image_2093.jpg,Image_2093.jpg,AMERICAN SNOOT,2,224,224,3,JPEG,24113
Image_2952,train/Image_2952.jpg,Image_2952.jpg,JULIA,37,224,224,3,JPEG,25554
Image_1059,train/Image_1059.jpg,Image_1059.jpg,CHESTNUT,16,224,224,3,JPEG,29383
Image_4110,train/Image_4110.jpg,Image_4110.jpg,POPINJAY,54,224,224,3,JPEG,35954
Image_2965,train/Image_2965.jpg,Image_2965.jpg,CLOUDED SULPHUR,19,224,224,3,JPEG,24553
Image_2585,train/Image_2585.jpg,Image_2585.jpg,ORANGE TIP,47,224,224,3,JPEG,31076
Image_4987,train/Image_4987.jpg,Image_4987.jpg,PURPLE HAIRSTREAK,55,224,224,3,JPEG,27289
Image_612,train/Image_612.jpg,Image_612.jpg,VICEROY,71,224,224,3,JPEG,30173
Image_2237,train/Image_2237.jpg,Image_2237.jpg,BANDED ORANGE HELICONIAN,6,224,224,3,JPEG,28126
Image_1825,train/Image_1825.jpg,Image_1825.jpg,MESTRA,41,224,224,3,JPEG,33523
Image_4620,train/Image_4620.jpg,Image_4620.jpg,QUESTION MARK,57,224,224,3,JPEG,30309
Image_4414,train/Image_4414.jpg,Image_4414.jpg,ORANGE TIP,47,224,224,3,JPEG,25043
Image_1223,train/Image_1223.jpg,Image_1223.jpg,SOOTYWING,65,224,224,3,JPEG,24795
Image_811,train/Image_811.jpg,Image_811.jpg,MOURNING CLOAK,45,224,224,3,JPEG,41292
Image_4432,train/Image_4432.jpg,Image_4432.jpg,MALACHITE,39,224,224,3,JPEG,26375
Image_1482,train/Image_1482.jpg,Image_1482.jpg,CLOUDED SULPHUR,19,224,224,3,JPEG,23234
Image_5104,train/Image_5104.jpg,Image_5104.jpg,VICEROY,71,224,224,3,JPEG,38444
Image_5872,train/Image_5872.jpg,Image_5872.jpg,JULIA,37,224,224,3,JPEG,22142
Image_3845,train/Image_3845.jpg,Image_3845.jpg,CLODIUS PARNASSIAN,18,224,224,3,JPEG,13392
Image_1714,train/Image_1714.jpg,Image_1714.jpg,YELLOW SWALLOW TAIL,73,224,224,3,JPEG,34506
Image_5154,train/Image_5154.jpg,Image_5154.jpg,RED ADMIRAL,58,224,224,3,JPEG,23860
Image_1800,train/Image_1800.jpg,Image_1800.jpg,CLODIUS PARNASSIAN,18,224,224,3,JPEG,17969
Image_1793,train/Image_1793.jpg,Image_1793.jpg,COMMON BANDED AWL,20,224,224,3,JPEG,27653
Image_5987,train/Image_5987.jpg,Image_5987.jpg,LARGE MARBLE,38,224,224,3,JPEG,27428
Image_1080,train/Image_1080.jpg,Image_1080.jpg,GREAT JAY,32,224,224,3,JPEG,26782
Image_3935,train/Image_3935.jpg,Image_3935.jpg,SCARCE SWALLOW,62,224,224,3,JPEG,35274
Image_3488,train/Image_3488.jpg,Image_3488.jpg,RED CRACKER,59,224,224,3,JPEG,23775
Image_2004,train/Image_2004.jpg,Image_2004.jpg,PAPER KITE,50,224,224,3,JPEG,29558
Image_4356,train/Image_4356.jpg,Image_4356.jpg,QUESTION MARK,57,224,224,3,JPEG,32551
Image_1212,train/Image_1212.jpg,Image_1212.jpg,AN 88,3,224,224,3,JPEG,19159
Image_3617,train/Image_3617.jpg,Image_3617.jpg,GREEN CELLED CATTLEHEART,33,224,224,3,JPEG,25226
Image_412,train/Image_412.jpg,Image_412.jpg,TROPICAL LEAFWING,68,224,224,3,JPEG,29685
Image_96,train/Image_96.jpg,Image_96.jpg,GOLD BANDED,30,224,224,3,JPEG,23508
Image_2915,train/Image_2915.jpg,Image_2915.jpg,QUESTION MARK,57,224,224,3,JPEG,24595
Image_4859,train/Image_4859.jpg,Image_4859.jpg,GOLD BANDED,30,224,224,3,JPEG,20105
Image_332,train/Image_332.jpg,Image_332.jpg,BLACK HAIRSTREAK,9,224,224,3,JPEG,28202
Image_4120,train/Image_4120.jpg,Image_4120.jpg,CLODIUS PARNASSIAN,18,224,224,3,JPEG,29787
Image_3319,train/Image_3319.jpg,Image_3319.jpg,INDRA SWALLOW,35,224,224,3,JPEG,31931
Image_3195,train/Image_3195.jpg,Image_3195.jpg,BLACK HAIRSTREAK,9,224,224,3,JPEG,21614
Image_3030,train/Image_3030.jpg,Image_3030.jpg,WOOD SATYR,72,224,224,3,JPEG,30805
Image_232,train/Image_232.jpg,Image_232.jpg,CRIMSON PATCH,24,224,224,3,JPEG,28252
Image_3308,train/Image_3308.jpg,Image_3308.jpg,PURPLISH COPPER,56,224,224,3,JPEG,25652
Image_4434,train/Image_4434.jpg,Image_4434.jpg,ATALA,5,224,224,3,JPEG,29015
Image_1070,train/Image_1070.jpg,Image_1070.jpg,AFRICAN GIANT SWALLOWTAIL,1,224,224,3,JPEG,14977
Image_5844,train/Image_5844.jpg,Image_5844.jpg,MANGROVE SKIPPER,40,224,224,3,JPEG,26249
Image_4643,train/Image_4643.jpg,Image_4643.jpg,ADONIS,0,224,224,3,JPEG,24746
Image_6026,train/Image_6026.jpg,Image_6026.jpg,BANDED ORANGE HELICONIAN,6,224,224,3,JPEG,25418
Image_2712,train/Image_2712.jpg,Image_2712.jpg,CRIMSON PATCH,24,224,224,3,JPEG,29865
Image_4408,train/Image_4408.jpg,Image_4408.jpg,APPOLLO,4,224,224,3,JPEG,28961
Image_1634,train/Image_1634.jpg,Image_1634.jpg,ATALA,5,224,224,3,JPEG,24578
Image_5316,train/Image_5316.jpg,Image_5316.jpg,BLUE MORPHO,10,224,224,3,JPEG,32277
Image_6288,train/Image_6288.jpg,Image_6288.jpg,PURPLISH COPPER,56,224,224,3,JPEG,24036
Image_2380,train/Image_2380.jpg,Image_2380.jpg,INDRA SWALLOW,35,224,224,3,JPEG,30392
Image_6476,train/Image_6476.jpg,Image_6476.jpg,PEACOCK,51,224,224,3,JPEG,23882
Image_1383,train/Image_1383.jpg,Image_1383.jpg,CABBAGE WHITE,13,224,224,3,JPEG,17511
Image_209,train/Image_209.jpg,Image_209.jpg,PURPLISH COPPER,56,224,224,3,JPEG,19147
Image_4117,train/Image_4117.jpg,Image_4117.jpg,ADONIS,0,224,224,3,JPEG,25809
Image_3950,train/Image_3950.jpg,Image_3950.jpg,SLEEPY ORANGE,64,224,224,3,JPEG,32158
Image_2409,train/Image_2409.jpg,Image_2409.jpg,ADONIS,0,224,224,3,JPEG,31361
Image_2975,train/Image_2975.jpg,Image_2975.jpg,IPHICLUS SISTER,36,224,224,3,JPEG,23912
Image_4195,train/Image_4195.jpg,Image_4195.jpg,RED SPOTTED PURPLE,61,224,224,3,JPEG,28995
Image_4176,train/Image_4176.jpg,Image_4176.jpg,LARGE MARBLE,38,224,224,3,JPEG,26162
Image_4009,train/Image_4009.jpg,Image_4009.jpg,ADONIS,0,224,224,3,JPEG,29683
Image_5599,train/Image_5599.jpg,Image_5599.jpg,PEACOCK,51,224,224,3,JPEG,39344
Image_3359,train/Image_3359.jpg,Image_3359.jpg,DANAID EGGFLY,25,224,224,3,JPEG,23322
Image_2707,train/Image_2707.jpg,Image_2707.jpg,GREAT EGGFLY,31,224,224,3,JPEG,21571
Image_567,train/Image_567.jpg,Image_567.jpg,BANDED ORANGE HELICONIAN,6,224,224,3,JPEG,24430
Image_5674,train/Image_5674.jpg,Image_5674.jpg,ORANGE TIP,47,224,224,3,JPEG,28870
Image_4937,train/Image_4937.jpg,Image_4937.jpg,PAINTED LADY,49,224,224,3,JPEG,25921
Image_5323,train/Image_5323.jpg,Image_5323.jpg,BLUE SPOTTED CROW,11,224,224,3,JPEG,22039
Image_2801,train/Image_2801.jpg,Image_2801.jpg,PAINTED LADY,49,224,224,3,JPEG,28655
Image_5327,train/Image_5327.jpg,Image_5327.jpg,GREAT JAY,32,224,224,3,JPEG,16342
Image_3960,train/Image_3960.jpg,Image_3960.jpg,EASTERN COMA,26,224,224,3,JPEG,30785
Image_4881,train/Image_4881.jpg,Image_4881.jpg,ULYSES,70,224,224,3,JPEG,26867
Image_1766,train/Image_1766.jpg,Image_1766.jpg,ELBOWED PIERROT,29,224,224,3,JPEG,25611
Image_3661,train/Image_3661.jpg,Image_3661.jpg,SLEEPY ORANGE,64,224,224,3,JPEG,30955
Image_2136,train/Image_2136.jpg,Image_2136.jpg,MILBERTS TORTOISESHELL,43,224,224,3,JPEG,33262
Image_5969,train/Image_5969.jpg,Image_5969.jpg,APPOLLO,4,224,224,3,JPEG,15813
Image_5968,train/Image_5968.jpg,Image_5968.jpg,CRIMSON PATCH,24,224,224,3,JPEG,24311
Image_4847,train/Image_4847.jpg,Image_4847.jpg,EASTERN DAPPLE WHITE,27,224,224,3,JPEG,17201
Image_534,train/Image_534.jpg,Image_534.jpg,AMERICAN SNOOT,2,224,224,3,JPEG,20411
Image_3890,train/Image_3890.jpg,Image_3890.jpg,SOOTYWING,65,224,224,3,JPEG,23265
Image_2767,train/Image_2767.jpg,Image_2767.jpg,MANGROVE SKIPPER,40,224,224,3,JPEG,28025
Image_2226,train/Image_2226.jpg,Image_2226.jpg,PAINTED LADY,49,224,224,3,JPEG,19498
Image_61,train/Image_61.jpg,Image_61.jpg,INDRA SWALLOW,35,224,224,3,JPEG,36399
Image_5187,train/Image_5187.jpg,Image_5187.jpg,POPINJAY,54,224,224,3,JPEG,33092
Image_1410,train/Image_1410.jpg,Image_1410.jpg,BLUE MORPHO,10,224,224,3,JPEG,30920
